{
  "type": "FeatureCollection",
  "metadata": {
    "title": "Bus stops near current Atlas sample projects",
    "source": "OpenStreetMap contributors via Overpass",
    "source_url": "https://www.openstreetmap.org/copyright",
    "endpoint": "https://overpass.kumi.systems/api/interpreter",
    "attribution": "© OpenStreetMap contributors",
    "license": "ODbL",
    "bbox": [
      10.69,
      106.62,
      10.93,
      106.88
    ],
    "reviewed": false,
    "observed_at": "2026-10-09T07:49:40.289Z",
    "commercial_use_note": "Respect attribution and ODbL requirements. Check actual timetable with official operator.",
    "record_count": 1223
  },
  "features": [
    {
      "type": "Feature",
      "id": "node/411921743",
      "properties": {
        "name": "Khách sạn Sofitel",
        "category": "bus_stop",
        "osm_id": "node/411921743",
        "operator": null,
        "osm_url": "https://www.openstreetmap.org/node/411921743",
        "data_source": "openstreetmap",
        "verified_official": false,
        "position_type": "osm_recorded",
        "last_checked": "2026-10-09"
      },
      "geometry": {
        "type": "Point",
        "coordinates": [
          106.7022474,
          10.784146
        ]
      }
    },
    {
      "type": "Feature",
      "id": "node/1171587740",
      "properties": {
        "name": "Nhà thờ Hàng Xanh",
        "category": "bus_stop",
        "osm_id": "node/1171587740",
        "operator": null,
        "osm_url": "https://www.openstreetmap.org/node/1171587740",
        "data_source": "openstreetmap",
        "verified_official": false,
        "position_type": "osm_recorded",
        "last_checked": "2026-10-09"
      },
      "geometry": {
        "type": "Point",
        "coordinates": [
          106.7080886,
          10.8031651
        ]
      }
    },
    {
      "type": "Feature",
      "id": "node/1204093501",
      "properties": {
        "name": "Chùa Bồ Đề",
        "category": "bus_stop",
        "osm_id": "node/1204093501",
        "operator": null,
        "osm_url": "https://www.openstreetmap.org/node/1204093501",
        "data_source": "openstreetmap",
        "verified_official": false,
        "position_type": "osm_recorded",
        "last_checked": "2026-10-09"
      },
      "geometry": {
        "type": "Point",
        "coordinates": [
          106.7040522,
          10.8034539
        ]
      }
    },
    {
      "type": "Feature",
      "id": "node/1226494771",
      "properties": {
        "name": "Nhà thờ Hàng Xanh",
        "category": "bus_stop",
        "osm_id": "node/1226494771",
        "operator": null,
        "osm_url": "https://www.openstreetmap.org/node/1226494771",
        "data_source": "openstreetmap",
        "verified_official": false,
        "position_type": "osm_recorded",
        "last_checked": "2026-10-09"
      },
      "geometry": {
        "type": "Point",
        "coordinates": [
          106.7067035,
          10.8030956
        ]
      }
    },
    {
      "type": "Feature",
      "id": "node/1497313167",
      "properties": {
        "name": "Đại học Hồng Bàng",
        "category": "bus_stop",
        "osm_id": "node/1497313167",
        "operator": null,
        "osm_url": "https://www.openstreetmap.org/node/1497313167",
        "data_source": "openstreetmap",
        "verified_official": false,
        "position_type": "osm_recorded",
        "last_checked": "2026-10-09"
      },
      "geometry": {
        "type": "Point",
        "coordinates": [
          106.7062401,
          10.7997324
        ]
      }
    },
    {
      "type": "Feature",
      "id": "node/1756323428",
      "properties": {
        "name": "Trạm Xe Bus Co.op Mart Nguyễn Văn Linh",
        "category": "bus_stop",
        "osm_id": "node/1756323428",
        "operator": null,
        "osm_url": "https://www.openstreetmap.org/node/1756323428",
        "data_source": "openstreetmap",
        "verified_official": false,
        "position_type": "osm_recorded",
        "last_checked": "2026-10-09"
      },
      "geometry": {
        "type": "Point",
        "coordinates": [
          106.7099463,
          10.7291524
        ]
      }
    },
    {
      "type": "Feature",
      "id": "node/2673074380",
      "properties": {
        "name": "Cầu Đen",
        "category": "bus_stop",
        "osm_id": "node/2673074380",
        "operator": null,
        "osm_url": "https://www.openstreetmap.org/node/2673074380",
        "data_source": "openstreetmap",
        "verified_official": false,
        "position_type": "osm_recorded",
        "last_checked": "2026-10-09"
      },
      "geometry": {
        "type": "Point",
        "coordinates": [
          106.7342359,
          10.8004536
        ]
      }
    },
    {
      "type": "Feature",
      "id": "node/2949031633",
      "properties": {
        "name": "Đại Học Khoa học Tự Nhiên",
        "category": "bus_stop",
        "osm_id": "node/2949031633",
        "operator": null,
        "osm_url": "https://www.openstreetmap.org/node/2949031633",
        "data_source": "openstreetmap",
        "verified_official": false,
        "position_type": "osm_recorded",
        "last_checked": "2026-10-09"
      },
      "geometry": {
        "type": "Point",
        "coordinates": [
          106.8000425,
          10.8743886
        ]
      }
    },
    {
      "type": "Feature",
      "id": "node/2984626239",
      "properties": {
        "name": "Bến xe buýt Khu A Đại học Quốc gia",
        "category": "bus_stop",
        "osm_id": "node/2984626239",
        "operator": null,
        "osm_url": "https://www.openstreetmap.org/node/2984626239",
        "data_source": "openstreetmap",
        "verified_official": false,
        "position_type": "osm_recorded",
        "last_checked": "2026-10-09"
      },
      "geometry": {
        "type": "Point",
        "coordinates": [
          106.8030639,
          10.8736168
        ]
      }
    },
    {
      "type": "Feature",
      "id": "node/3016612589",
      "properties": {
        "name": "Bảo tàng Tôn Đức Thắng",
        "category": "bus_stop",
        "osm_id": "node/3016612589",
        "operator": null,
        "osm_url": "https://www.openstreetmap.org/node/3016612589",
        "data_source": "openstreetmap",
        "verified_official": false,
        "position_type": "osm_recorded",
        "last_checked": "2026-10-09"
      },
      "geometry": {
        "type": "Point",
        "coordinates": [
          106.7070246,
          10.7776675
        ]
      }
    },
    {
      "type": "Feature",
      "id": "node/3107514194",
      "properties": {
        "name": "Đại học Kinh tế Luật",
        "category": "bus_stop",
        "osm_id": "node/3107514194",
        "operator": null,
        "osm_url": "https://www.openstreetmap.org/node/3107514194",
        "data_source": "openstreetmap",
        "verified_official": false,
        "position_type": "osm_recorded",
        "last_checked": "2026-10-09"
      },
      "geometry": {
        "type": "Point",
        "coordinates": [
          106.7767448,
          10.8692453
        ]
      }
    },
    {
      "type": "Feature",
      "id": "node/3112765123",
      "properties": {
        "name": "Điểm dừng xe buýt 3112765123",
        "category": "bus_stop",
        "osm_id": "node/3112765123",
        "operator": null,
        "osm_url": "https://www.openstreetmap.org/node/3112765123",
        "data_source": "openstreetmap",
        "verified_official": false,
        "position_type": "osm_recorded",
        "last_checked": "2026-10-09"
      },
      "geometry": {
        "type": "Point",
        "coordinates": [
          106.8034622,
          10.8669097
        ]
      }
    },
    {
      "type": "Feature",
      "id": "node/3116339952",
      "properties": {
        "name": "Phạm Ngọc Thạch",
        "category": "bus_stop",
        "osm_id": "node/3116339952",
        "operator": null,
        "osm_url": "https://www.openstreetmap.org/node/3116339952",
        "data_source": "openstreetmap",
        "verified_official": false,
        "position_type": "osm_recorded",
        "last_checked": "2026-10-09"
      },
      "geometry": {
        "type": "Point",
        "coordinates": [
          106.6924163,
          10.7850268
        ]
      }
    },
    {
      "type": "Feature",
      "id": "node/3116339953",
      "properties": {
        "name": "Công viên Lê Văn Tám",
        "category": "bus_stop",
        "osm_id": "node/3116339953",
        "operator": null,
        "osm_url": "https://www.openstreetmap.org/node/3116339953",
        "data_source": "openstreetmap",
        "verified_official": false,
        "position_type": "osm_recorded",
        "last_checked": "2026-10-09"
      },
      "geometry": {
        "type": "Point",
        "coordinates": [
          106.6941735,
          10.7869042
        ]
      }
    },
    {
      "type": "Feature",
      "id": "node/3116339954",
      "properties": {
        "name": "Đinh Tiên Hoàng",
        "category": "bus_stop",
        "osm_id": "node/3116339954",
        "operator": null,
        "osm_url": "https://www.openstreetmap.org/node/3116339954",
        "data_source": "openstreetmap",
        "verified_official": false,
        "position_type": "osm_recorded",
        "last_checked": "2026-10-09"
      },
      "geometry": {
        "type": "Point",
        "coordinates": [
          106.6967242,
          10.789511
        ]
      }
    },
    {
      "type": "Feature",
      "id": "node/3116339964",
      "properties": {
        "name": "Chùa Bồ Đề",
        "category": "bus_stop",
        "osm_id": "node/3116339964",
        "operator": null,
        "osm_url": "https://www.openstreetmap.org/node/3116339964",
        "data_source": "openstreetmap",
        "verified_official": false,
        "position_type": "osm_recorded",
        "last_checked": "2026-10-09"
      },
      "geometry": {
        "type": "Point",
        "coordinates": [
          106.7039798,
          10.8033062
        ]
      }
    },
    {
      "type": "Feature",
      "id": "node/3116339965",
      "properties": {
        "name": "Lăng Lê Văn Duyệt",
        "category": "bus_stop",
        "osm_id": "node/3116339965",
        "operator": null,
        "osm_url": "https://www.openstreetmap.org/node/3116339965",
        "data_source": "openstreetmap",
        "verified_official": false,
        "position_type": "osm_recorded",
        "last_checked": "2026-10-09"
      },
      "geometry": {
        "type": "Point",
        "coordinates": [
          106.706623,
          10.8030815
        ]
      }
    },
    {
      "type": "Feature",
      "id": "node/3124681592",
      "properties": {
        "name": "Bến Bạch Đằng",
        "category": "bus_stop",
        "osm_id": "node/3124681592",
        "operator": null,
        "osm_url": "https://www.openstreetmap.org/node/3124681592",
        "data_source": "openstreetmap",
        "verified_official": false,
        "position_type": "osm_recorded",
        "last_checked": "2026-10-09"
      },
      "geometry": {
        "type": "Point",
        "coordinates": [
          106.7063876,
          10.7733704
        ]
      }
    },
    {
      "type": "Feature",
      "id": "node/3128739582",
      "properties": {
        "name": "Trường Quốc tế Canada",
        "category": "bus_stop",
        "osm_id": "node/3128739582",
        "operator": null,
        "osm_url": "https://www.openstreetmap.org/node/3128739582",
        "data_source": "openstreetmap",
        "verified_official": false,
        "position_type": "osm_recorded",
        "last_checked": "2026-10-09"
      },
      "geometry": {
        "type": "Point",
        "coordinates": [
          106.7297239,
          10.7146981
        ]
      }
    },
    {
      "type": "Feature",
      "id": "node/3148967611",
      "properties": {
        "name": "Nhà văn hóa sinh viên",
        "category": "bus_stop",
        "osm_id": "node/3148967611",
        "operator": null,
        "osm_url": "https://www.openstreetmap.org/node/3148967611",
        "data_source": "openstreetmap",
        "verified_official": false,
        "position_type": "osm_recorded",
        "last_checked": "2026-10-09"
      },
      "geometry": {
        "type": "Point",
        "coordinates": [
          106.7999646,
          10.8748283
        ]
      }
    },
    {
      "type": "Feature",
      "id": "node/3160552800",
      "properties": {
        "name": "Chợ An Lạc",
        "category": "bus_stop",
        "osm_id": "node/3160552800",
        "operator": null,
        "osm_url": "https://www.openstreetmap.org/node/3160552800",
        "data_source": "openstreetmap",
        "verified_official": false,
        "position_type": "osm_recorded",
        "last_checked": "2026-10-09"
      },
      "geometry": {
        "type": "Point",
        "coordinates": [
          106.6213535,
          10.7434493
        ]
      }
    },
    {
      "type": "Feature",
      "id": "node/3160552801",
      "properties": {
        "name": "Kinh Dương Vương",
        "category": "bus_stop",
        "osm_id": "node/3160552801",
        "operator": null,
        "osm_url": "https://www.openstreetmap.org/node/3160552801",
        "data_source": "openstreetmap",
        "verified_official": false,
        "position_type": "osm_recorded",
        "last_checked": "2026-10-09"
      },
      "geometry": {
        "type": "Point",
        "coordinates": [
          106.6231871,
          10.7449067
        ]
      }
    },
    {
      "type": "Feature",
      "id": "node/3160552802",
      "properties": {
        "name": "Công viên Phú Lâm",
        "category": "bus_stop",
        "osm_id": "node/3160552802",
        "operator": null,
        "osm_url": "https://www.openstreetmap.org/node/3160552802",
        "data_source": "openstreetmap",
        "verified_official": false,
        "position_type": "osm_recorded",
        "last_checked": "2026-10-09"
      },
      "geometry": {
        "type": "Point",
        "coordinates": [
          106.6244138,
          10.7464211
        ]
      }
    },
    {
      "type": "Feature",
      "id": "node/3160552804",
      "properties": {
        "name": "Hồ bơi Phú Lâm",
        "category": "bus_stop",
        "osm_id": "node/3160552804",
        "operator": null,
        "osm_url": "https://www.openstreetmap.org/node/3160552804",
        "data_source": "openstreetmap",
        "verified_official": false,
        "position_type": "osm_recorded",
        "last_checked": "2026-10-09"
      },
      "geometry": {
        "type": "Point",
        "coordinates": [
          106.6284012,
          10.7496164
        ]
      }
    },
    {
      "type": "Feature",
      "id": "node/3160562074",
      "properties": {
        "name": "Mũi tàu Phú Lâm",
        "category": "bus_stop",
        "osm_id": "node/3160562074",
        "operator": null,
        "osm_url": "https://www.openstreetmap.org/node/3160562074",
        "data_source": "openstreetmap",
        "verified_official": false,
        "position_type": "osm_recorded",
        "last_checked": "2026-10-09"
      },
      "geometry": {
        "type": "Point",
        "coordinates": [
          106.6246349,
          10.7455031
        ]
      }
    },
    {
      "type": "Feature",
      "id": "node/3162508870",
      "properties": {
        "name": "Đền Trần Hưng Đạo",
        "category": "bus_stop",
        "osm_id": "node/3162508870",
        "operator": null,
        "osm_url": "https://www.openstreetmap.org/node/3162508870",
        "data_source": "openstreetmap",
        "verified_official": false,
        "position_type": "osm_recorded",
        "last_checked": "2026-10-09"
      },
      "geometry": {
        "type": "Point",
        "coordinates": [
          106.6952364,
          10.7912747
        ]
      }
    },
    {
      "type": "Feature",
      "id": "node/3162543049",
      "properties": {
        "name": "Trạm điện Nguyễn Cửu Vân",
        "category": "bus_stop",
        "osm_id": "node/3162543049",
        "operator": null,
        "osm_url": "https://www.openstreetmap.org/node/3162543049",
        "data_source": "openstreetmap",
        "verified_official": false,
        "position_type": "osm_recorded",
        "last_checked": "2026-10-09"
      },
      "geometry": {
        "type": "Point",
        "coordinates": [
          106.7031914,
          10.796765
        ]
      }
    },
    {
      "type": "Feature",
      "id": "node/3162543050",
      "properties": {
        "name": "Trạm điện Nguyễn Cửu Vân",
        "category": "bus_stop",
        "osm_id": "node/3162543050",
        "operator": null,
        "osm_url": "https://www.openstreetmap.org/node/3162543050",
        "data_source": "openstreetmap",
        "verified_official": false,
        "position_type": "osm_recorded",
        "last_checked": "2026-10-09"
      },
      "geometry": {
        "type": "Point",
        "coordinates": [
          106.7045256,
          10.797252
        ]
      }
    },
    {
      "type": "Feature",
      "id": "node/3164002580",
      "properties": {
        "name": "Đại học Thể dục Thể thao",
        "category": "bus_stop",
        "osm_id": "node/3164002580",
        "operator": null,
        "osm_url": "https://www.openstreetmap.org/node/3164002580",
        "data_source": "openstreetmap",
        "verified_official": false,
        "position_type": "osm_recorded",
        "last_checked": "2026-10-09"
      },
      "geometry": {
        "type": "Point",
        "coordinates": [
          106.7961385,
          10.8705279
        ]
      }
    },
    {
      "type": "Feature",
      "id": "node/3164038603",
      "properties": {
        "name": "Chợ An Dương Vương",
        "category": "bus_stop",
        "osm_id": "node/3164038603",
        "operator": null,
        "osm_url": "https://www.openstreetmap.org/node/3164038603",
        "data_source": "openstreetmap",
        "verified_official": false,
        "position_type": "osm_recorded",
        "last_checked": "2026-10-09"
      },
      "geometry": {
        "type": "Point",
        "coordinates": [
          106.6237778,
          10.7438863
        ]
      }
    },
    {
      "type": "Feature",
      "id": "node/3164038604",
      "properties": {
        "name": "Lý Chiêu Hoàng",
        "category": "bus_stop",
        "osm_id": "node/3164038604",
        "operator": null,
        "osm_url": "https://www.openstreetmap.org/node/3164038604",
        "data_source": "openstreetmap",
        "verified_official": false,
        "position_type": "osm_recorded",
        "last_checked": "2026-10-09"
      },
      "geometry": {
        "type": "Point",
        "coordinates": [
          106.6237093,
          10.7402512
        ]
      }
    },
    {
      "type": "Feature",
      "id": "node/3164038605",
      "properties": {
        "name": "Trạm Xe Bus Chợ Bình Phú",
        "category": "bus_stop",
        "osm_id": "node/3164038605",
        "operator": null,
        "osm_url": "https://www.openstreetmap.org/node/3164038605",
        "data_source": "openstreetmap",
        "verified_official": false,
        "position_type": "osm_recorded",
        "last_checked": "2026-10-09"
      },
      "geometry": {
        "type": "Point",
        "coordinates": [
          106.6264169,
          10.738744
        ]
      }
    },
    {
      "type": "Feature",
      "id": "node/3164038609",
      "properties": {
        "name": "Metro Bình Phú",
        "category": "bus_stop",
        "osm_id": "node/3164038609",
        "operator": null,
        "osm_url": "https://www.openstreetmap.org/node/3164038609",
        "data_source": "openstreetmap",
        "verified_official": false,
        "position_type": "osm_recorded",
        "last_checked": "2026-10-09"
      },
      "geometry": {
        "type": "Point",
        "coordinates": [
          106.6309327,
          10.7416935
        ]
      }
    },
    {
      "type": "Feature",
      "id": "node/3166133532",
      "properties": {
        "name": "Nguyễn Thị Nghĩa",
        "category": "bus_stop",
        "osm_id": "node/3166133532",
        "operator": null,
        "osm_url": "https://www.openstreetmap.org/node/3166133532",
        "data_source": "openstreetmap",
        "verified_official": false,
        "position_type": "osm_recorded",
        "last_checked": "2026-10-09"
      },
      "geometry": {
        "type": "Point",
        "coordinates": [
          106.6934155,
          10.7699494
        ]
      }
    },
    {
      "type": "Feature",
      "id": "node/3166133536",
      "properties": {
        "name": "Chợ Bến Thành",
        "category": "bus_stop",
        "osm_id": "node/3166133536",
        "operator": null,
        "osm_url": "https://www.openstreetmap.org/node/3166133536",
        "data_source": "openstreetmap",
        "verified_official": false,
        "position_type": "osm_recorded",
        "last_checked": "2026-10-09"
      },
      "geometry": {
        "type": "Point",
        "coordinates": [
          106.6992917,
          10.7726204
        ]
      }
    },
    {
      "type": "Feature",
      "id": "node/3166140582",
      "properties": {
        "name": "Mầm non Hoa Lư",
        "category": "bus_stop",
        "osm_id": "node/3166140582",
        "operator": null,
        "osm_url": "https://www.openstreetmap.org/node/3166140582",
        "data_source": "openstreetmap",
        "verified_official": false,
        "position_type": "osm_recorded",
        "last_checked": "2026-10-09"
      },
      "geometry": {
        "type": "Point",
        "coordinates": [
          106.7087129,
          10.7851929
        ]
      }
    },
    {
      "type": "Feature",
      "id": "node/3166140583",
      "properties": {
        "name": "Nguyễn Hữu Cảnh",
        "category": "bus_stop",
        "osm_id": "node/3166140583",
        "operator": null,
        "osm_url": "https://www.openstreetmap.org/node/3166140583",
        "data_source": "openstreetmap",
        "verified_official": false,
        "position_type": "osm_recorded",
        "last_checked": "2026-10-09"
      },
      "geometry": {
        "type": "Point",
        "coordinates": [
          106.7073585,
          10.7835232
        ]
      }
    },
    {
      "type": "Feature",
      "id": "node/3166140585",
      "properties": {
        "name": "Điểm dừng xe buýt 3166140585",
        "category": "bus_stop",
        "osm_id": "node/3166140585",
        "operator": null,
        "osm_url": "https://www.openstreetmap.org/node/3166140585",
        "data_source": "openstreetmap",
        "verified_official": false,
        "position_type": "osm_recorded",
        "last_checked": "2026-10-09"
      },
      "geometry": {
        "type": "Point",
        "coordinates": [
          106.7085874,
          10.7856443
        ]
      }
    },
    {
      "type": "Feature",
      "id": "node/3166144873",
      "properties": {
        "name": "Tân Cảng",
        "category": "bus_stop",
        "osm_id": "node/3166144873",
        "operator": null,
        "osm_url": "https://www.openstreetmap.org/node/3166144873",
        "data_source": "openstreetmap",
        "verified_official": false,
        "position_type": "osm_recorded",
        "last_checked": "2026-10-09"
      },
      "geometry": {
        "type": "Point",
        "coordinates": [
          106.71979,
          10.7965163
        ]
      }
    },
    {
      "type": "Feature",
      "id": "node/3166144990",
      "properties": {
        "name": "Hồ bơi Hải Quân",
        "category": "bus_stop",
        "osm_id": "node/3166144990",
        "operator": null,
        "osm_url": "https://www.openstreetmap.org/node/3166144990",
        "data_source": "openstreetmap",
        "verified_official": false,
        "position_type": "osm_recorded",
        "last_checked": "2026-10-09"
      },
      "geometry": {
        "type": "Point",
        "coordinates": [
          106.7107926,
          10.7891216
        ]
      }
    },
    {
      "type": "Feature",
      "id": "node/3166144991",
      "properties": {
        "name": "Hồ bơi Hải Quân",
        "category": "bus_stop",
        "osm_id": "node/3166144991",
        "operator": null,
        "osm_url": "https://www.openstreetmap.org/node/3166144991",
        "data_source": "openstreetmap",
        "verified_official": false,
        "position_type": "osm_recorded",
        "last_checked": "2026-10-09"
      },
      "geometry": {
        "type": "Point",
        "coordinates": [
          106.7106287,
          10.7894937
        ]
      }
    },
    {
      "type": "Feature",
      "id": "node/3166144992",
      "properties": {
        "name": "Chung cư Manor",
        "category": "bus_stop",
        "osm_id": "node/3166144992",
        "operator": null,
        "osm_url": "https://www.openstreetmap.org/node/3166144992",
        "data_source": "openstreetmap",
        "verified_official": false,
        "position_type": "osm_recorded",
        "last_checked": "2026-10-09"
      },
      "geometry": {
        "type": "Point",
        "coordinates": [
          106.7184473,
          10.793332
        ]
      }
    },
    {
      "type": "Feature",
      "id": "node/3166179576",
      "properties": {
        "name": "Nhà hát Thành phố",
        "category": "bus_stop",
        "osm_id": "node/3166179576",
        "operator": null,
        "osm_url": "https://www.openstreetmap.org/node/3166179576",
        "data_source": "openstreetmap",
        "verified_official": false,
        "position_type": "osm_recorded",
        "last_checked": "2026-10-09"
      },
      "geometry": {
        "type": "Point",
        "coordinates": [
          106.7035068,
          10.7780395
        ]
      }
    },
    {
      "type": "Feature",
      "id": "node/3166179577",
      "properties": {
        "name": "Bệnh viện Nhi đồng 2",
        "category": "bus_stop",
        "osm_id": "node/3166179577",
        "operator": null,
        "osm_url": "https://www.openstreetmap.org/node/3166179577",
        "data_source": "openstreetmap",
        "verified_official": false,
        "position_type": "osm_recorded",
        "last_checked": "2026-10-09"
      },
      "geometry": {
        "type": "Point",
        "coordinates": [
          106.701527,
          10.7798555
        ]
      }
    },
    {
      "type": "Feature",
      "id": "node/3166987989",
      "properties": {
        "name": "Calmette",
        "category": "bus_stop",
        "osm_id": "node/3166987989",
        "operator": null,
        "osm_url": "https://www.openstreetmap.org/node/3166987989",
        "data_source": "openstreetmap",
        "verified_official": false,
        "position_type": "osm_recorded",
        "last_checked": "2026-10-09"
      },
      "geometry": {
        "type": "Point",
        "coordinates": [
          106.6992533,
          10.7678522
        ]
      }
    },
    {
      "type": "Feature",
      "id": "node/3167010080",
      "properties": {
        "name": "Công viên Lê Văn Tám",
        "category": "bus_stop",
        "osm_id": "node/3167010080",
        "operator": null,
        "osm_url": "https://www.openstreetmap.org/node/3167010080",
        "data_source": "openstreetmap",
        "verified_official": false,
        "position_type": "osm_recorded",
        "last_checked": "2026-10-09"
      },
      "geometry": {
        "type": "Point",
        "coordinates": [
          106.6927446,
          10.7871928
        ]
      }
    },
    {
      "type": "Feature",
      "id": "node/3167010083",
      "properties": {
        "name": "Chợ Đakao",
        "category": "bus_stop",
        "osm_id": "node/3167010083",
        "operator": null,
        "osm_url": "https://www.openstreetmap.org/node/3167010083",
        "data_source": "openstreetmap",
        "verified_official": false,
        "position_type": "osm_recorded",
        "last_checked": "2026-10-09"
      },
      "geometry": {
        "type": "Point",
        "coordinates": [
          106.6948579,
          10.7924976
        ]
      }
    },
    {
      "type": "Feature",
      "id": "node/3168095079",
      "properties": {
        "name": "Lý Tự Trọng",
        "category": "bus_stop",
        "osm_id": "node/3168095079",
        "operator": null,
        "osm_url": "https://www.openstreetmap.org/node/3168095079",
        "data_source": "openstreetmap",
        "verified_official": false,
        "position_type": "osm_recorded",
        "last_checked": "2026-10-09"
      },
      "geometry": {
        "type": "Point",
        "coordinates": [
          106.699669,
          10.777076
        ]
      }
    },
    {
      "type": "Feature",
      "id": "node/3168095080",
      "properties": {
        "name": "Lê Duẩn",
        "category": "bus_stop",
        "osm_id": "node/3168095080",
        "operator": null,
        "osm_url": "https://www.openstreetmap.org/node/3168095080",
        "data_source": "openstreetmap",
        "verified_official": false,
        "position_type": "osm_recorded",
        "last_checked": "2026-10-09"
      },
      "geometry": {
        "type": "Point",
        "coordinates": [
          106.6983598,
          10.7782907
        ]
      }
    },
    {
      "type": "Feature",
      "id": "node/3168095081",
      "properties": {
        "name": "Nguyễn Thị Minh Khai",
        "category": "bus_stop",
        "osm_id": "node/3168095081",
        "operator": null,
        "osm_url": "https://www.openstreetmap.org/node/3168095081",
        "data_source": "openstreetmap",
        "verified_official": false,
        "position_type": "osm_recorded",
        "last_checked": "2026-10-09"
      },
      "geometry": {
        "type": "Point",
        "coordinates": [
          106.6967169,
          10.7798086
        ]
      }
    },
    {
      "type": "Feature",
      "id": "node/3168095082",
      "properties": {
        "name": "Đại học Kiến trúc",
        "category": "bus_stop",
        "osm_id": "node/3168095082",
        "operator": null,
        "osm_url": "https://www.openstreetmap.org/node/3168095082",
        "data_source": "openstreetmap",
        "verified_official": false,
        "position_type": "osm_recorded",
        "last_checked": "2026-10-09"
      },
      "geometry": {
        "type": "Point",
        "coordinates": [
          106.6947138,
          10.7816448
        ]
      }
    },
    {
      "type": "Feature",
      "id": "node/3168095083",
      "properties": {
        "name": "Điện Biên Phủ",
        "category": "bus_stop",
        "osm_id": "node/3168095083",
        "operator": null,
        "osm_url": "https://www.openstreetmap.org/node/3168095083",
        "data_source": "openstreetmap",
        "verified_official": false,
        "position_type": "osm_recorded",
        "last_checked": "2026-10-09"
      },
      "geometry": {
        "type": "Point",
        "coordinates": [
          106.6927287,
          10.7834477
        ]
      }
    },
    {
      "type": "Feature",
      "id": "node/3168120094",
      "properties": {
        "name": "Co.opmart Nguyễn Đình Chiểu",
        "category": "bus_stop",
        "osm_id": "node/3168120094",
        "operator": null,
        "osm_url": "https://www.openstreetmap.org/node/3168120094",
        "data_source": "openstreetmap",
        "verified_official": false,
        "position_type": "osm_recorded",
        "last_checked": "2026-10-09"
      },
      "geometry": {
        "type": "Point",
        "coordinates": [
          106.6931136,
          10.7812374
        ]
      }
    },
    {
      "type": "Feature",
      "id": "node/3168120097",
      "properties": {
        "name": "Chùa Ông",
        "category": "bus_stop",
        "osm_id": "node/3168120097",
        "operator": null,
        "osm_url": "https://www.openstreetmap.org/node/3168120097",
        "data_source": "openstreetmap",
        "verified_official": false,
        "position_type": "osm_recorded",
        "last_checked": "2026-10-09"
      },
      "geometry": {
        "type": "Point",
        "coordinates": [
          106.6997984,
          10.7740107
        ]
      }
    },
    {
      "type": "Feature",
      "id": "node/3168949055",
      "properties": {
        "name": "Đoàn Văn Bơ",
        "category": "bus_stop",
        "osm_id": "node/3168949055",
        "operator": null,
        "osm_url": "https://www.openstreetmap.org/node/3168949055",
        "data_source": "openstreetmap",
        "verified_official": false,
        "position_type": "osm_recorded",
        "last_checked": "2026-10-09"
      },
      "geometry": {
        "type": "Point",
        "coordinates": [
          106.7040914,
          10.7637452
        ]
      }
    },
    {
      "type": "Feature",
      "id": "node/3168949056",
      "properties": {
        "name": "Chợ Xóm Chiều",
        "category": "bus_stop",
        "osm_id": "node/3168949056",
        "operator": null,
        "osm_url": "https://www.openstreetmap.org/node/3168949056",
        "data_source": "openstreetmap",
        "verified_official": false,
        "position_type": "osm_recorded",
        "last_checked": "2026-10-09"
      },
      "geometry": {
        "type": "Point",
        "coordinates": [
          106.7065063,
          10.7647449
        ]
      }
    },
    {
      "type": "Feature",
      "id": "node/3168949057",
      "properties": {
        "name": "Bưu điện Quận 4",
        "category": "bus_stop",
        "osm_id": "node/3168949057",
        "operator": null,
        "osm_url": "https://www.openstreetmap.org/node/3168949057",
        "data_source": "openstreetmap",
        "verified_official": false,
        "position_type": "osm_recorded",
        "last_checked": "2026-10-09"
      },
      "geometry": {
        "type": "Point",
        "coordinates": [
          106.7076637,
          10.7639393
        ]
      }
    },
    {
      "type": "Feature",
      "id": "node/3168949058",
      "properties": {
        "name": "Bưu điện Quận 4",
        "category": "bus_stop",
        "osm_id": "node/3168949058",
        "operator": null,
        "osm_url": "https://www.openstreetmap.org/node/3168949058",
        "data_source": "openstreetmap",
        "verified_official": false,
        "position_type": "osm_recorded",
        "last_checked": "2026-10-09"
      },
      "geometry": {
        "type": "Point",
        "coordinates": [
          106.7079132,
          10.7637282
        ]
      }
    },
    {
      "type": "Feature",
      "id": "node/3168949059",
      "properties": {
        "name": "Đại học Nguyễn Tất Thành",
        "category": "bus_stop",
        "osm_id": "node/3168949059",
        "operator": null,
        "osm_url": "https://www.openstreetmap.org/node/3168949059",
        "data_source": "openstreetmap",
        "verified_official": false,
        "position_type": "osm_recorded",
        "last_checked": "2026-10-09"
      },
      "geometry": {
        "type": "Point",
        "coordinates": [
          106.7093449,
          10.7618677
        ]
      }
    },
    {
      "type": "Feature",
      "id": "node/3168949060",
      "properties": {
        "name": "Đại học Nguyễn Tất Thành",
        "category": "bus_stop",
        "osm_id": "node/3168949060",
        "operator": null,
        "osm_url": "https://www.openstreetmap.org/node/3168949060",
        "data_source": "openstreetmap",
        "verified_official": false,
        "position_type": "osm_recorded",
        "last_checked": "2026-10-09"
      },
      "geometry": {
        "type": "Point",
        "coordinates": [
          106.7102061,
          10.7615245
        ]
      }
    },
    {
      "type": "Feature",
      "id": "node/3168950761",
      "properties": {
        "name": "Trường Trung học Phổ thông Nguyễn Trãi",
        "category": "bus_stop",
        "osm_id": "node/3168950761",
        "operator": null,
        "osm_url": "https://www.openstreetmap.org/node/3168950761",
        "data_source": "openstreetmap",
        "verified_official": false,
        "position_type": "osm_recorded",
        "last_checked": "2026-10-09"
      },
      "geometry": {
        "type": "Point",
        "coordinates": [
          106.7133495,
          10.7595282
        ]
      }
    },
    {
      "type": "Feature",
      "id": "node/3168950762",
      "properties": {
        "name": "Nhà thờ Thánh An Tôn",
        "category": "bus_stop",
        "osm_id": "node/3168950762",
        "operator": null,
        "osm_url": "https://www.openstreetmap.org/node/3168950762",
        "data_source": "openstreetmap",
        "verified_official": false,
        "position_type": "osm_recorded",
        "last_checked": "2026-10-09"
      },
      "geometry": {
        "type": "Point",
        "coordinates": [
          106.7132204,
          10.7597473
        ]
      }
    },
    {
      "type": "Feature",
      "id": "node/3168950763",
      "properties": {
        "name": "Cầu Tân Thuận 2",
        "category": "bus_stop",
        "osm_id": "node/3168950763",
        "operator": null,
        "osm_url": "https://www.openstreetmap.org/node/3168950763",
        "data_source": "openstreetmap",
        "verified_official": false,
        "position_type": "osm_recorded",
        "last_checked": "2026-10-09"
      },
      "geometry": {
        "type": "Point",
        "coordinates": [
          106.7240064,
          10.7517004
        ]
      }
    },
    {
      "type": "Feature",
      "id": "node/3168950764",
      "properties": {
        "name": "Cầu Tân Thuận 2",
        "category": "bus_stop",
        "osm_id": "node/3168950764",
        "operator": null,
        "osm_url": "https://www.openstreetmap.org/node/3168950764",
        "data_source": "openstreetmap",
        "verified_official": false,
        "position_type": "osm_recorded",
        "last_checked": "2026-10-09"
      },
      "geometry": {
        "type": "Point",
        "coordinates": [
          106.7241853,
          10.7512201
        ]
      }
    },
    {
      "type": "Feature",
      "id": "node/3168954868",
      "properties": {
        "name": "Cầu Lý Phục Man",
        "category": "bus_stop",
        "osm_id": "node/3168954868",
        "operator": null,
        "osm_url": "https://www.openstreetmap.org/node/3168954868",
        "data_source": "openstreetmap",
        "verified_official": false,
        "position_type": "osm_recorded",
        "last_checked": "2026-10-09"
      },
      "geometry": {
        "type": "Point",
        "coordinates": [
          106.7214897,
          10.7424799
        ]
      }
    },
    {
      "type": "Feature",
      "id": "node/3168954869",
      "properties": {
        "name": "Cầu Lý Phục Man",
        "category": "bus_stop",
        "osm_id": "node/3168954869",
        "operator": null,
        "osm_url": "https://www.openstreetmap.org/node/3168954869",
        "data_source": "openstreetmap",
        "verified_official": false,
        "position_type": "osm_recorded",
        "last_checked": "2026-10-09"
      },
      "geometry": {
        "type": "Point",
        "coordinates": [
          106.7218917,
          10.7419321
        ]
      }
    },
    {
      "type": "Feature",
      "id": "node/3168960867",
      "properties": {
        "name": "Nguyễn Thị Thập",
        "category": "bus_stop",
        "osm_id": "node/3168960867",
        "operator": null,
        "osm_url": "https://www.openstreetmap.org/node/3168960867",
        "data_source": "openstreetmap",
        "verified_official": false,
        "position_type": "osm_recorded",
        "last_checked": "2026-10-09"
      },
      "geometry": {
        "type": "Point",
        "coordinates": [
          106.7214233,
          10.7395407
        ]
      }
    },
    {
      "type": "Feature",
      "id": "node/3168960868",
      "properties": {
        "name": "Cầu Đa Khoa",
        "category": "bus_stop",
        "osm_id": "node/3168960868",
        "operator": null,
        "osm_url": "https://www.openstreetmap.org/node/3168960868",
        "data_source": "openstreetmap",
        "verified_official": false,
        "position_type": "osm_recorded",
        "last_checked": "2026-10-09"
      },
      "geometry": {
        "type": "Point",
        "coordinates": [
          106.7218948,
          10.7390335
        ]
      }
    },
    {
      "type": "Feature",
      "id": "node/3168971478",
      "properties": {
        "name": "Bệnh viện Việt Pháp",
        "category": "bus_stop",
        "osm_id": "node/3168971478",
        "operator": null,
        "osm_url": "https://www.openstreetmap.org/node/3168971478",
        "data_source": "openstreetmap",
        "verified_official": false,
        "position_type": "osm_recorded",
        "last_checked": "2026-10-09"
      },
      "geometry": {
        "type": "Point",
        "coordinates": [
          106.7188813,
          10.7309856
        ]
      }
    },
    {
      "type": "Feature",
      "id": "node/3168971483",
      "properties": {
        "name": "Đại Học RMIT",
        "category": "bus_stop",
        "osm_id": "node/3168971483",
        "operator": null,
        "osm_url": "https://www.openstreetmap.org/node/3168971483",
        "data_source": "openstreetmap",
        "verified_official": false,
        "position_type": "osm_recorded",
        "last_checked": "2026-10-09"
      },
      "geometry": {
        "type": "Point",
        "coordinates": [
          106.6952449,
          10.7280368
        ]
      }
    },
    {
      "type": "Feature",
      "id": "node/3168990573",
      "properties": {
        "name": "Phúc Minh",
        "category": "bus_stop",
        "osm_id": "node/3168990573",
        "operator": null,
        "osm_url": "https://www.openstreetmap.org/node/3168990573",
        "data_source": "openstreetmap",
        "verified_official": false,
        "position_type": "osm_recorded",
        "last_checked": "2026-10-09"
      },
      "geometry": {
        "type": "Point",
        "coordinates": [
          106.6796211,
          10.7285102
        ]
      }
    },
    {
      "type": "Feature",
      "id": "node/3168990574",
      "properties": {
        "name": "Phúc Minh",
        "category": "bus_stop",
        "osm_id": "node/3168990574",
        "operator": null,
        "osm_url": "https://www.openstreetmap.org/node/3168990574",
        "data_source": "openstreetmap",
        "verified_official": false,
        "position_type": "osm_recorded",
        "last_checked": "2026-10-09"
      },
      "geometry": {
        "type": "Point",
        "coordinates": [
          106.6800261,
          10.7276247
        ]
      }
    },
    {
      "type": "Feature",
      "id": "node/3168990575",
      "properties": {
        "name": "Cầu Xóm Củi",
        "category": "bus_stop",
        "osm_id": "node/3168990575",
        "operator": null,
        "osm_url": "https://www.openstreetmap.org/node/3168990575",
        "data_source": "openstreetmap",
        "verified_official": false,
        "position_type": "osm_recorded",
        "last_checked": "2026-10-09"
      },
      "geometry": {
        "type": "Point",
        "coordinates": [
          106.6671757,
          10.7266795
        ]
      }
    },
    {
      "type": "Feature",
      "id": "node/3168990576",
      "properties": {
        "name": "Cầu Xóm Củi",
        "category": "bus_stop",
        "osm_id": "node/3168990576",
        "operator": null,
        "osm_url": "https://www.openstreetmap.org/node/3168990576",
        "data_source": "openstreetmap",
        "verified_official": false,
        "position_type": "osm_recorded",
        "last_checked": "2026-10-09"
      },
      "geometry": {
        "type": "Point",
        "coordinates": [
          106.6668196,
          10.7257434
        ]
      }
    },
    {
      "type": "Feature",
      "id": "node/3168990577",
      "properties": {
        "name": "Chùa Viên Minh",
        "category": "bus_stop",
        "osm_id": "node/3168990577",
        "operator": null,
        "osm_url": "https://www.openstreetmap.org/node/3168990577",
        "data_source": "openstreetmap",
        "verified_official": false,
        "position_type": "osm_recorded",
        "last_checked": "2026-10-09"
      },
      "geometry": {
        "type": "Point",
        "coordinates": [
          106.6603732,
          10.7234417
        ]
      }
    },
    {
      "type": "Feature",
      "id": "node/3171491267",
      "properties": {
        "name": "Trạm Xe Bus Công Viên Bình Phú 123",
        "category": "bus_stop",
        "osm_id": "node/3171491267",
        "operator": null,
        "osm_url": "https://www.openstreetmap.org/node/3171491267",
        "data_source": "openstreetmap",
        "verified_official": false,
        "position_type": "osm_recorded",
        "last_checked": "2026-10-09"
      },
      "geometry": {
        "type": "Point",
        "coordinates": [
          106.62999,
          10.7424435
        ]
      }
    },
    {
      "type": "Feature",
      "id": "node/3171491268",
      "properties": {
        "name": "Trường Trung học cơ sở Vân Đồn",
        "category": "bus_stop",
        "osm_id": "node/3171491268",
        "operator": null,
        "osm_url": "https://www.openstreetmap.org/node/3171491268",
        "data_source": "openstreetmap",
        "verified_official": false,
        "position_type": "osm_recorded",
        "last_checked": "2026-10-09"
      },
      "geometry": {
        "type": "Point",
        "coordinates": [
          106.7016772,
          10.7617562
        ]
      }
    },
    {
      "type": "Feature",
      "id": "node/3171491271",
      "properties": {
        "name": "Khánh Hội",
        "category": "bus_stop",
        "osm_id": "node/3171491271",
        "operator": null,
        "osm_url": "https://www.openstreetmap.org/node/3171491271",
        "data_source": "openstreetmap",
        "verified_official": false,
        "position_type": "osm_recorded",
        "last_checked": "2026-10-09"
      },
      "geometry": {
        "type": "Point",
        "coordinates": [
          106.6989812,
          10.7588692
        ]
      }
    },
    {
      "type": "Feature",
      "id": "node/3171491272",
      "properties": {
        "name": "Hồ bơi Quận 4",
        "category": "bus_stop",
        "osm_id": "node/3171491272",
        "operator": null,
        "osm_url": "https://www.openstreetmap.org/node/3171491272",
        "data_source": "openstreetmap",
        "verified_official": false,
        "position_type": "osm_recorded",
        "last_checked": "2026-10-09"
      },
      "geometry": {
        "type": "Point",
        "coordinates": [
          106.7006956,
          10.7568422
        ]
      }
    },
    {
      "type": "Feature",
      "id": "node/3171491273",
      "properties": {
        "name": "Hồ bơi Quận 4",
        "category": "bus_stop",
        "osm_id": "node/3171491273",
        "operator": null,
        "osm_url": "https://www.openstreetmap.org/node/3171491273",
        "data_source": "openstreetmap",
        "verified_official": false,
        "position_type": "osm_recorded",
        "last_checked": "2026-10-09"
      },
      "geometry": {
        "type": "Point",
        "coordinates": [
          106.700844,
          10.7563967
        ]
      }
    },
    {
      "type": "Feature",
      "id": "node/3171493699",
      "properties": {
        "name": "Đại học Tôn Đức Thắng",
        "category": "bus_stop",
        "osm_id": "node/3171493699",
        "operator": null,
        "osm_url": "https://www.openstreetmap.org/node/3171493699",
        "data_source": "openstreetmap",
        "verified_official": false,
        "position_type": "osm_recorded",
        "last_checked": "2026-10-09"
      },
      "geometry": {
        "type": "Point",
        "coordinates": [
          106.7000555,
          10.7314104
        ]
      }
    },
    {
      "type": "Feature",
      "id": "node/3171493700",
      "properties": {
        "name": "Đại học Tôn Đức Thắng",
        "category": "bus_stop",
        "osm_id": "node/3171493700",
        "operator": null,
        "osm_url": "https://www.openstreetmap.org/node/3171493700",
        "data_source": "openstreetmap",
        "verified_official": false,
        "position_type": "osm_recorded",
        "last_checked": "2026-10-09"
      },
      "geometry": {
        "type": "Point",
        "coordinates": [
          106.7001792,
          10.7313704
        ]
      }
    },
    {
      "type": "Feature",
      "id": "node/3171493701",
      "properties": {
        "name": "Trường Mầm non Tân Thuận Tây",
        "category": "bus_stop",
        "osm_id": "node/3171493701",
        "operator": null,
        "osm_url": "https://www.openstreetmap.org/node/3171493701",
        "data_source": "openstreetmap",
        "verified_official": false,
        "position_type": "osm_recorded",
        "last_checked": "2026-10-09"
      },
      "geometry": {
        "type": "Point",
        "coordinates": [
          106.720941,
          10.7533429
        ]
      }
    },
    {
      "type": "Feature",
      "id": "node/3171493702",
      "properties": {
        "name": "Ngã ba Tân Quy",
        "category": "bus_stop",
        "osm_id": "node/3171493702",
        "operator": null,
        "osm_url": "https://www.openstreetmap.org/node/3171493702",
        "data_source": "openstreetmap",
        "verified_official": false,
        "position_type": "osm_recorded",
        "last_checked": "2026-10-09"
      },
      "geometry": {
        "type": "Point",
        "coordinates": [
          106.704563,
          10.7517394
        ]
      }
    },
    {
      "type": "Feature",
      "id": "node/3171493703",
      "properties": {
        "name": "Ngã ba Tân Quy",
        "category": "bus_stop",
        "osm_id": "node/3171493703",
        "operator": null,
        "osm_url": "https://www.openstreetmap.org/node/3171493703",
        "data_source": "openstreetmap",
        "verified_official": false,
        "position_type": "osm_recorded",
        "last_checked": "2026-10-09"
      },
      "geometry": {
        "type": "Point",
        "coordinates": [
          106.7050661,
          10.7513372
        ]
      }
    },
    {
      "type": "Feature",
      "id": "node/3171496169",
      "properties": {
        "name": "Nghĩa trang Liệt sĩ Huyện Nhà Bè",
        "category": "bus_stop",
        "osm_id": "node/3171496169",
        "operator": null,
        "osm_url": "https://www.openstreetmap.org/node/3171496169",
        "data_source": "openstreetmap",
        "verified_official": false,
        "position_type": "osm_recorded",
        "last_checked": "2026-10-09"
      },
      "geometry": {
        "type": "Point",
        "coordinates": [
          106.7301633,
          10.7399433
        ]
      }
    },
    {
      "type": "Feature",
      "id": "node/3171496170",
      "properties": {
        "name": "Nghĩa trang Liệt sĩ Huyện Nhà Bè",
        "category": "bus_stop",
        "osm_id": "node/3171496170",
        "operator": null,
        "osm_url": "https://www.openstreetmap.org/node/3171496170",
        "data_source": "openstreetmap",
        "verified_official": false,
        "position_type": "osm_recorded",
        "last_checked": "2026-10-09"
      },
      "geometry": {
        "type": "Point",
        "coordinates": [
          106.7299339,
          10.7403254
        ]
      }
    },
    {
      "type": "Feature",
      "id": "node/3171499318",
      "properties": {
        "name": "UBND Phường Tân Hưng",
        "category": "bus_stop",
        "osm_id": "node/3171499318",
        "operator": null,
        "osm_url": "https://www.openstreetmap.org/node/3171499318",
        "data_source": "openstreetmap",
        "verified_official": false,
        "position_type": "osm_recorded",
        "last_checked": "2026-10-09"
      },
      "geometry": {
        "type": "Point",
        "coordinates": [
          106.7010714,
          10.7517943
        ]
      }
    },
    {
      "type": "Feature",
      "id": "node/3171500936",
      "properties": {
        "name": "Bệnh viện VIệt Pháp - Tim Tâm Đức",
        "category": "bus_stop",
        "osm_id": "node/3171500936",
        "operator": null,
        "osm_url": "https://www.openstreetmap.org/node/3171500936",
        "data_source": "openstreetmap",
        "verified_official": false,
        "position_type": "osm_recorded",
        "last_checked": "2026-10-09"
      },
      "geometry": {
        "type": "Point",
        "coordinates": [
          106.718986,
          10.7330203
        ]
      }
    },
    {
      "type": "Feature",
      "id": "node/3171500937",
      "properties": {
        "name": "Bệnh viện Tim Tâm Đức",
        "category": "bus_stop",
        "osm_id": "node/3171500937",
        "operator": null,
        "osm_url": "https://www.openstreetmap.org/node/3171500937",
        "data_source": "openstreetmap",
        "verified_official": false,
        "position_type": "osm_recorded",
        "last_checked": "2026-10-09"
      },
      "geometry": {
        "type": "Point",
        "coordinates": [
          106.7190523,
          10.7334433
        ]
      }
    },
    {
      "type": "Feature",
      "id": "node/3171509286",
      "properties": {
        "name": "Cầu Ông Lãnh",
        "category": "bus_stop",
        "osm_id": "node/3171509286",
        "operator": null,
        "osm_url": "https://www.openstreetmap.org/node/3171509286",
        "data_source": "openstreetmap",
        "verified_official": false,
        "position_type": "osm_recorded",
        "last_checked": "2026-10-09"
      },
      "geometry": {
        "type": "Point",
        "coordinates": [
          106.6960483,
          10.7667542
        ]
      }
    },
    {
      "type": "Feature",
      "id": "node/3171509287",
      "properties": {
        "name": "Cầu Ông Lãnh",
        "category": "bus_stop",
        "osm_id": "node/3171509287",
        "operator": null,
        "osm_url": "https://www.openstreetmap.org/node/3171509287",
        "data_source": "openstreetmap",
        "verified_official": false,
        "position_type": "osm_recorded",
        "last_checked": "2026-10-09"
      },
      "geometry": {
        "type": "Point",
        "coordinates": [
          106.6965412,
          10.7662479
        ]
      }
    },
    {
      "type": "Feature",
      "id": "node/3174484074",
      "properties": {
        "name": "Đường số 23",
        "category": "bus_stop",
        "osm_id": "node/3174484074",
        "operator": null,
        "osm_url": "https://www.openstreetmap.org/node/3174484074",
        "data_source": "openstreetmap",
        "verified_official": false,
        "position_type": "osm_recorded",
        "last_checked": "2026-10-09"
      },
      "geometry": {
        "type": "Point",
        "coordinates": [
          106.6259042,
          10.7420227
        ]
      }
    },
    {
      "type": "Feature",
      "id": "node/3174487607",
      "properties": {
        "name": "Đường 38",
        "category": "bus_stop",
        "osm_id": "node/3174487607",
        "operator": null,
        "osm_url": "https://www.openstreetmap.org/node/3174487607",
        "data_source": "openstreetmap",
        "verified_official": false,
        "position_type": "osm_recorded",
        "last_checked": "2026-10-09"
      },
      "geometry": {
        "type": "Point",
        "coordinates": [
          106.6220318,
          10.7382184
        ]
      }
    },
    {
      "type": "Feature",
      "id": "node/3174487609",
      "properties": {
        "name": "Đường Nguyễn Quý Yêm",
        "category": "bus_stop",
        "osm_id": "node/3174487609",
        "operator": null,
        "osm_url": "https://www.openstreetmap.org/node/3174487609",
        "data_source": "openstreetmap",
        "verified_official": false,
        "position_type": "osm_recorded",
        "last_checked": "2026-10-09"
      },
      "geometry": {
        "type": "Point",
        "coordinates": [
          106.6205353,
          10.7295392
        ]
      }
    },
    {
      "type": "Feature",
      "id": "node/3174533670",
      "properties": {
        "name": "Ngã tư Cây Da Sà",
        "category": "bus_stop",
        "osm_id": "node/3174533670",
        "operator": null,
        "osm_url": "https://www.openstreetmap.org/node/3174533670",
        "data_source": "openstreetmap",
        "verified_official": false,
        "position_type": "osm_recorded",
        "last_checked": "2026-10-09"
      },
      "geometry": {
        "type": "Point",
        "coordinates": [
          106.6265561,
          10.7556548
        ]
      }
    },
    {
      "type": "Feature",
      "id": "node/3174533671",
      "properties": {
        "name": "Chợ Phú Lâm",
        "category": "bus_stop",
        "osm_id": "node/3174533671",
        "operator": null,
        "osm_url": "https://www.openstreetmap.org/node/3174533671",
        "data_source": "openstreetmap",
        "verified_official": false,
        "position_type": "osm_recorded",
        "last_checked": "2026-10-09"
      },
      "geometry": {
        "type": "Point",
        "coordinates": [
          106.6214375,
          10.7571411
        ]
      }
    },
    {
      "type": "Feature",
      "id": "node/3175002777",
      "properties": {
        "name": "Trạm Xe Bus Giao Đường số 8",
        "category": "bus_stop",
        "osm_id": "node/3175002777",
        "operator": null,
        "osm_url": "https://www.openstreetmap.org/node/3175002777",
        "data_source": "openstreetmap",
        "verified_official": false,
        "position_type": "osm_recorded",
        "last_checked": "2026-10-09"
      },
      "geometry": {
        "type": "Point",
        "coordinates": [
          106.6896392,
          10.7355268
        ]
      }
    },
    {
      "type": "Feature",
      "id": "node/3175002778",
      "properties": {
        "name": "Trạm Xe Bus Giao Đường số 8",
        "category": "bus_stop",
        "osm_id": "node/3175002778",
        "operator": null,
        "osm_url": "https://www.openstreetmap.org/node/3175002778",
        "data_source": "openstreetmap",
        "verified_official": false,
        "position_type": "osm_recorded",
        "last_checked": "2026-10-09"
      },
      "geometry": {
        "type": "Point",
        "coordinates": [
          106.6894305,
          10.7360544
        ]
      }
    },
    {
      "type": "Feature",
      "id": "node/3178488394",
      "properties": {
        "name": "Chợ Cây Xoài",
        "category": "bus_stop",
        "osm_id": "node/3178488394",
        "operator": null,
        "osm_url": "https://www.openstreetmap.org/node/3178488394",
        "data_source": "openstreetmap",
        "verified_official": false,
        "position_type": "osm_recorded",
        "last_checked": "2026-10-09"
      },
      "geometry": {
        "type": "Point",
        "coordinates": [
          106.7667993,
          10.7773657
        ]
      }
    },
    {
      "type": "Feature",
      "id": "node/3178488396",
      "properties": {
        "name": "Nhà sách Nguyễn Văn Cừ",
        "category": "bus_stop",
        "osm_id": "node/3178488396",
        "operator": null,
        "osm_url": "https://www.openstreetmap.org/node/3178488396",
        "data_source": "openstreetmap",
        "verified_official": false,
        "position_type": "osm_recorded",
        "last_checked": "2026-10-09"
      },
      "geometry": {
        "type": "Point",
        "coordinates": [
          106.7728523,
          10.7882452
        ]
      }
    },
    {
      "type": "Feature",
      "id": "node/3178488397",
      "properties": {
        "name": "Trường Tiểu học Nguyễn Văn Trỗi",
        "category": "bus_stop",
        "osm_id": "node/3178488397",
        "operator": null,
        "osm_url": "https://www.openstreetmap.org/node/3178488397",
        "data_source": "openstreetmap",
        "verified_official": false,
        "position_type": "osm_recorded",
        "last_checked": "2026-10-09"
      },
      "geometry": {
        "type": "Point",
        "coordinates": [
          106.7775933,
          10.7886717
        ]
      }
    },
    {
      "type": "Feature",
      "id": "node/3178488398",
      "properties": {
        "name": "Cầu Ông Kỳ 2",
        "category": "bus_stop",
        "osm_id": "node/3178488398",
        "operator": null,
        "osm_url": "https://www.openstreetmap.org/node/3178488398",
        "data_source": "openstreetmap",
        "verified_official": false,
        "position_type": "osm_recorded",
        "last_checked": "2026-10-09"
      },
      "geometry": {
        "type": "Point",
        "coordinates": [
          106.781661,
          10.791546
        ]
      }
    },
    {
      "type": "Feature",
      "id": "node/3178488401",
      "properties": {
        "name": "Chợ Phước Bình",
        "category": "bus_stop",
        "osm_id": "node/3178488401",
        "operator": null,
        "osm_url": "https://www.openstreetmap.org/node/3178488401",
        "data_source": "openstreetmap",
        "verified_official": false,
        "position_type": "osm_recorded",
        "last_checked": "2026-10-09"
      },
      "geometry": {
        "type": "Point",
        "coordinates": [
          106.7710619,
          10.812649
        ]
      }
    },
    {
      "type": "Feature",
      "id": "node/3180431409",
      "properties": {
        "name": "Trạm Xe Bus Giao Lộ An Dương Vương",
        "category": "bus_stop",
        "osm_id": "node/3180431409",
        "operator": null,
        "osm_url": "https://www.openstreetmap.org/node/3180431409",
        "data_source": "openstreetmap",
        "verified_official": false,
        "position_type": "osm_recorded",
        "last_checked": "2026-10-09"
      },
      "geometry": {
        "type": "Point",
        "coordinates": [
          106.6263024,
          10.7598316
        ]
      }
    },
    {
      "type": "Feature",
      "id": "node/3180486883",
      "properties": {
        "name": "Nguyễn Văn Thủ",
        "category": "bus_stop",
        "osm_id": "node/3180486883",
        "operator": null,
        "osm_url": "https://www.openstreetmap.org/node/3180486883",
        "data_source": "openstreetmap",
        "verified_official": false,
        "position_type": "osm_recorded",
        "last_checked": "2026-10-09"
      },
      "geometry": {
        "type": "Point",
        "coordinates": [
          106.7005492,
          10.7912552
        ]
      }
    },
    {
      "type": "Feature",
      "id": "node/3180486884",
      "properties": {
        "name": "Trạm Xe Bus Hoàng Sa",
        "category": "bus_stop",
        "osm_id": "node/3180486884",
        "operator": null,
        "osm_url": "https://www.openstreetmap.org/node/3180486884",
        "data_source": "openstreetmap",
        "verified_official": false,
        "position_type": "osm_recorded",
        "last_checked": "2026-10-09"
      },
      "geometry": {
        "type": "Point",
        "coordinates": [
          106.7033984,
          10.7923606
        ]
      }
    },
    {
      "type": "Feature",
      "id": "node/3181281947",
      "properties": {
        "name": "Trạm Xe Bus Cầu Calmette",
        "category": "bus_stop",
        "osm_id": "node/3181281947",
        "operator": null,
        "osm_url": "https://www.openstreetmap.org/node/3181281947",
        "data_source": "openstreetmap",
        "verified_official": false,
        "position_type": "osm_recorded",
        "last_checked": "2026-10-09"
      },
      "geometry": {
        "type": "Point",
        "coordinates": [
          106.6998546,
          10.7651414
        ]
      }
    },
    {
      "type": "Feature",
      "id": "node/3181281948",
      "properties": {
        "name": "Trạm Xe Bus Cầu Calmette",
        "category": "bus_stop",
        "osm_id": "node/3181281948",
        "operator": null,
        "osm_url": "https://www.openstreetmap.org/node/3181281948",
        "data_source": "openstreetmap",
        "verified_official": false,
        "position_type": "osm_recorded",
        "last_checked": "2026-10-09"
      },
      "geometry": {
        "type": "Point",
        "coordinates": [
          106.7000531,
          10.76511
        ]
      }
    },
    {
      "type": "Feature",
      "id": "node/3181281953",
      "properties": {
        "name": "Hồ Hảo Hớn",
        "category": "bus_stop",
        "osm_id": "node/3181281953",
        "operator": null,
        "osm_url": "https://www.openstreetmap.org/node/3181281953",
        "data_source": "openstreetmap",
        "verified_official": false,
        "position_type": "osm_recorded",
        "last_checked": "2026-10-09"
      },
      "geometry": {
        "type": "Point",
        "coordinates": [
          106.6946981,
          10.7599322
        ]
      }
    },
    {
      "type": "Feature",
      "id": "node/3184843004",
      "properties": {
        "name": "Trường Đại học Giao thông Vận tải",
        "category": "bus_stop",
        "osm_id": "node/3184843004",
        "operator": null,
        "osm_url": "https://www.openstreetmap.org/node/3184843004",
        "data_source": "openstreetmap",
        "verified_official": false,
        "position_type": "osm_recorded",
        "last_checked": "2026-10-09"
      },
      "geometry": {
        "type": "Point",
        "coordinates": [
          106.7160731,
          10.8066342
        ]
      }
    },
    {
      "type": "Feature",
      "id": "node/3185949686",
      "properties": {
        "name": "Chung cư C7",
        "category": "bus_stop",
        "osm_id": "node/3185949686",
        "operator": null,
        "osm_url": "https://www.openstreetmap.org/node/3185949686",
        "data_source": "openstreetmap",
        "verified_official": false,
        "position_type": "osm_recorded",
        "last_checked": "2026-10-09"
      },
      "geometry": {
        "type": "Point",
        "coordinates": [
          106.80003,
          10.8467243
        ]
      }
    },
    {
      "type": "Feature",
      "id": "node/3186138782",
      "properties": {
        "name": "Trạm Xe Bus Trần Văn Kiểu - Lý Chiêu Hoàng",
        "category": "bus_stop",
        "osm_id": "node/3186138782",
        "operator": null,
        "osm_url": "https://www.openstreetmap.org/node/3186138782",
        "data_source": "openstreetmap",
        "verified_official": false,
        "position_type": "osm_recorded",
        "last_checked": "2026-10-09"
      },
      "geometry": {
        "type": "Point",
        "coordinates": [
          106.6275583,
          10.7393632
        ]
      }
    },
    {
      "type": "Feature",
      "id": "node/3186138783",
      "properties": {
        "name": "Đường 72",
        "category": "bus_stop",
        "osm_id": "node/3186138783",
        "operator": null,
        "osm_url": "https://www.openstreetmap.org/node/3186138783",
        "data_source": "openstreetmap",
        "verified_official": false,
        "position_type": "osm_recorded",
        "last_checked": "2026-10-09"
      },
      "geometry": {
        "type": "Point",
        "coordinates": [
          106.6265986,
          10.7334139
        ]
      }
    },
    {
      "type": "Feature",
      "id": "node/3186275563",
      "properties": {
        "name": "Bệnh viện Quận 7",
        "category": "bus_stop",
        "osm_id": "node/3186275563",
        "operator": null,
        "osm_url": "https://www.openstreetmap.org/node/3186275563",
        "data_source": "openstreetmap",
        "verified_official": false,
        "position_type": "osm_recorded",
        "last_checked": "2026-10-09"
      },
      "geometry": {
        "type": "Point",
        "coordinates": [
          106.7237915,
          10.7377898
        ]
      }
    },
    {
      "type": "Feature",
      "id": "node/3186275564",
      "properties": {
        "name": "Bệnh viện Quận 7",
        "category": "bus_stop",
        "osm_id": "node/3186275564",
        "operator": null,
        "osm_url": "https://www.openstreetmap.org/node/3186275564",
        "data_source": "openstreetmap",
        "verified_official": false,
        "position_type": "osm_recorded",
        "last_checked": "2026-10-09"
      },
      "geometry": {
        "type": "Point",
        "coordinates": [
          106.7236011,
          10.7380041
        ]
      }
    },
    {
      "type": "Feature",
      "id": "node/3187126782",
      "properties": {
        "name": "Chùa Huệ Nghiêm",
        "category": "bus_stop",
        "osm_id": "node/3187126782",
        "operator": null,
        "osm_url": "https://www.openstreetmap.org/node/3187126782",
        "data_source": "openstreetmap",
        "verified_official": false,
        "position_type": "osm_recorded",
        "last_checked": "2026-10-09"
      },
      "geometry": {
        "type": "Point",
        "coordinates": [
          106.7389363,
          10.7895281
        ]
      }
    },
    {
      "type": "Feature",
      "id": "node/3187126783",
      "properties": {
        "name": "Cầu Ông Tranh",
        "category": "bus_stop",
        "osm_id": "node/3187126783",
        "operator": null,
        "osm_url": "https://www.openstreetmap.org/node/3187126783",
        "data_source": "openstreetmap",
        "verified_official": false,
        "position_type": "osm_recorded",
        "last_checked": "2026-10-09"
      },
      "geometry": {
        "type": "Point",
        "coordinates": [
          106.7421828,
          10.7904131
        ]
      }
    },
    {
      "type": "Feature",
      "id": "node/3187128368",
      "properties": {
        "name": "Kí túc xá Đại học Giao thông Vận tải",
        "category": "bus_stop",
        "osm_id": "node/3187128368",
        "operator": null,
        "osm_url": "https://www.openstreetmap.org/node/3187128368",
        "data_source": "openstreetmap",
        "verified_official": false,
        "position_type": "osm_recorded",
        "last_checked": "2026-10-09"
      },
      "geometry": {
        "type": "Point",
        "coordinates": [
          106.7304534,
          10.7924295
        ]
      }
    },
    {
      "type": "Feature",
      "id": "node/3187128369",
      "properties": {
        "name": "Kí túc xá Đại học Giao thông Vận tải",
        "category": "bus_stop",
        "osm_id": "node/3187128369",
        "operator": null,
        "osm_url": "https://www.openstreetmap.org/node/3187128369",
        "data_source": "openstreetmap",
        "verified_official": false,
        "position_type": "osm_recorded",
        "last_checked": "2026-10-09"
      },
      "geometry": {
        "type": "Point",
        "coordinates": [
          106.7307404,
          10.7924385
        ]
      }
    },
    {
      "type": "Feature",
      "id": "node/3187170572",
      "properties": {
        "name": "Chùa Thái Nguyên",
        "category": "bus_stop",
        "osm_id": "node/3187170572",
        "operator": null,
        "osm_url": "https://www.openstreetmap.org/node/3187170572",
        "data_source": "openstreetmap",
        "verified_official": false,
        "position_type": "osm_recorded",
        "last_checked": "2026-10-09"
      },
      "geometry": {
        "type": "Point",
        "coordinates": [
          106.7554255,
          10.7878354
        ]
      }
    },
    {
      "type": "Feature",
      "id": "node/3187170573",
      "properties": {
        "name": "Trường Cấp 3 Giồng Ông Tố",
        "category": "bus_stop",
        "osm_id": "node/3187170573",
        "operator": null,
        "osm_url": "https://www.openstreetmap.org/node/3187170573",
        "data_source": "openstreetmap",
        "verified_official": false,
        "position_type": "osm_recorded",
        "last_checked": "2026-10-09"
      },
      "geometry": {
        "type": "Point",
        "coordinates": [
          106.7568902,
          10.7856567
        ]
      }
    },
    {
      "type": "Feature",
      "id": "node/3187184299",
      "properties": {
        "name": "Trường Trung học cơ sở Giồng Ông Tố",
        "category": "bus_stop",
        "osm_id": "node/3187184299",
        "operator": null,
        "osm_url": "https://www.openstreetmap.org/node/3187184299",
        "data_source": "openstreetmap",
        "verified_official": false,
        "position_type": "osm_recorded",
        "last_checked": "2026-10-09"
      },
      "geometry": {
        "type": "Point",
        "coordinates": [
          106.7587291,
          10.7880104
        ]
      }
    },
    {
      "type": "Feature",
      "id": "node/3187226244",
      "properties": {
        "name": "Cầu Xây Dựng",
        "category": "bus_stop",
        "osm_id": "node/3187226244",
        "operator": null,
        "osm_url": "https://www.openstreetmap.org/node/3187226244",
        "data_source": "openstreetmap",
        "verified_official": false,
        "position_type": "osm_recorded",
        "last_checked": "2026-10-09"
      },
      "geometry": {
        "type": "Point",
        "coordinates": [
          106.7884082,
          10.7907078
        ]
      }
    },
    {
      "type": "Feature",
      "id": "node/3232855069",
      "properties": {
        "name": "Điểm dừng xe buýt 3232855069",
        "category": "bus_stop",
        "osm_id": "node/3232855069",
        "operator": null,
        "osm_url": "https://www.openstreetmap.org/node/3232855069",
        "data_source": "openstreetmap",
        "verified_official": false,
        "position_type": "osm_recorded",
        "last_checked": "2026-10-09"
      },
      "geometry": {
        "type": "Point",
        "coordinates": [
          106.6757955,
          10.7368693
        ]
      }
    },
    {
      "type": "Feature",
      "id": "node/3232855080",
      "properties": {
        "name": "Điểm dừng xe buýt 3232855080",
        "category": "bus_stop",
        "osm_id": "node/3232855080",
        "operator": null,
        "osm_url": "https://www.openstreetmap.org/node/3232855080",
        "data_source": "openstreetmap",
        "verified_official": false,
        "position_type": "osm_recorded",
        "last_checked": "2026-10-09"
      },
      "geometry": {
        "type": "Point",
        "coordinates": [
          106.6788227,
          10.7383043
        ]
      }
    },
    {
      "type": "Feature",
      "id": "node/3237601001",
      "properties": {
        "name": "Chung cư Thanh Đa",
        "category": "bus_stop",
        "osm_id": "node/3237601001",
        "operator": null,
        "osm_url": "https://www.openstreetmap.org/node/3237601001",
        "data_source": "openstreetmap",
        "verified_official": false,
        "position_type": "osm_recorded",
        "last_checked": "2026-10-09"
      },
      "geometry": {
        "type": "Point",
        "coordinates": [
          106.7208293,
          10.8171074
        ]
      }
    },
    {
      "type": "Feature",
      "id": "node/3237601002",
      "properties": {
        "name": "Chùa Bửu Liên",
        "category": "bus_stop",
        "osm_id": "node/3237601002",
        "operator": null,
        "osm_url": "https://www.openstreetmap.org/node/3237601002",
        "data_source": "openstreetmap",
        "verified_official": false,
        "position_type": "osm_recorded",
        "last_checked": "2026-10-09"
      },
      "geometry": {
        "type": "Point",
        "coordinates": [
          106.7137238,
          10.8107793
        ]
      }
    },
    {
      "type": "Feature",
      "id": "node/3283703572",
      "properties": {
        "name": "Nhà sách An Bình",
        "category": "bus_stop",
        "osm_id": "node/3283703572",
        "operator": null,
        "osm_url": "https://www.openstreetmap.org/node/3283703572",
        "data_source": "openstreetmap",
        "verified_official": false,
        "position_type": "osm_recorded",
        "last_checked": "2026-10-09"
      },
      "geometry": {
        "type": "Point",
        "coordinates": [
          106.7311185,
          10.7963633
        ]
      }
    },
    {
      "type": "Feature",
      "id": "node/3334248657",
      "properties": {
        "name": "Đại học Khoa học Xã hội Nhân văn",
        "category": "bus_stop",
        "osm_id": "node/3334248657",
        "operator": null,
        "osm_url": "https://www.openstreetmap.org/node/3334248657",
        "data_source": "openstreetmap",
        "verified_official": false,
        "position_type": "osm_recorded",
        "last_checked": "2026-10-09"
      },
      "geometry": {
        "type": "Point",
        "coordinates": [
          106.7025976,
          10.7857614
        ]
      }
    },
    {
      "type": "Feature",
      "id": "node/3334248658",
      "properties": {
        "name": "Trạm Xe Bus Đại Học Khoa Học Xã Hội Nhân Văn",
        "category": "bus_stop",
        "osm_id": "node/3334248658",
        "operator": null,
        "osm_url": "https://www.openstreetmap.org/node/3334248658",
        "data_source": "openstreetmap",
        "verified_official": false,
        "position_type": "osm_recorded",
        "last_checked": "2026-10-09"
      },
      "geometry": {
        "type": "Point",
        "coordinates": [
          106.7024048,
          10.7857132
        ]
      }
    },
    {
      "type": "Feature",
      "id": "node/3335337340",
      "properties": {
        "name": "Công trường Mê Linh",
        "category": "bus_stop",
        "osm_id": "node/3335337340",
        "operator": null,
        "osm_url": "https://www.openstreetmap.org/node/3335337340",
        "data_source": "openstreetmap",
        "verified_official": false,
        "position_type": "osm_recorded",
        "last_checked": "2026-10-09"
      },
      "geometry": {
        "type": "Point",
        "coordinates": [
          106.7058354,
          10.776917
        ]
      }
    },
    {
      "type": "Feature",
      "id": "node/3339195232",
      "properties": {
        "name": "Công trường Mê Linh",
        "category": "bus_stop",
        "osm_id": "node/3339195232",
        "operator": null,
        "osm_url": "https://www.openstreetmap.org/node/3339195232",
        "data_source": "openstreetmap",
        "verified_official": false,
        "position_type": "osm_recorded",
        "last_checked": "2026-10-09"
      },
      "geometry": {
        "type": "Point",
        "coordinates": [
          106.7056997,
          10.7760722
        ]
      }
    },
    {
      "type": "Feature",
      "id": "node/4582296802",
      "properties": {
        "name": "Ấp Chiến lược",
        "category": "bus_stop",
        "osm_id": "node/4582296802",
        "operator": null,
        "osm_url": "https://www.openstreetmap.org/node/4582296802",
        "data_source": "openstreetmap",
        "verified_official": false,
        "position_type": "osm_recorded",
        "last_checked": "2026-10-09"
      },
      "geometry": {
        "type": "Point",
        "coordinates": [
          106.622842,
          10.7610857
        ]
      }
    },
    {
      "type": "Feature",
      "id": "node/4582296803",
      "properties": {
        "name": "Trạm Xe Bus UBND Phường Bình Trị Đông",
        "category": "bus_stop",
        "osm_id": "node/4582296803",
        "operator": null,
        "osm_url": "https://www.openstreetmap.org/node/4582296803",
        "data_source": "openstreetmap",
        "verified_official": false,
        "position_type": "osm_recorded",
        "last_checked": "2026-10-09"
      },
      "geometry": {
        "type": "Point",
        "coordinates": [
          106.6217586,
          10.7621276
        ]
      }
    },
    {
      "type": "Feature",
      "id": "node/4587199109",
      "properties": {
        "name": "Chợ Tân Hòa Đông",
        "category": "bus_stop",
        "osm_id": "node/4587199109",
        "operator": null,
        "osm_url": "https://www.openstreetmap.org/node/4587199109",
        "data_source": "openstreetmap",
        "verified_official": false,
        "position_type": "osm_recorded",
        "last_checked": "2026-10-09"
      },
      "geometry": {
        "type": "Point",
        "coordinates": [
          106.6266055,
          10.7598256
        ]
      }
    },
    {
      "type": "Feature",
      "id": "node/4605904092",
      "properties": {
        "name": "Điểm dừng xe buýt 4605904092",
        "category": "bus_stop",
        "osm_id": "node/4605904092",
        "operator": null,
        "osm_url": "https://www.openstreetmap.org/node/4605904092",
        "data_source": "openstreetmap",
        "verified_official": false,
        "position_type": "osm_recorded",
        "last_checked": "2026-10-09"
      },
      "geometry": {
        "type": "Point",
        "coordinates": [
          106.730862,
          10.7326841
        ]
      }
    },
    {
      "type": "Feature",
      "id": "node/4765785888",
      "properties": {
        "name": "Bến xe Miền Đông mới",
        "category": "bus_stop",
        "osm_id": "node/4765785888",
        "operator": null,
        "osm_url": "https://www.openstreetmap.org/node/4765785888",
        "data_source": "openstreetmap",
        "verified_official": false,
        "position_type": "osm_recorded",
        "last_checked": "2026-10-09"
      },
      "geometry": {
        "type": "Point",
        "coordinates": [
          106.8149833,
          10.8785678
        ]
      }
    },
    {
      "type": "Feature",
      "id": "node/4765823672",
      "properties": {
        "name": "Ký túc xá Khu A Đại học Quốc gia Thành phố",
        "category": "bus_stop",
        "osm_id": "node/4765823672",
        "operator": null,
        "osm_url": "https://www.openstreetmap.org/node/4765823672",
        "data_source": "openstreetmap",
        "verified_official": false,
        "position_type": "osm_recorded",
        "last_checked": "2026-10-09"
      },
      "geometry": {
        "type": "Point",
        "coordinates": [
          106.8048791,
          10.8756468
        ]
      }
    },
    {
      "type": "Feature",
      "id": "node/4765854022",
      "properties": {
        "name": "Hồ Đá",
        "category": "bus_stop",
        "osm_id": "node/4765854022",
        "operator": null,
        "osm_url": "https://www.openstreetmap.org/node/4765854022",
        "data_source": "openstreetmap",
        "verified_official": false,
        "position_type": "osm_recorded",
        "last_checked": "2026-10-09"
      },
      "geometry": {
        "type": "Point",
        "coordinates": [
          106.8002698,
          10.8829683
        ]
      }
    },
    {
      "type": "Feature",
      "id": "node/4766201337",
      "properties": {
        "name": "Đại học Quốc Tế",
        "category": "bus_stop",
        "osm_id": "node/4766201337",
        "operator": null,
        "osm_url": "https://www.openstreetmap.org/node/4766201337",
        "data_source": "openstreetmap",
        "verified_official": false,
        "position_type": "osm_recorded",
        "last_checked": "2026-10-09"
      },
      "geometry": {
        "type": "Point",
        "coordinates": [
          106.8028797,
          10.8771183
        ]
      }
    },
    {
      "type": "Feature",
      "id": "node/4778623924",
      "properties": {
        "name": "Trạm Xe Bus Công Ty Seiwa Electric",
        "category": "bus_stop",
        "osm_id": "node/4778623924",
        "operator": null,
        "osm_url": "https://www.openstreetmap.org/node/4778623924",
        "data_source": "openstreetmap",
        "verified_official": false,
        "position_type": "osm_recorded",
        "last_checked": "2026-10-09"
      },
      "geometry": {
        "type": "Point",
        "coordinates": [
          106.7463565,
          10.7618335
        ]
      }
    },
    {
      "type": "Feature",
      "id": "node/4778623925",
      "properties": {
        "name": "Công ty Nidec",
        "category": "bus_stop",
        "osm_id": "node/4778623925",
        "operator": null,
        "osm_url": "https://www.openstreetmap.org/node/4778623925",
        "data_source": "openstreetmap",
        "verified_official": false,
        "position_type": "osm_recorded",
        "last_checked": "2026-10-09"
      },
      "geometry": {
        "type": "Point",
        "coordinates": [
          106.7454257,
          10.7624876
        ]
      }
    },
    {
      "type": "Feature",
      "id": "node/4778669221",
      "properties": {
        "name": "Công ty Chubu-Rika",
        "category": "bus_stop",
        "osm_id": "node/4778669221",
        "operator": null,
        "osm_url": "https://www.openstreetmap.org/node/4778669221",
        "data_source": "openstreetmap",
        "verified_official": false,
        "position_type": "osm_recorded",
        "last_checked": "2026-10-09"
      },
      "geometry": {
        "type": "Point",
        "coordinates": [
          106.7442058,
          10.7635398
        ]
      }
    },
    {
      "type": "Feature",
      "id": "node/4778669523",
      "properties": {
        "name": "Công ty FPT",
        "category": "bus_stop",
        "osm_id": "node/4778669523",
        "operator": null,
        "osm_url": "https://www.openstreetmap.org/node/4778669523",
        "data_source": "openstreetmap",
        "verified_official": false,
        "position_type": "osm_recorded",
        "last_checked": "2026-10-09"
      },
      "geometry": {
        "type": "Point",
        "coordinates": [
          106.7456706,
          10.7677446
        ]
      }
    },
    {
      "type": "Feature",
      "id": "node/4778686221",
      "properties": {
        "name": "Trạm Xe Bus Công Ty Kim May Organ",
        "category": "bus_stop",
        "osm_id": "node/4778686221",
        "operator": null,
        "osm_url": "https://www.openstreetmap.org/node/4778686221",
        "data_source": "openstreetmap",
        "verified_official": false,
        "position_type": "osm_recorded",
        "last_checked": "2026-10-09"
      },
      "geometry": {
        "type": "Point",
        "coordinates": [
          106.7399675,
          10.7703275
        ]
      }
    },
    {
      "type": "Feature",
      "id": "node/4803521422",
      "properties": {
        "name": "Đường G",
        "category": "bus_stop",
        "osm_id": "node/4803521422",
        "operator": null,
        "osm_url": "https://www.openstreetmap.org/node/4803521422",
        "data_source": "openstreetmap",
        "verified_official": false,
        "position_type": "osm_recorded",
        "last_checked": "2026-10-09"
      },
      "geometry": {
        "type": "Point",
        "coordinates": [
          106.7276628,
          10.7165022
        ]
      }
    },
    {
      "type": "Feature",
      "id": "node/4809145168",
      "properties": {
        "name": "Trạm 30,52",
        "category": "bus_stop",
        "osm_id": "node/4809145168",
        "operator": null,
        "osm_url": "https://www.openstreetmap.org/node/4809145168",
        "data_source": "openstreetmap",
        "verified_official": false,
        "position_type": "osm_recorded",
        "last_checked": "2026-10-09"
      },
      "geometry": {
        "type": "Point",
        "coordinates": [
          106.8016319,
          10.8775678
        ]
      }
    },
    {
      "type": "Feature",
      "id": "node/4822284922",
      "properties": {
        "name": "Ctyibi",
        "category": "bus_stop",
        "osm_id": "node/4822284922",
        "operator": "yyyyy",
        "osm_url": "https://www.openstreetmap.org/node/4822284922",
        "data_source": "openstreetmap",
        "verified_official": false,
        "position_type": "osm_recorded",
        "last_checked": "2026-10-09"
      },
      "geometry": {
        "type": "Point",
        "coordinates": [
          106.7127296,
          10.7360143
        ]
      }
    },
    {
      "type": "Feature",
      "id": "node/4838067240",
      "properties": {
        "name": "Nhà khách Đại học Quốc gia",
        "category": "bus_stop",
        "osm_id": "node/4838067240",
        "operator": null,
        "osm_url": "https://www.openstreetmap.org/node/4838067240",
        "data_source": "openstreetmap",
        "verified_official": false,
        "position_type": "osm_recorded",
        "last_checked": "2026-10-09"
      },
      "geometry": {
        "type": "Point",
        "coordinates": [
          106.7954711,
          10.8806696
        ]
      }
    },
    {
      "type": "Feature",
      "id": "node/4838067292",
      "properties": {
        "name": "Đại học Khoa học Xã hội và Nhân văn",
        "category": "bus_stop",
        "osm_id": "node/4838067292",
        "operator": null,
        "osm_url": "https://www.openstreetmap.org/node/4838067292",
        "data_source": "openstreetmap",
        "verified_official": false,
        "position_type": "osm_recorded",
        "last_checked": "2026-10-09"
      },
      "geometry": {
        "type": "Point",
        "coordinates": [
          106.8023132,
          10.873447
        ]
      }
    },
    {
      "type": "Feature",
      "id": "node/4855522206",
      "properties": {
        "name": "Nguyễn Đức Cảnh",
        "category": "bus_stop",
        "osm_id": "node/4855522206",
        "operator": null,
        "osm_url": "https://www.openstreetmap.org/node/4855522206",
        "data_source": "openstreetmap",
        "verified_official": false,
        "position_type": "osm_recorded",
        "last_checked": "2026-10-09"
      },
      "geometry": {
        "type": "Point",
        "coordinates": [
          106.7093646,
          10.7282359
        ]
      }
    },
    {
      "type": "Feature",
      "id": "node/4855522207",
      "properties": {
        "name": "Hưng Vượng",
        "category": "bus_stop",
        "osm_id": "node/4855522207",
        "operator": null,
        "osm_url": "https://www.openstreetmap.org/node/4855522207",
        "data_source": "openstreetmap",
        "verified_official": false,
        "position_type": "osm_recorded",
        "last_checked": "2026-10-09"
      },
      "geometry": {
        "type": "Point",
        "coordinates": [
          106.7096053,
          10.7292867
        ]
      }
    },
    {
      "type": "Feature",
      "id": "node/4855836437",
      "properties": {
        "name": "Trạm Xe Bus Cityview Shuttle",
        "category": "bus_stop",
        "osm_id": "node/4855836437",
        "operator": null,
        "osm_url": "https://www.openstreetmap.org/node/4855836437",
        "data_source": "openstreetmap",
        "verified_official": false,
        "position_type": "osm_recorded",
        "last_checked": "2026-10-09"
      },
      "geometry": {
        "type": "Point",
        "coordinates": [
          106.7047024,
          10.7744984
        ]
      }
    },
    {
      "type": "Feature",
      "id": "node/4871042893",
      "properties": {
        "name": "Đường Số 6",
        "category": "bus_stop",
        "osm_id": "node/4871042893",
        "operator": null,
        "osm_url": "https://www.openstreetmap.org/node/4871042893",
        "data_source": "openstreetmap",
        "verified_official": false,
        "position_type": "osm_recorded",
        "last_checked": "2026-10-09"
      },
      "geometry": {
        "type": "Point",
        "coordinates": [
          106.7068066,
          10.7299253
        ]
      }
    },
    {
      "type": "Feature",
      "id": "node/4935382221",
      "properties": {
        "name": "Công viên Phú Lâm",
        "category": "bus_stop",
        "osm_id": "node/4935382221",
        "operator": null,
        "osm_url": "https://www.openstreetmap.org/node/4935382221",
        "data_source": "openstreetmap",
        "verified_official": false,
        "position_type": "osm_recorded",
        "last_checked": "2026-10-09"
      },
      "geometry": {
        "type": "Point",
        "coordinates": [
          106.6263314,
          10.7475408
        ]
      }
    },
    {
      "type": "Feature",
      "id": "node/4985967121",
      "properties": {
        "name": "Điểm dừng xe buýt 4985967121",
        "category": "bus_stop",
        "osm_id": "node/4985967121",
        "operator": null,
        "osm_url": "https://www.openstreetmap.org/node/4985967121",
        "data_source": "openstreetmap",
        "verified_official": false,
        "position_type": "osm_recorded",
        "last_checked": "2026-10-09"
      },
      "geometry": {
        "type": "Point",
        "coordinates": [
          106.7988673,
          10.8276735
        ]
      }
    },
    {
      "type": "Feature",
      "id": "node/5057883525",
      "properties": {
        "name": "khu vực suon khách cau ong bo",
        "category": "bus_stop",
        "osm_id": "node/5057883525",
        "operator": null,
        "osm_url": "https://www.openstreetmap.org/node/5057883525",
        "data_source": "openstreetmap",
        "verified_official": false,
        "position_type": "osm_recorded",
        "last_checked": "2026-10-09"
      },
      "geometry": {
        "type": "Point",
        "coordinates": [
          106.7123942,
          10.9023801
        ]
      }
    },
    {
      "type": "Feature",
      "id": "node/5058371622",
      "properties": {
        "name": "cong ty le anh",
        "category": "bus_stop",
        "osm_id": "node/5058371622",
        "operator": null,
        "osm_url": "https://www.openstreetmap.org/node/5058371622",
        "data_source": "openstreetmap",
        "verified_official": false,
        "position_type": "osm_recorded",
        "last_checked": "2026-10-09"
      },
      "geometry": {
        "type": "Point",
        "coordinates": [
          106.6999208,
          10.8769994
        ]
      }
    },
    {
      "type": "Feature",
      "id": "node/5096427044",
      "properties": {
        "name": "CX so 4",
        "category": "bus_stop",
        "osm_id": "node/5096427044",
        "operator": null,
        "osm_url": "https://www.openstreetmap.org/node/5096427044",
        "data_source": "openstreetmap",
        "verified_official": false,
        "position_type": "osm_recorded",
        "last_checked": "2026-10-09"
      },
      "geometry": {
        "type": "Point",
        "coordinates": [
          106.7133734,
          10.9208795
        ]
      }
    },
    {
      "type": "Feature",
      "id": "node/5096427046",
      "properties": {
        "name": "Cách cổng chào vip 100 ( Rửa xe Bảo Nga 42) - Gò Đậu -> Cổng chào Bình Dương",
        "category": "bus_stop",
        "osm_id": "node/5096427046",
        "operator": null,
        "osm_url": "https://www.openstreetmap.org/node/5096427046",
        "data_source": "openstreetmap",
        "verified_official": false,
        "position_type": "osm_recorded",
        "last_checked": "2026-10-09"
      },
      "geometry": {
        "type": "Point",
        "coordinates": [
          106.7131202,
          10.9229463
        ]
      }
    },
    {
      "type": "Feature",
      "id": "node/5108995121",
      "properties": {
        "name": "CX số 41",
        "category": "bus_stop",
        "osm_id": "node/5108995121",
        "operator": null,
        "osm_url": "https://www.openstreetmap.org/node/5108995121",
        "data_source": "openstreetmap",
        "verified_official": false,
        "position_type": "osm_recorded",
        "last_checked": "2026-10-09"
      },
      "geometry": {
        "type": "Point",
        "coordinates": [
          106.7064659,
          10.89476
        ]
      }
    },
    {
      "type": "Feature",
      "id": "node/5108995122",
      "properties": {
        "name": "LOTTE Mart Bình Dương",
        "category": "bus_stop",
        "osm_id": "node/5108995122",
        "operator": null,
        "osm_url": "https://www.openstreetmap.org/node/5108995122",
        "data_source": "openstreetmap",
        "verified_official": false,
        "position_type": "osm_recorded",
        "last_checked": "2026-10-09"
      },
      "geometry": {
        "type": "Point",
        "coordinates": [
          106.7124763,
          10.9046812
        ]
      }
    },
    {
      "type": "Feature",
      "id": "node/5128209821",
      "properties": {
        "name": "Đường Số 19",
        "category": "bus_stop",
        "osm_id": "node/5128209821",
        "operator": null,
        "osm_url": "https://www.openstreetmap.org/node/5128209821",
        "data_source": "openstreetmap",
        "verified_official": false,
        "position_type": "osm_recorded",
        "last_checked": "2026-10-09"
      },
      "geometry": {
        "type": "Point",
        "coordinates": [
          106.7269811,
          10.7185281
        ]
      }
    },
    {
      "type": "Feature",
      "id": "node/5129370922",
      "properties": {
        "name": "Xây dựng Ngọc Bảo",
        "category": "bus_stop",
        "osm_id": "node/5129370922",
        "operator": null,
        "osm_url": "https://www.openstreetmap.org/node/5129370922",
        "data_source": "openstreetmap",
        "verified_official": false,
        "position_type": "osm_recorded",
        "last_checked": "2026-10-09"
      },
      "geometry": {
        "type": "Point",
        "coordinates": [
          106.7232534,
          10.8666673
        ]
      }
    },
    {
      "type": "Feature",
      "id": "node/5129660921",
      "properties": {
        "name": "thu phí lái thiêu",
        "category": "bus_stop",
        "osm_id": "node/5129660921",
        "operator": null,
        "osm_url": "https://www.openstreetmap.org/node/5129660921",
        "data_source": "openstreetmap",
        "verified_official": false,
        "position_type": "osm_recorded",
        "last_checked": "2026-10-09"
      },
      "geometry": {
        "type": "Point",
        "coordinates": [
          106.6999269,
          10.8868037
        ]
      }
    },
    {
      "type": "Feature",
      "id": "node/5163180521",
      "properties": {
        "name": "Đối diện Vạn Lộc Phát Palace",
        "category": "bus_stop",
        "osm_id": "node/5163180521",
        "operator": null,
        "osm_url": "https://www.openstreetmap.org/node/5163180521",
        "data_source": "openstreetmap",
        "verified_official": false,
        "position_type": "osm_recorded",
        "last_checked": "2026-10-09"
      },
      "geometry": {
        "type": "Point",
        "coordinates": [
          106.7020002,
          10.8739509
        ]
      }
    },
    {
      "type": "Feature",
      "id": "node/5192476721",
      "properties": {
        "name": "Sở Tài nguyên và Môi trường",
        "category": "bus_stop",
        "osm_id": "node/5192476721",
        "operator": null,
        "osm_url": "https://www.openstreetmap.org/node/5192476721",
        "data_source": "openstreetmap",
        "verified_official": false,
        "position_type": "osm_recorded",
        "last_checked": "2026-10-09"
      },
      "geometry": {
        "type": "Point",
        "coordinates": [
          106.7003573,
          10.7771741
        ]
      }
    },
    {
      "type": "Feature",
      "id": "node/5199014721",
      "properties": {
        "name": "Cầu Điện Biên Phủ",
        "category": "bus_stop",
        "osm_id": "node/5199014721",
        "operator": null,
        "osm_url": "https://www.openstreetmap.org/node/5199014721",
        "data_source": "openstreetmap",
        "verified_official": false,
        "position_type": "osm_recorded",
        "last_checked": "2026-10-09"
      },
      "geometry": {
        "type": "Point",
        "coordinates": [
          106.7016883,
          10.795104
        ]
      }
    },
    {
      "type": "Feature",
      "id": "node/5416310315",
      "properties": {
        "name": "Bến Bạch Đằng",
        "category": "bus_stop",
        "osm_id": "node/5416310315",
        "operator": null,
        "osm_url": "https://www.openstreetmap.org/node/5416310315",
        "data_source": "openstreetmap",
        "verified_official": false,
        "position_type": "osm_recorded",
        "last_checked": "2026-10-09"
      },
      "geometry": {
        "type": "Point",
        "coordinates": [
          106.7066444,
          10.774068
        ]
      }
    },
    {
      "type": "Feature",
      "id": "node/5423964121",
      "properties": {
        "name": "Ký túc xá Trần Hưng Đạo",
        "category": "bus_stop",
        "osm_id": "node/5423964121",
        "operator": null,
        "osm_url": "https://www.openstreetmap.org/node/5423964121",
        "data_source": "openstreetmap",
        "verified_official": false,
        "position_type": "osm_recorded",
        "last_checked": "2026-10-09"
      },
      "geometry": {
        "type": "Point",
        "coordinates": [
          106.6947718,
          10.7674317
        ]
      }
    },
    {
      "type": "Feature",
      "id": "node/5423964222",
      "properties": {
        "name": "Rạp phim Trần Hưng Đạo",
        "category": "bus_stop",
        "osm_id": "node/5423964222",
        "operator": null,
        "osm_url": "https://www.openstreetmap.org/node/5423964222",
        "data_source": "openstreetmap",
        "verified_official": false,
        "position_type": "osm_recorded",
        "last_checked": "2026-10-09"
      },
      "geometry": {
        "type": "Point",
        "coordinates": [
          106.6933395,
          10.7658046
        ]
      }
    },
    {
      "type": "Feature",
      "id": "node/5436848724",
      "properties": {
        "name": "Bệnh viện Việt Pháp",
        "category": "bus_stop",
        "osm_id": "node/5436848724",
        "operator": null,
        "osm_url": "https://www.openstreetmap.org/node/5436848724",
        "data_source": "openstreetmap",
        "verified_official": false,
        "position_type": "osm_recorded",
        "last_checked": "2026-10-09"
      },
      "geometry": {
        "type": "Point",
        "coordinates": [
          106.7196433,
          10.7302821
        ]
      }
    },
    {
      "type": "Feature",
      "id": "node/5436849621",
      "properties": {
        "name": "Trạm Xe Bus Miếu Bà Cô",
        "category": "bus_stop",
        "osm_id": "node/5436849621",
        "operator": null,
        "osm_url": "https://www.openstreetmap.org/node/5436849621",
        "data_source": "openstreetmap",
        "verified_official": false,
        "position_type": "osm_recorded",
        "last_checked": "2026-10-09"
      },
      "geometry": {
        "type": "Point",
        "coordinates": [
          106.7128429,
          10.7517754
        ]
      }
    },
    {
      "type": "Feature",
      "id": "node/5436849622",
      "properties": {
        "name": "Miếu Bà Cô",
        "category": "bus_stop",
        "osm_id": "node/5436849622",
        "operator": null,
        "osm_url": "https://www.openstreetmap.org/node/5436849622",
        "data_source": "openstreetmap",
        "verified_official": false,
        "position_type": "osm_recorded",
        "last_checked": "2026-10-09"
      },
      "geometry": {
        "type": "Point",
        "coordinates": [
          106.7125082,
          10.7518892
        ]
      }
    },
    {
      "type": "Feature",
      "id": "node/5933108286",
      "properties": {
        "name": "Cầu Vĩnh Bình",
        "category": "bus_stop",
        "osm_id": "node/5933108286",
        "operator": null,
        "osm_url": "https://www.openstreetmap.org/node/5933108286",
        "data_source": "openstreetmap",
        "verified_official": false,
        "position_type": "osm_recorded",
        "last_checked": "2026-10-09"
      },
      "geometry": {
        "type": "Point",
        "coordinates": [
          106.7178325,
          10.8680424
        ]
      }
    },
    {
      "type": "Feature",
      "id": "node/6047997501",
      "properties": {
        "name": "Bảo Tàng Mỹ Thuật",
        "category": "bus_stop",
        "osm_id": "node/6047997501",
        "operator": null,
        "osm_url": "https://www.openstreetmap.org/node/6047997501",
        "data_source": "openstreetmap",
        "verified_official": false,
        "position_type": "osm_recorded",
        "last_checked": "2026-10-09"
      },
      "geometry": {
        "type": "Point",
        "coordinates": [
          106.6996581,
          10.7691968
        ]
      }
    },
    {
      "type": "Feature",
      "id": "node/6047997502",
      "properties": {
        "name": "Tòa nhà Bitexco",
        "category": "bus_stop",
        "osm_id": "node/6047997502",
        "operator": null,
        "osm_url": "https://www.openstreetmap.org/node/6047997502",
        "data_source": "openstreetmap",
        "verified_official": false,
        "position_type": "osm_recorded",
        "last_checked": "2026-10-09"
      },
      "geometry": {
        "type": "Point",
        "coordinates": [
          106.704864,
          10.7706801
        ]
      }
    },
    {
      "type": "Feature",
      "id": "node/6128564185",
      "properties": {
        "name": "Lê Thánh Tôn",
        "category": "bus_stop",
        "osm_id": "node/6128564185",
        "operator": null,
        "osm_url": "https://www.openstreetmap.org/node/6128564185",
        "data_source": "openstreetmap",
        "verified_official": false,
        "position_type": "osm_recorded",
        "last_checked": "2026-10-09"
      },
      "geometry": {
        "type": "Point",
        "coordinates": [
          106.7007175,
          10.7750733
        ]
      }
    },
    {
      "type": "Feature",
      "id": "node/6315351594",
      "properties": {
        "name": "Thư viện Khoa học Tổng hợp",
        "category": "bus_stop",
        "osm_id": "node/6315351594",
        "operator": null,
        "osm_url": "https://www.openstreetmap.org/node/6315351594",
        "data_source": "openstreetmap",
        "verified_official": false,
        "position_type": "osm_recorded",
        "last_checked": "2026-10-09"
      },
      "geometry": {
        "type": "Point",
        "coordinates": [
          106.6988245,
          10.7755096
        ]
      }
    },
    {
      "type": "Feature",
      "id": "node/6315351599",
      "properties": {
        "name": "Nguyễn Kim",
        "category": "bus_stop",
        "osm_id": "node/6315351599",
        "operator": null,
        "osm_url": "https://www.openstreetmap.org/node/6315351599",
        "data_source": "openstreetmap",
        "verified_official": false,
        "position_type": "osm_recorded",
        "last_checked": "2026-10-09"
      },
      "geometry": {
        "type": "Point",
        "coordinates": [
          106.6957937,
          10.7683789
        ]
      }
    },
    {
      "type": "Feature",
      "id": "node/6315672385",
      "properties": {
        "name": "Nguyễn Thị Nghĩa",
        "category": "bus_stop",
        "osm_id": "node/6315672385",
        "operator": null,
        "osm_url": "https://www.openstreetmap.org/node/6315672385",
        "data_source": "openstreetmap",
        "verified_official": false,
        "position_type": "osm_recorded",
        "last_checked": "2026-10-09"
      },
      "geometry": {
        "type": "Point",
        "coordinates": [
          106.693696,
          10.768802
        ]
      }
    },
    {
      "type": "Feature",
      "id": "node/6315672832",
      "properties": {
        "name": "Giao lộ Hàm Nghi - Tôn Thất Đạm",
        "category": "bus_stop",
        "osm_id": "node/6315672832",
        "operator": null,
        "osm_url": "https://www.openstreetmap.org/node/6315672832",
        "data_source": "openstreetmap",
        "verified_official": false,
        "position_type": "osm_recorded",
        "last_checked": "2026-10-09"
      },
      "geometry": {
        "type": "Point",
        "coordinates": [
          106.7030582,
          10.7707776
        ]
      }
    },
    {
      "type": "Feature",
      "id": "node/6315672852",
      "properties": {
        "name": "Trần Hưng Đạo",
        "category": "bus_stop",
        "osm_id": "node/6315672852",
        "operator": null,
        "osm_url": "https://www.openstreetmap.org/node/6315672852",
        "data_source": "openstreetmap",
        "verified_official": false,
        "position_type": "osm_recorded",
        "last_checked": "2026-10-09"
      },
      "geometry": {
        "type": "Point",
        "coordinates": [
          106.695205,
          10.7685405
        ]
      }
    },
    {
      "type": "Feature",
      "id": "node/6315690598",
      "properties": {
        "name": "Công viên Lê Văn Tám",
        "category": "bus_stop",
        "osm_id": "node/6315690598",
        "operator": null,
        "osm_url": "https://www.openstreetmap.org/node/6315690598",
        "data_source": "openstreetmap",
        "verified_official": false,
        "position_type": "osm_recorded",
        "last_checked": "2026-10-09"
      },
      "geometry": {
        "type": "Point",
        "coordinates": [
          106.6926157,
          10.7874018
        ]
      }
    },
    {
      "type": "Feature",
      "id": "node/6319111454",
      "properties": {
        "name": "Du Lịch Danh Danh",
        "category": "bus_stop",
        "osm_id": "node/6319111454",
        "operator": null,
        "osm_url": "https://www.openstreetmap.org/node/6319111454",
        "data_source": "openstreetmap",
        "verified_official": false,
        "position_type": "osm_recorded",
        "last_checked": "2026-10-09"
      },
      "geometry": {
        "type": "Point",
        "coordinates": [
          106.6912882,
          10.7677332
        ]
      }
    },
    {
      "type": "Feature",
      "id": "node/6393868956",
      "properties": {
        "name": "Trung tâm Văn hóa Quận 4",
        "category": "bus_stop",
        "osm_id": "node/6393868956",
        "operator": null,
        "osm_url": "https://www.openstreetmap.org/node/6393868956",
        "data_source": "openstreetmap",
        "verified_official": false,
        "position_type": "osm_recorded",
        "last_checked": "2026-10-09"
      },
      "geometry": {
        "type": "Point",
        "coordinates": [
          106.6960779,
          10.7600434
        ]
      }
    },
    {
      "type": "Feature",
      "id": "node/6393868957",
      "properties": {
        "name": "Trung tâm Văn hóa Quận 4",
        "category": "bus_stop",
        "osm_id": "node/6393868957",
        "operator": null,
        "osm_url": "https://www.openstreetmap.org/node/6393868957",
        "data_source": "openstreetmap",
        "verified_official": false,
        "position_type": "osm_recorded",
        "last_checked": "2026-10-09"
      },
      "geometry": {
        "type": "Point",
        "coordinates": [
          106.6959565,
          10.7598016
        ]
      }
    },
    {
      "type": "Feature",
      "id": "node/6503356088",
      "properties": {
        "name": "Uỷ ban Nhân dân Phường Cát Lái",
        "category": "bus_stop",
        "osm_id": "node/6503356088",
        "operator": null,
        "osm_url": "https://www.openstreetmap.org/node/6503356088",
        "data_source": "openstreetmap",
        "verified_official": false,
        "position_type": "osm_recorded",
        "last_checked": "2026-10-09"
      },
      "geometry": {
        "type": "Point",
        "coordinates": [
          106.7693459,
          10.7741963
        ]
      }
    },
    {
      "type": "Feature",
      "id": "node/6503360384",
      "properties": {
        "name": "Chợ Cây Xoài",
        "category": "bus_stop",
        "osm_id": "node/6503360384",
        "operator": null,
        "osm_url": "https://www.openstreetmap.org/node/6503360384",
        "data_source": "openstreetmap",
        "verified_official": false,
        "position_type": "osm_recorded",
        "last_checked": "2026-10-09"
      },
      "geometry": {
        "type": "Point",
        "coordinates": [
          106.7671146,
          10.7757626
        ]
      }
    },
    {
      "type": "Feature",
      "id": "node/6503368260",
      "properties": {
        "name": "Đường số 10",
        "category": "bus_stop",
        "osm_id": "node/6503368260",
        "operator": null,
        "osm_url": "https://www.openstreetmap.org/node/6503368260",
        "data_source": "openstreetmap",
        "verified_official": false,
        "position_type": "osm_recorded",
        "last_checked": "2026-10-09"
      },
      "geometry": {
        "type": "Point",
        "coordinates": [
          106.7644917,
          10.7775888
        ]
      }
    },
    {
      "type": "Feature",
      "id": "node/6512288953",
      "properties": {
        "name": "Chợ dân sinh - Ký Con",
        "category": "bus_stop",
        "osm_id": "node/6512288953",
        "operator": null,
        "osm_url": "https://www.openstreetmap.org/node/6512288953",
        "data_source": "openstreetmap",
        "verified_official": false,
        "position_type": "osm_recorded",
        "last_checked": "2026-10-09"
      },
      "geometry": {
        "type": "Point",
        "coordinates": [
          106.6982744,
          10.76735
        ]
      }
    },
    {
      "type": "Feature",
      "id": "node/6543789616",
      "properties": {
        "name": "Ký túc xá Khu A Đại học Quốc gia Thành phố",
        "category": "bus_stop",
        "osm_id": "node/6543789616",
        "operator": null,
        "osm_url": "https://www.openstreetmap.org/node/6543789616",
        "data_source": "openstreetmap",
        "verified_official": false,
        "position_type": "osm_recorded",
        "last_checked": "2026-10-09"
      },
      "geometry": {
        "type": "Point",
        "coordinates": [
          106.8050696,
          10.8757817
        ]
      }
    },
    {
      "type": "Feature",
      "id": "node/6543789617",
      "properties": {
        "name": "Vành đại Đại học Quốc gia Thành phố",
        "category": "bus_stop",
        "osm_id": "node/6543789617",
        "operator": null,
        "osm_url": "https://www.openstreetmap.org/node/6543789617",
        "data_source": "openstreetmap",
        "verified_official": false,
        "position_type": "osm_recorded",
        "last_checked": "2026-10-09"
      },
      "geometry": {
        "type": "Point",
        "coordinates": [
          106.807006,
          10.8743732
        ]
      }
    },
    {
      "type": "Feature",
      "id": "node/6741814225",
      "properties": {
        "name": "Đại học Quốc Tế",
        "category": "bus_stop",
        "osm_id": "node/6741814225",
        "operator": null,
        "osm_url": "https://www.openstreetmap.org/node/6741814225",
        "data_source": "openstreetmap",
        "verified_official": false,
        "position_type": "osm_recorded",
        "last_checked": "2026-10-09"
      },
      "geometry": {
        "type": "Point",
        "coordinates": [
          106.8027593,
          10.8781334
        ]
      }
    },
    {
      "type": "Feature",
      "id": "node/6742352526",
      "properties": {
        "name": "Đại học Quốc tế",
        "category": "bus_stop",
        "osm_id": "node/6742352526",
        "operator": null,
        "osm_url": "https://www.openstreetmap.org/node/6742352526",
        "data_source": "openstreetmap",
        "verified_official": false,
        "position_type": "osm_recorded",
        "last_checked": "2026-10-09"
      },
      "geometry": {
        "type": "Point",
        "coordinates": [
          106.802483,
          10.8763967
        ]
      }
    },
    {
      "type": "Feature",
      "id": "node/6742385295",
      "properties": {
        "name": "Đại học Quốc tế",
        "category": "bus_stop",
        "osm_id": "node/6742385295",
        "operator": null,
        "osm_url": "https://www.openstreetmap.org/node/6742385295",
        "data_source": "openstreetmap",
        "verified_official": false,
        "position_type": "osm_recorded",
        "last_checked": "2026-10-09"
      },
      "geometry": {
        "type": "Point",
        "coordinates": [
          106.8024518,
          10.8766409
        ]
      }
    },
    {
      "type": "Feature",
      "id": "node/6775983736",
      "properties": {
        "name": "Thư viện Trung tâm Đại học Quốc gia Thành phố Hồ Chí Minh",
        "category": "bus_stop",
        "osm_id": "node/6775983736",
        "operator": null,
        "osm_url": "https://www.openstreetmap.org/node/6775983736",
        "data_source": "openstreetmap",
        "verified_official": false,
        "position_type": "osm_recorded",
        "last_checked": "2026-10-09"
      },
      "geometry": {
        "type": "Point",
        "coordinates": [
          106.7964782,
          10.8703992
        ]
      }
    },
    {
      "type": "Feature",
      "id": "node/6789351748",
      "properties": {
        "name": "Khách sạn New World",
        "category": "bus_stop",
        "osm_id": "node/6789351748",
        "operator": null,
        "osm_url": "https://www.openstreetmap.org/node/6789351748",
        "data_source": "openstreetmap",
        "verified_official": false,
        "position_type": "osm_recorded",
        "last_checked": "2026-10-09"
      },
      "geometry": {
        "type": "Point",
        "coordinates": [
          106.6959714,
          10.7709974
        ]
      }
    },
    {
      "type": "Feature",
      "id": "node/6795152088",
      "properties": {
        "name": "Khách sạn New World",
        "category": "bus_stop",
        "osm_id": "node/6795152088",
        "operator": null,
        "osm_url": "https://www.openstreetmap.org/node/6795152088",
        "data_source": "openstreetmap",
        "verified_official": false,
        "position_type": "osm_recorded",
        "last_checked": "2026-10-09"
      },
      "geometry": {
        "type": "Point",
        "coordinates": [
          106.6957873,
          10.7712473
        ]
      }
    },
    {
      "type": "Feature",
      "id": "node/6841128309",
      "properties": {
        "name": "Trường Giáo dục Quốc phòng",
        "category": "bus_stop",
        "osm_id": "node/6841128309",
        "operator": null,
        "osm_url": "https://www.openstreetmap.org/node/6841128309",
        "data_source": "openstreetmap",
        "verified_official": false,
        "position_type": "osm_recorded",
        "last_checked": "2026-10-09"
      },
      "geometry": {
        "type": "Point",
        "coordinates": [
          106.8047079,
          10.8692156
        ]
      }
    },
    {
      "type": "Feature",
      "id": "node/6956317386",
      "properties": {
        "name": "Trường Trung học Phổ thông Ernst Thälmann",
        "category": "bus_stop",
        "osm_id": "node/6956317386",
        "operator": null,
        "osm_url": "https://www.openstreetmap.org/node/6956317386",
        "data_source": "openstreetmap",
        "verified_official": false,
        "position_type": "osm_recorded",
        "last_checked": "2026-10-09"
      },
      "geometry": {
        "type": "Point",
        "coordinates": [
          106.6956974,
          10.7695735
        ]
      }
    },
    {
      "type": "Feature",
      "id": "node/7117825386",
      "properties": {
        "name": "Nút giao Trần Não - Mai Chí Thọ",
        "category": "bus_stop",
        "osm_id": "node/7117825386",
        "operator": null,
        "osm_url": "https://www.openstreetmap.org/node/7117825386",
        "data_source": "openstreetmap",
        "verified_official": false,
        "position_type": "osm_recorded",
        "last_checked": "2026-10-09"
      },
      "geometry": {
        "type": "Point",
        "coordinates": [
          106.7287728,
          10.7759747
        ]
      }
    },
    {
      "type": "Feature",
      "id": "node/7183291636",
      "properties": {
        "name": "Khu du lịch Suối Tiên",
        "category": "bus_stop",
        "osm_id": "node/7183291636",
        "operator": null,
        "osm_url": "https://www.openstreetmap.org/node/7183291636",
        "data_source": "openstreetmap",
        "verified_official": false,
        "position_type": "osm_recorded",
        "last_checked": "2026-10-09"
      },
      "geometry": {
        "type": "Point",
        "coordinates": [
          106.8009432,
          10.8660108
        ]
      }
    },
    {
      "type": "Feature",
      "id": "node/7183291637",
      "properties": {
        "name": "Suối Tiên",
        "category": "bus_stop",
        "osm_id": "node/7183291637",
        "operator": null,
        "osm_url": "https://www.openstreetmap.org/node/7183291637",
        "data_source": "openstreetmap",
        "verified_official": false,
        "position_type": "osm_recorded",
        "last_checked": "2026-10-09"
      },
      "geometry": {
        "type": "Point",
        "coordinates": [
          106.802198,
          10.8660736
        ]
      }
    },
    {
      "type": "Feature",
      "id": "node/7520799016",
      "properties": {
        "name": "Hồ Tùng Mậu",
        "category": "bus_stop",
        "osm_id": "node/7520799016",
        "operator": null,
        "osm_url": "https://www.openstreetmap.org/node/7520799016",
        "data_source": "openstreetmap",
        "verified_official": false,
        "position_type": "osm_recorded",
        "last_checked": "2026-10-09"
      },
      "geometry": {
        "type": "Point",
        "coordinates": [
          106.7040322,
          10.7707209
        ]
      }
    },
    {
      "type": "Feature",
      "id": "node/7520799029",
      "properties": {
        "name": "Cục Hải quan Thành phố",
        "category": "bus_stop",
        "osm_id": "node/7520799029",
        "operator": null,
        "osm_url": "https://www.openstreetmap.org/node/7520799029",
        "data_source": "openstreetmap",
        "verified_official": false,
        "position_type": "osm_recorded",
        "last_checked": "2026-10-09"
      },
      "geometry": {
        "type": "Point",
        "coordinates": [
          106.70577,
          10.7706453
        ]
      }
    },
    {
      "type": "Feature",
      "id": "node/7520799030",
      "properties": {
        "name": "Cục Hải quan Thành phố",
        "category": "bus_stop",
        "osm_id": "node/7520799030",
        "operator": null,
        "osm_url": "https://www.openstreetmap.org/node/7520799030",
        "data_source": "openstreetmap",
        "verified_official": false,
        "position_type": "osm_recorded",
        "last_checked": "2026-10-09"
      },
      "geometry": {
        "type": "Point",
        "coordinates": [
          106.7055179,
          10.7708759
        ]
      }
    },
    {
      "type": "Feature",
      "id": "node/7529106481",
      "properties": {
        "name": "Tòa án Nhân dân Quận 1",
        "category": "bus_stop",
        "osm_id": "node/7529106481",
        "operator": null,
        "osm_url": "https://www.openstreetmap.org/node/7529106481",
        "data_source": "openstreetmap",
        "verified_official": false,
        "position_type": "osm_recorded",
        "last_checked": "2026-10-09"
      },
      "geometry": {
        "type": "Point",
        "coordinates": [
          106.7052866,
          10.782509
        ]
      }
    },
    {
      "type": "Feature",
      "id": "node/7739047808",
      "properties": {
        "name": "Đền thờ Ấn Giáo",
        "category": "bus_stop",
        "osm_id": "node/7739047808",
        "operator": null,
        "osm_url": "https://www.openstreetmap.org/node/7739047808",
        "data_source": "openstreetmap",
        "verified_official": false,
        "position_type": "osm_recorded",
        "last_checked": "2026-10-09"
      },
      "geometry": {
        "type": "Point",
        "coordinates": [
          106.7013922,
          10.773505
        ]
      }
    },
    {
      "type": "Feature",
      "id": "node/8359535961",
      "properties": {
        "name": "Bến xe buýt Văn Thánh",
        "category": "bus_stop",
        "osm_id": "node/8359535961",
        "operator": null,
        "osm_url": "https://www.openstreetmap.org/node/8359535961",
        "data_source": "openstreetmap",
        "verified_official": false,
        "position_type": "osm_recorded",
        "last_checked": "2026-10-09"
      },
      "geometry": {
        "type": "Point",
        "coordinates": [
          106.7175314,
          10.8013166
        ]
      }
    },
    {
      "type": "Feature",
      "id": "node/8995060471",
      "properties": {
        "name": "Big C Green Square",
        "category": "bus_stop",
        "osm_id": "node/8995060471",
        "operator": null,
        "osm_url": "https://www.openstreetmap.org/node/8995060471",
        "data_source": "openstreetmap",
        "verified_official": false,
        "position_type": "osm_recorded",
        "last_checked": "2026-10-09"
      },
      "geometry": {
        "type": "Point",
        "coordinates": [
          106.7745224,
          10.8873328
        ]
      }
    },
    {
      "type": "Feature",
      "id": "node/8995060472",
      "properties": {
        "name": "Chùa Từ Quang",
        "category": "bus_stop",
        "osm_id": "node/8995060472",
        "operator": null,
        "osm_url": "https://www.openstreetmap.org/node/8995060472",
        "data_source": "openstreetmap",
        "verified_official": false,
        "position_type": "osm_recorded",
        "last_checked": "2026-10-09"
      },
      "geometry": {
        "type": "Point",
        "coordinates": [
          106.7722414,
          10.8854474
        ]
      }
    },
    {
      "type": "Feature",
      "id": "node/8995060473",
      "properties": {
        "name": "Đường số 8",
        "category": "bus_stop",
        "osm_id": "node/8995060473",
        "operator": null,
        "osm_url": "https://www.openstreetmap.org/node/8995060473",
        "data_source": "openstreetmap",
        "verified_official": false,
        "position_type": "osm_recorded",
        "last_checked": "2026-10-09"
      },
      "geometry": {
        "type": "Point",
        "coordinates": [
          106.7694171,
          10.8820799
        ]
      }
    },
    {
      "type": "Feature",
      "id": "node/8995060474",
      "properties": {
        "name": "Thánh thất Cao Đài Linh Xuân",
        "category": "bus_stop",
        "osm_id": "node/8995060474",
        "operator": null,
        "osm_url": "https://www.openstreetmap.org/node/8995060474",
        "data_source": "openstreetmap",
        "verified_official": false,
        "position_type": "osm_recorded",
        "last_checked": "2026-10-09"
      },
      "geometry": {
        "type": "Point",
        "coordinates": [
          106.7676557,
          10.8799992
        ]
      }
    },
    {
      "type": "Feature",
      "id": "node/8995301239",
      "properties": {
        "name": "Ngã tư Bình Phước",
        "category": "bus_stop",
        "osm_id": "node/8995301239",
        "operator": null,
        "osm_url": "https://www.openstreetmap.org/node/8995301239",
        "data_source": "openstreetmap",
        "verified_official": false,
        "position_type": "osm_recorded",
        "last_checked": "2026-10-09"
      },
      "geometry": {
        "type": "Point",
        "coordinates": [
          106.724551,
          10.8636835
        ]
      }
    },
    {
      "type": "Feature",
      "id": "node/8995301241",
      "properties": {
        "name": "Uỷ ban Nhân dân Phường Hiệp Bình Phước",
        "category": "bus_stop",
        "osm_id": "node/8995301241",
        "operator": null,
        "osm_url": "https://www.openstreetmap.org/node/8995301241",
        "data_source": "openstreetmap",
        "verified_official": false,
        "position_type": "osm_recorded",
        "last_checked": "2026-10-09"
      },
      "geometry": {
        "type": "Point",
        "coordinates": [
          106.7237283,
          10.8596639
        ]
      }
    },
    {
      "type": "Feature",
      "id": "node/8995301242",
      "properties": {
        "name": "Trạm y tế Hiệp Bình Phước",
        "category": "bus_stop",
        "osm_id": "node/8995301242",
        "operator": null,
        "osm_url": "https://www.openstreetmap.org/node/8995301242",
        "data_source": "openstreetmap",
        "verified_official": false,
        "position_type": "osm_recorded",
        "last_checked": "2026-10-09"
      },
      "geometry": {
        "type": "Point",
        "coordinates": [
          106.7223285,
          10.8559634
        ]
      }
    },
    {
      "type": "Feature",
      "id": "node/8995301243",
      "properties": {
        "name": "Ngã ba Đường Hiệp Bình",
        "category": "bus_stop",
        "osm_id": "node/8995301243",
        "operator": null,
        "osm_url": "https://www.openstreetmap.org/node/8995301243",
        "data_source": "openstreetmap",
        "verified_official": false,
        "position_type": "osm_recorded",
        "last_checked": "2026-10-09"
      },
      "geometry": {
        "type": "Point",
        "coordinates": [
          106.7207558,
          10.8526309
        ]
      }
    },
    {
      "type": "Feature",
      "id": "node/8995301244",
      "properties": {
        "name": "Ngã ba Hiệp Bình",
        "category": "bus_stop",
        "osm_id": "node/8995301244",
        "operator": null,
        "osm_url": "https://www.openstreetmap.org/node/8995301244",
        "data_source": "openstreetmap",
        "verified_official": false,
        "position_type": "osm_recorded",
        "last_checked": "2026-10-09"
      },
      "geometry": {
        "type": "Point",
        "coordinates": [
          106.7183793,
          10.8487464
        ]
      }
    },
    {
      "type": "Feature",
      "id": "node/8995301264",
      "properties": {
        "name": "Ngã tư Chu Văn An",
        "category": "bus_stop",
        "osm_id": "node/8995301264",
        "operator": null,
        "osm_url": "https://www.openstreetmap.org/node/8995301264",
        "data_source": "openstreetmap",
        "verified_official": false,
        "position_type": "osm_recorded",
        "last_checked": "2026-10-09"
      },
      "geometry": {
        "type": "Point",
        "coordinates": [
          106.7090749,
          10.8097232
        ]
      }
    },
    {
      "type": "Feature",
      "id": "node/8995301266",
      "properties": {
        "name": "Cầu Đinh Bộ Lĩnh",
        "category": "bus_stop",
        "osm_id": "node/8995301266",
        "operator": null,
        "osm_url": "https://www.openstreetmap.org/node/8995301266",
        "data_source": "openstreetmap",
        "verified_official": false,
        "position_type": "osm_recorded",
        "last_checked": "2026-10-09"
      },
      "geometry": {
        "type": "Point",
        "coordinates": [
          106.709341,
          10.8068741
        ]
      }
    },
    {
      "type": "Feature",
      "id": "node/8995301267",
      "properties": {
        "name": "Trạm xăng dầu Đinh Bộ Lĩnh",
        "category": "bus_stop",
        "osm_id": "node/8995301267",
        "operator": null,
        "osm_url": "https://www.openstreetmap.org/node/8995301267",
        "data_source": "openstreetmap",
        "verified_official": false,
        "position_type": "osm_recorded",
        "last_checked": "2026-10-09"
      },
      "geometry": {
        "type": "Point",
        "coordinates": [
          106.709386,
          10.804432
        ]
      }
    },
    {
      "type": "Feature",
      "id": "node/8995301271",
      "properties": {
        "name": "Chợ Hàng Xanh",
        "category": "bus_stop",
        "osm_id": "node/8995301271",
        "operator": null,
        "osm_url": "https://www.openstreetmap.org/node/8995301271",
        "data_source": "openstreetmap",
        "verified_official": false,
        "position_type": "osm_recorded",
        "last_checked": "2026-10-09"
      },
      "geometry": {
        "type": "Point",
        "coordinates": [
          106.7105476,
          10.8027818
        ]
      }
    },
    {
      "type": "Feature",
      "id": "node/8995301276",
      "properties": {
        "name": "Trường Tiểu học Hồng Hà",
        "category": "bus_stop",
        "osm_id": "node/8995301276",
        "operator": null,
        "osm_url": "https://www.openstreetmap.org/node/8995301276",
        "data_source": "openstreetmap",
        "verified_official": false,
        "position_type": "osm_recorded",
        "last_checked": "2026-10-09"
      },
      "geometry": {
        "type": "Point",
        "coordinates": [
          106.71062,
          10.7973383
        ]
      }
    },
    {
      "type": "Feature",
      "id": "node/8995301280",
      "properties": {
        "name": "Nhà thờ Thị Nghè",
        "category": "bus_stop",
        "osm_id": "node/8995301280",
        "operator": null,
        "osm_url": "https://www.openstreetmap.org/node/8995301280",
        "data_source": "openstreetmap",
        "verified_official": false,
        "position_type": "osm_recorded",
        "last_checked": "2026-10-09"
      },
      "geometry": {
        "type": "Point",
        "coordinates": [
          106.7081372,
          10.7937049
        ]
      }
    },
    {
      "type": "Feature",
      "id": "node/8995301281",
      "properties": {
        "name": "Thảo Cầm Viên",
        "category": "bus_stop",
        "osm_id": "node/8995301281",
        "operator": null,
        "osm_url": "https://www.openstreetmap.org/node/8995301281",
        "data_source": "openstreetmap",
        "verified_official": false,
        "position_type": "osm_recorded",
        "last_checked": "2026-10-09"
      },
      "geometry": {
        "type": "Point",
        "coordinates": [
          106.7052576,
          10.7905929
        ]
      }
    },
    {
      "type": "Feature",
      "id": "node/8995301286",
      "properties": {
        "name": "Đài Truyền hình Thành phố",
        "category": "bus_stop",
        "osm_id": "node/8995301286",
        "operator": null,
        "osm_url": "https://www.openstreetmap.org/node/8995301286",
        "data_source": "openstreetmap",
        "verified_official": false,
        "position_type": "osm_recorded",
        "last_checked": "2026-10-09"
      },
      "geometry": {
        "type": "Point",
        "coordinates": [
          106.7021055,
          10.7872273
        ]
      }
    },
    {
      "type": "Feature",
      "id": "node/8995419780",
      "properties": {
        "name": "Đinh Tiên Hoàng",
        "category": "bus_stop",
        "osm_id": "node/8995419780",
        "operator": null,
        "osm_url": "https://www.openstreetmap.org/node/8995419780",
        "data_source": "openstreetmap",
        "verified_official": false,
        "position_type": "osm_recorded",
        "last_checked": "2026-10-09"
      },
      "geometry": {
        "type": "Point",
        "coordinates": [
          106.7011808,
          10.7862108
        ]
      }
    },
    {
      "type": "Feature",
      "id": "node/8995419783",
      "properties": {
        "name": "Phùng Khắc Khoan",
        "category": "bus_stop",
        "osm_id": "node/8995419783",
        "operator": null,
        "osm_url": "https://www.openstreetmap.org/node/8995419783",
        "data_source": "openstreetmap",
        "verified_official": false,
        "position_type": "osm_recorded",
        "last_checked": "2026-10-09"
      },
      "geometry": {
        "type": "Point",
        "coordinates": [
          106.6986809,
          10.7839711
        ]
      }
    },
    {
      "type": "Feature",
      "id": "node/8995419784",
      "properties": {
        "name": "Hồ Con Rùa",
        "category": "bus_stop",
        "osm_id": "node/8995419784",
        "operator": null,
        "osm_url": "https://www.openstreetmap.org/node/8995419784",
        "data_source": "openstreetmap",
        "verified_official": false,
        "position_type": "osm_recorded",
        "last_checked": "2026-10-09"
      },
      "geometry": {
        "type": "Point",
        "coordinates": [
          106.6963962,
          10.7832195
        ]
      }
    },
    {
      "type": "Feature",
      "id": "node/8995419786",
      "properties": {
        "name": "Sân Phan Đình Phùng",
        "category": "bus_stop",
        "osm_id": "node/8995419786",
        "operator": null,
        "osm_url": "https://www.openstreetmap.org/node/8995419786",
        "data_source": "openstreetmap",
        "verified_official": false,
        "position_type": "osm_recorded",
        "last_checked": "2026-10-09"
      },
      "geometry": {
        "type": "Point",
        "coordinates": [
          106.6945421,
          10.7812378
        ]
      }
    },
    {
      "type": "Feature",
      "id": "node/8995419789",
      "properties": {
        "name": "Bảo tàng Chứng tích Chiến tranh",
        "category": "bus_stop",
        "osm_id": "node/8995419789",
        "operator": null,
        "osm_url": "https://www.openstreetmap.org/node/8995419789",
        "data_source": "openstreetmap",
        "verified_official": false,
        "position_type": "osm_recorded",
        "last_checked": "2026-10-09"
      },
      "geometry": {
        "type": "Point",
        "coordinates": [
          106.6925541,
          10.7790915
        ]
      }
    },
    {
      "type": "Feature",
      "id": "node/8995419790",
      "properties": {
        "name": "Trần Quốc Thảo",
        "category": "bus_stop",
        "osm_id": "node/8995419790",
        "operator": null,
        "osm_url": "https://www.openstreetmap.org/node/8995419790",
        "data_source": "openstreetmap",
        "verified_official": false,
        "position_type": "osm_recorded",
        "last_checked": "2026-10-09"
      },
      "geometry": {
        "type": "Point",
        "coordinates": [
          106.6914077,
          10.7779278
        ]
      }
    },
    {
      "type": "Feature",
      "id": "node/8995806230",
      "properties": {
        "name": "Nhà Văn hóa Lao động",
        "category": "bus_stop",
        "osm_id": "node/8995806230",
        "operator": null,
        "osm_url": "https://www.openstreetmap.org/node/8995806230",
        "data_source": "openstreetmap",
        "verified_official": false,
        "position_type": "osm_recorded",
        "last_checked": "2026-10-09"
      },
      "geometry": {
        "type": "Point",
        "coordinates": [
          106.6927845,
          10.7770334
        ]
      }
    },
    {
      "type": "Feature",
      "id": "node/8995806231",
      "properties": {
        "name": "Pasteur",
        "category": "bus_stop",
        "osm_id": "node/8995806231",
        "operator": null,
        "osm_url": "https://www.openstreetmap.org/node/8995806231",
        "data_source": "openstreetmap",
        "verified_official": false,
        "position_type": "osm_recorded",
        "last_checked": "2026-10-09"
      },
      "geometry": {
        "type": "Point",
        "coordinates": [
          106.6963991,
          10.7810063
        ]
      }
    },
    {
      "type": "Feature",
      "id": "node/8995806236",
      "properties": {
        "name": "Mạc Đỉnh Chi",
        "category": "bus_stop",
        "osm_id": "node/8995806236",
        "operator": null,
        "osm_url": "https://www.openstreetmap.org/node/8995806236",
        "data_source": "openstreetmap",
        "verified_official": false,
        "position_type": "osm_recorded",
        "last_checked": "2026-10-09"
      },
      "geometry": {
        "type": "Point",
        "coordinates": [
          106.6994874,
          10.7841212
        ]
      }
    },
    {
      "type": "Feature",
      "id": "node/8995806238",
      "properties": {
        "name": "Nhà thờ Mạc Ti Nho",
        "category": "bus_stop",
        "osm_id": "node/8995806238",
        "operator": null,
        "osm_url": "https://www.openstreetmap.org/node/8995806238",
        "data_source": "openstreetmap",
        "verified_official": false,
        "position_type": "osm_recorded",
        "last_checked": "2026-10-09"
      },
      "geometry": {
        "type": "Point",
        "coordinates": [
          106.7011341,
          10.7861633
        ]
      }
    },
    {
      "type": "Feature",
      "id": "node/8995806239",
      "properties": {
        "name": "Thảo Cầm Viên",
        "category": "bus_stop",
        "osm_id": "node/8995806239",
        "operator": null,
        "osm_url": "https://www.openstreetmap.org/node/8995806239",
        "data_source": "openstreetmap",
        "verified_official": false,
        "position_type": "osm_recorded",
        "last_checked": "2026-10-09"
      },
      "geometry": {
        "type": "Point",
        "coordinates": [
          106.7045903,
          10.7896064
        ]
      }
    },
    {
      "type": "Feature",
      "id": "node/8995806240",
      "properties": {
        "name": "Cầu Thị Nghè",
        "category": "bus_stop",
        "osm_id": "node/8995806240",
        "operator": null,
        "osm_url": "https://www.openstreetmap.org/node/8995806240",
        "data_source": "openstreetmap",
        "verified_official": false,
        "position_type": "osm_recorded",
        "last_checked": "2026-10-09"
      },
      "geometry": {
        "type": "Point",
        "coordinates": [
          106.7056329,
          10.7907001
        ]
      }
    },
    {
      "type": "Feature",
      "id": "node/8995806241",
      "properties": {
        "name": "Nhà thờ Thị Nghè",
        "category": "bus_stop",
        "osm_id": "node/8995806241",
        "operator": null,
        "osm_url": "https://www.openstreetmap.org/node/8995806241",
        "data_source": "openstreetmap",
        "verified_official": false,
        "position_type": "osm_recorded",
        "last_checked": "2026-10-09"
      },
      "geometry": {
        "type": "Point",
        "coordinates": [
          106.7082002,
          10.7934888
        ]
      }
    },
    {
      "type": "Feature",
      "id": "node/8995806242",
      "properties": {
        "name": "Trung tâm Dưỡng lão",
        "category": "bus_stop",
        "osm_id": "node/8995806242",
        "operator": null,
        "osm_url": "https://www.openstreetmap.org/node/8995806242",
        "data_source": "openstreetmap",
        "verified_official": false,
        "position_type": "osm_recorded",
        "last_checked": "2026-10-09"
      },
      "geometry": {
        "type": "Point",
        "coordinates": [
          106.7105532,
          10.7965675
        ]
      }
    },
    {
      "type": "Feature",
      "id": "node/8995806243",
      "properties": {
        "name": "Trường Trung học Phổ thông Gia Định",
        "category": "bus_stop",
        "osm_id": "node/8995806243",
        "operator": null,
        "osm_url": "https://www.openstreetmap.org/node/8995806243",
        "data_source": "openstreetmap",
        "verified_official": false,
        "position_type": "osm_recorded",
        "last_checked": "2026-10-09"
      },
      "geometry": {
        "type": "Point",
        "coordinates": [
          106.7111815,
          10.7989338
        ]
      }
    },
    {
      "type": "Feature",
      "id": "node/8995806246",
      "properties": {
        "name": "Ngã ba Hàng Xanh",
        "category": "bus_stop",
        "osm_id": "node/8995806246",
        "operator": null,
        "osm_url": "https://www.openstreetmap.org/node/8995806246",
        "data_source": "openstreetmap",
        "verified_official": false,
        "position_type": "osm_recorded",
        "last_checked": "2026-10-09"
      },
      "geometry": {
        "type": "Point",
        "coordinates": [
          106.7115312,
          10.803245
        ]
      }
    },
    {
      "type": "Feature",
      "id": "node/8995806250",
      "properties": {
        "name": "Đài Liệt sĩ",
        "category": "bus_stop",
        "osm_id": "node/8995806250",
        "operator": null,
        "osm_url": "https://www.openstreetmap.org/node/8995806250",
        "data_source": "openstreetmap",
        "verified_official": false,
        "position_type": "osm_recorded",
        "last_checked": "2026-10-09"
      },
      "geometry": {
        "type": "Point",
        "coordinates": [
          106.7119251,
          10.8087344
        ]
      }
    },
    {
      "type": "Feature",
      "id": "node/8995806252",
      "properties": {
        "name": "Co.opmart",
        "category": "bus_stop",
        "osm_id": "node/8995806252",
        "operator": null,
        "osm_url": "https://www.openstreetmap.org/node/8995806252",
        "data_source": "openstreetmap",
        "verified_official": false,
        "position_type": "osm_recorded",
        "last_checked": "2026-10-09"
      },
      "geometry": {
        "type": "Point",
        "coordinates": [
          106.712439,
          10.8107732
        ]
      }
    },
    {
      "type": "Feature",
      "id": "node/8995806261",
      "properties": {
        "name": "Ngã ba Hiệp Bình",
        "category": "bus_stop",
        "osm_id": "node/8995806261",
        "operator": null,
        "osm_url": "https://www.openstreetmap.org/node/8995806261",
        "data_source": "openstreetmap",
        "verified_official": false,
        "position_type": "osm_recorded",
        "last_checked": "2026-10-09"
      },
      "geometry": {
        "type": "Point",
        "coordinates": [
          106.7186935,
          10.8488972
        ]
      }
    },
    {
      "type": "Feature",
      "id": "node/8995806262",
      "properties": {
        "name": "Ngã ba Đường Hiệp Bình",
        "category": "bus_stop",
        "osm_id": "node/8995806262",
        "operator": null,
        "osm_url": "https://www.openstreetmap.org/node/8995806262",
        "data_source": "openstreetmap",
        "verified_official": false,
        "position_type": "osm_recorded",
        "last_checked": "2026-10-09"
      },
      "geometry": {
        "type": "Point",
        "coordinates": [
          106.7212457,
          10.852923
        ]
      }
    },
    {
      "type": "Feature",
      "id": "node/8995806264",
      "properties": {
        "name": "Uỷ ban Nhân dân Phường Hiệp Bình Phước",
        "category": "bus_stop",
        "osm_id": "node/8995806264",
        "operator": null,
        "osm_url": "https://www.openstreetmap.org/node/8995806264",
        "data_source": "openstreetmap",
        "verified_official": false,
        "position_type": "osm_recorded",
        "last_checked": "2026-10-09"
      },
      "geometry": {
        "type": "Point",
        "coordinates": [
          106.7236422,
          10.8587104
        ]
      }
    },
    {
      "type": "Feature",
      "id": "node/8995806266",
      "properties": {
        "name": "Ngã tư Bình Phước",
        "category": "bus_stop",
        "osm_id": "node/8995806266",
        "operator": null,
        "osm_url": "https://www.openstreetmap.org/node/8995806266",
        "data_source": "openstreetmap",
        "verified_official": false,
        "position_type": "osm_recorded",
        "last_checked": "2026-10-09"
      },
      "geometry": {
        "type": "Point",
        "coordinates": [
          106.7247816,
          10.863854
        ]
      }
    },
    {
      "type": "Feature",
      "id": "node/8995806277",
      "properties": {
        "name": "Thánh thất Cao Đài Linh Xuân",
        "category": "bus_stop",
        "osm_id": "node/8995806277",
        "operator": null,
        "osm_url": "https://www.openstreetmap.org/node/8995806277",
        "data_source": "openstreetmap",
        "verified_official": false,
        "position_type": "osm_recorded",
        "last_checked": "2026-10-09"
      },
      "geometry": {
        "type": "Point",
        "coordinates": [
          106.7681113,
          10.880146
        ]
      }
    },
    {
      "type": "Feature",
      "id": "node/8995806278",
      "properties": {
        "name": "Đường số 8 - 202-204 Quốc lộ 1K",
        "category": "bus_stop",
        "osm_id": "node/8995806278",
        "operator": null,
        "osm_url": "https://www.openstreetmap.org/node/8995806278",
        "data_source": "openstreetmap",
        "verified_official": false,
        "position_type": "osm_recorded",
        "last_checked": "2026-10-09"
      },
      "geometry": {
        "type": "Point",
        "coordinates": [
          106.769448,
          10.8817828
        ]
      }
    },
    {
      "type": "Feature",
      "id": "node/8995806279",
      "properties": {
        "name": "Chùa Từ Quang",
        "category": "bus_stop",
        "osm_id": "node/8995806279",
        "operator": null,
        "osm_url": "https://www.openstreetmap.org/node/8995806279",
        "data_source": "openstreetmap",
        "verified_official": false,
        "position_type": "osm_recorded",
        "last_checked": "2026-10-09"
      },
      "geometry": {
        "type": "Point",
        "coordinates": [
          106.7725475,
          10.8854136
        ]
      }
    },
    {
      "type": "Feature",
      "id": "node/8995806280",
      "properties": {
        "name": "Big C Green Square",
        "category": "bus_stop",
        "osm_id": "node/8995806280",
        "operator": null,
        "osm_url": "https://www.openstreetmap.org/node/8995806280",
        "data_source": "openstreetmap",
        "verified_official": false,
        "position_type": "osm_recorded",
        "last_checked": "2026-10-09"
      },
      "geometry": {
        "type": "Point",
        "coordinates": [
          106.7748953,
          10.8872531
        ]
      }
    },
    {
      "type": "Feature",
      "id": "node/9049910400",
      "properties": {
        "name": "Chợ Đầu mối Nông sản Thủ Đức",
        "category": "bus_stop",
        "osm_id": "node/9049910400",
        "operator": null,
        "osm_url": "https://www.openstreetmap.org/node/9049910400",
        "data_source": "openstreetmap",
        "verified_official": false,
        "position_type": "osm_recorded",
        "last_checked": "2026-10-09"
      },
      "geometry": {
        "type": "Point",
        "coordinates": [
          106.7290625,
          10.8681598
        ]
      }
    },
    {
      "type": "Feature",
      "id": "node/9050097831",
      "properties": {
        "name": "Ngã ba Mũi tàu Đường Gò Dưa",
        "category": "bus_stop",
        "osm_id": "node/9050097831",
        "operator": null,
        "osm_url": "https://www.openstreetmap.org/node/9050097831",
        "data_source": "openstreetmap",
        "verified_official": false,
        "position_type": "osm_recorded",
        "last_checked": "2026-10-09"
      },
      "geometry": {
        "type": "Point",
        "coordinates": [
          106.7273824,
          10.8668576
        ]
      }
    },
    {
      "type": "Feature",
      "id": "node/9050097832",
      "properties": {
        "name": "Chợ Đầu mối Nông sản Thủ Đức",
        "category": "bus_stop",
        "osm_id": "node/9050097832",
        "operator": null,
        "osm_url": "https://www.openstreetmap.org/node/9050097832",
        "data_source": "openstreetmap",
        "verified_official": false,
        "position_type": "osm_recorded",
        "last_checked": "2026-10-09"
      },
      "geometry": {
        "type": "Point",
        "coordinates": [
          106.7300739,
          10.8682455
        ]
      }
    },
    {
      "type": "Feature",
      "id": "node/9052897241",
      "properties": {
        "name": "Ngã ba Nguyễn Cửu Vân",
        "category": "bus_stop",
        "osm_id": "node/9052897241",
        "operator": null,
        "osm_url": "https://www.openstreetmap.org/node/9052897241",
        "data_source": "openstreetmap",
        "verified_official": false,
        "position_type": "osm_recorded",
        "last_checked": "2026-10-09"
      },
      "geometry": {
        "type": "Point",
        "coordinates": [
          106.709413,
          10.7950076
        ]
      }
    },
    {
      "type": "Feature",
      "id": "node/9206593010",
      "properties": {
        "name": "Trường Trung học Phổ thông Gia Định",
        "category": "bus_stop",
        "osm_id": "node/9206593010",
        "operator": null,
        "osm_url": "https://www.openstreetmap.org/node/9206593010",
        "data_source": "openstreetmap",
        "verified_official": false,
        "position_type": "osm_recorded",
        "last_checked": "2026-10-09"
      },
      "geometry": {
        "type": "Point",
        "coordinates": [
          106.7110735,
          10.7997458
        ]
      }
    },
    {
      "type": "Feature",
      "id": "node/9243986571",
      "properties": {
        "name": "Trạm y tế Phường Hiệp Bình Phước",
        "category": "bus_stop",
        "osm_id": "node/9243986571",
        "operator": null,
        "osm_url": "https://www.openstreetmap.org/node/9243986571",
        "data_source": "openstreetmap",
        "verified_official": false,
        "position_type": "osm_recorded",
        "last_checked": "2026-10-09"
      },
      "geometry": {
        "type": "Point",
        "coordinates": [
          106.7224888,
          10.8557053
        ]
      }
    },
    {
      "type": "Feature",
      "id": "node/9402954175",
      "properties": {
        "name": "Trạm trung chuyển Hàm Nghi",
        "category": "bus_stop",
        "osm_id": "node/9402954175",
        "operator": null,
        "osm_url": "https://www.openstreetmap.org/node/9402954175",
        "data_source": "openstreetmap",
        "verified_official": false,
        "position_type": "osm_recorded",
        "last_checked": "2026-10-09"
      },
      "geometry": {
        "type": "Point",
        "coordinates": [
          106.7009383,
          10.770873
        ]
      }
    },
    {
      "type": "Feature",
      "id": "node/9402954176",
      "properties": {
        "name": "Trạm trung chuyển Hàm Nghi",
        "category": "bus_stop",
        "osm_id": "node/9402954176",
        "operator": null,
        "osm_url": "https://www.openstreetmap.org/node/9402954176",
        "data_source": "openstreetmap",
        "verified_official": false,
        "position_type": "osm_recorded",
        "last_checked": "2026-10-09"
      },
      "geometry": {
        "type": "Point",
        "coordinates": [
          106.7008574,
          10.7709257
        ]
      }
    },
    {
      "type": "Feature",
      "id": "node/9402954180",
      "properties": {
        "name": "Trạm trung chuyển Hàm Nghi",
        "category": "bus_stop",
        "osm_id": "node/9402954180",
        "operator": null,
        "osm_url": "https://www.openstreetmap.org/node/9402954180",
        "data_source": "openstreetmap",
        "verified_official": false,
        "position_type": "osm_recorded",
        "last_checked": "2026-10-09"
      },
      "geometry": {
        "type": "Point",
        "coordinates": [
          106.7006065,
          10.7708875
        ]
      }
    },
    {
      "type": "Feature",
      "id": "node/9402954181",
      "properties": {
        "name": "Trạm trung chuyển Hàm Nghi",
        "category": "bus_stop",
        "osm_id": "node/9402954181",
        "operator": null,
        "osm_url": "https://www.openstreetmap.org/node/9402954181",
        "data_source": "openstreetmap",
        "verified_official": false,
        "position_type": "osm_recorded",
        "last_checked": "2026-10-09"
      },
      "geometry": {
        "type": "Point",
        "coordinates": [
          106.7007985,
          10.7708789
        ]
      }
    },
    {
      "type": "Feature",
      "id": "node/9402954182",
      "properties": {
        "name": "Trạm trung chuyển Hàm Nghi",
        "category": "bus_stop",
        "osm_id": "node/9402954182",
        "operator": null,
        "osm_url": "https://www.openstreetmap.org/node/9402954182",
        "data_source": "openstreetmap",
        "verified_official": false,
        "position_type": "osm_recorded",
        "last_checked": "2026-10-09"
      },
      "geometry": {
        "type": "Point",
        "coordinates": [
          106.7005183,
          10.7709943
        ]
      }
    },
    {
      "type": "Feature",
      "id": "node/9402954183",
      "properties": {
        "name": "Trạm trung chuyển Hàm Nghi",
        "category": "bus_stop",
        "osm_id": "node/9402954183",
        "operator": null,
        "osm_url": "https://www.openstreetmap.org/node/9402954183",
        "data_source": "openstreetmap",
        "verified_official": false,
        "position_type": "osm_recorded",
        "last_checked": "2026-10-09"
      },
      "geometry": {
        "type": "Point",
        "coordinates": [
          106.7008529,
          10.7709777
        ]
      }
    },
    {
      "type": "Feature",
      "id": "node/9402954185",
      "properties": {
        "name": "Trạm trung chuyển Hàm Nghi",
        "category": "bus_stop",
        "osm_id": "node/9402954185",
        "operator": null,
        "osm_url": "https://www.openstreetmap.org/node/9402954185",
        "data_source": "openstreetmap",
        "verified_official": false,
        "position_type": "osm_recorded",
        "last_checked": "2026-10-09"
      },
      "geometry": {
        "type": "Point",
        "coordinates": [
          106.6999115,
          10.7710347
        ]
      }
    },
    {
      "type": "Feature",
      "id": "node/9402954187",
      "properties": {
        "name": "Trạm trung chuyển Hàm Nghi",
        "category": "bus_stop",
        "osm_id": "node/9402954187",
        "operator": null,
        "osm_url": "https://www.openstreetmap.org/node/9402954187",
        "data_source": "openstreetmap",
        "verified_official": false,
        "position_type": "osm_recorded",
        "last_checked": "2026-10-09"
      },
      "geometry": {
        "type": "Point",
        "coordinates": [
          106.6994948,
          10.771049
        ]
      }
    },
    {
      "type": "Feature",
      "id": "node/9402954188",
      "properties": {
        "name": "Trạm trung chuyển Hàm Nghi",
        "category": "bus_stop",
        "osm_id": "node/9402954188",
        "operator": null,
        "osm_url": "https://www.openstreetmap.org/node/9402954188",
        "data_source": "openstreetmap",
        "verified_official": false,
        "position_type": "osm_recorded",
        "last_checked": "2026-10-09"
      },
      "geometry": {
        "type": "Point",
        "coordinates": [
          106.6994198,
          10.7711574
        ]
      }
    },
    {
      "type": "Feature",
      "id": "node/9402954189",
      "properties": {
        "name": "Trạm trung chuyển Hàm Nghi",
        "category": "bus_stop",
        "osm_id": "node/9402954189",
        "operator": null,
        "osm_url": "https://www.openstreetmap.org/node/9402954189",
        "data_source": "openstreetmap",
        "verified_official": false,
        "position_type": "osm_recorded",
        "last_checked": "2026-10-09"
      },
      "geometry": {
        "type": "Point",
        "coordinates": [
          106.6994943,
          10.7711007
        ]
      }
    },
    {
      "type": "Feature",
      "id": "node/9402954190",
      "properties": {
        "name": "Trạm trung chuyển Hàm Nghi",
        "category": "bus_stop",
        "osm_id": "node/9402954190",
        "operator": null,
        "osm_url": "https://www.openstreetmap.org/node/9402954190",
        "data_source": "openstreetmap",
        "verified_official": false,
        "position_type": "osm_recorded",
        "last_checked": "2026-10-09"
      },
      "geometry": {
        "type": "Point",
        "coordinates": [
          106.6999191,
          10.7710925
        ]
      }
    },
    {
      "type": "Feature",
      "id": "node/9468454790",
      "properties": {
        "name": "Chợ Cũ",
        "category": "bus_stop",
        "osm_id": "node/9468454790",
        "operator": null,
        "osm_url": "https://www.openstreetmap.org/node/9468454790",
        "data_source": "openstreetmap",
        "verified_official": false,
        "position_type": "osm_recorded",
        "last_checked": "2026-10-09"
      },
      "geometry": {
        "type": "Point",
        "coordinates": [
          106.7030831,
          10.7709914
        ]
      }
    },
    {
      "type": "Feature",
      "id": "node/9468454791",
      "properties": {
        "name": "Trường Cao đẳng Kỹ Thuật Cao Thắng",
        "category": "bus_stop",
        "osm_id": "node/9468454791",
        "operator": null,
        "osm_url": "https://www.openstreetmap.org/node/9468454791",
        "data_source": "openstreetmap",
        "verified_official": false,
        "position_type": "osm_recorded",
        "last_checked": "2026-10-09"
      },
      "geometry": {
        "type": "Point",
        "coordinates": [
          106.7018406,
          10.7710549
        ]
      }
    },
    {
      "type": "Feature",
      "id": "node/9470667890",
      "properties": {
        "name": "Nam Kỳ Khởi Nghĩa",
        "category": "bus_stop",
        "osm_id": "node/9470667890",
        "operator": null,
        "osm_url": "https://www.openstreetmap.org/node/9470667890",
        "data_source": "openstreetmap",
        "verified_official": false,
        "position_type": "osm_recorded",
        "last_checked": "2026-10-09"
      },
      "geometry": {
        "type": "Point",
        "coordinates": [
          106.7015057,
          10.7708611
        ]
      }
    },
    {
      "type": "Feature",
      "id": "node/9470667891",
      "properties": {
        "name": "Chợ Cũ",
        "category": "bus_stop",
        "osm_id": "node/9470667891",
        "operator": null,
        "osm_url": "https://www.openstreetmap.org/node/9470667891",
        "data_source": "openstreetmap",
        "verified_official": false,
        "position_type": "osm_recorded",
        "last_checked": "2026-10-09"
      },
      "geometry": {
        "type": "Point",
        "coordinates": [
          106.7019523,
          10.7708361
        ]
      }
    },
    {
      "type": "Feature",
      "id": "node/9471827242",
      "properties": {
        "name": "Highlands Coffee",
        "category": "bus_stop",
        "osm_id": "node/9471827242",
        "operator": null,
        "osm_url": "https://www.openstreetmap.org/node/9471827242",
        "data_source": "openstreetmap",
        "verified_official": false,
        "position_type": "osm_recorded",
        "last_checked": "2026-10-09"
      },
      "geometry": {
        "type": "Point",
        "coordinates": [
          106.7128765,
          10.7221546
        ]
      }
    },
    {
      "type": "Feature",
      "id": "node/9471827243",
      "properties": {
        "name": "Đường N",
        "category": "bus_stop",
        "osm_id": "node/9471827243",
        "operator": null,
        "osm_url": "https://www.openstreetmap.org/node/9471827243",
        "data_source": "openstreetmap",
        "verified_official": false,
        "position_type": "osm_recorded",
        "last_checked": "2026-10-09"
      },
      "geometry": {
        "type": "Point",
        "coordinates": [
          106.7163358,
          10.7235946
        ]
      }
    },
    {
      "type": "Feature",
      "id": "node/9471827244",
      "properties": {
        "name": "Cửa hàng Chuồn chuồn Đỏ",
        "category": "bus_stop",
        "osm_id": "node/9471827244",
        "operator": null,
        "osm_url": "https://www.openstreetmap.org/node/9471827244",
        "data_source": "openstreetmap",
        "verified_official": false,
        "position_type": "osm_recorded",
        "last_checked": "2026-10-09"
      },
      "geometry": {
        "type": "Point",
        "coordinates": [
          106.7131804,
          10.7219353
        ]
      }
    },
    {
      "type": "Feature",
      "id": "node/9471827245",
      "properties": {
        "name": "Family Mart",
        "category": "bus_stop",
        "osm_id": "node/9471827245",
        "operator": null,
        "osm_url": "https://www.openstreetmap.org/node/9471827245",
        "data_source": "openstreetmap",
        "verified_official": false,
        "position_type": "osm_recorded",
        "last_checked": "2026-10-09"
      },
      "geometry": {
        "type": "Point",
        "coordinates": [
          106.7152963,
          10.7235283
        ]
      }
    },
    {
      "type": "Feature",
      "id": "node/9471827246",
      "properties": {
        "name": "Công viên Mỹ Kim",
        "category": "bus_stop",
        "osm_id": "node/9471827246",
        "operator": null,
        "osm_url": "https://www.openstreetmap.org/node/9471827246",
        "data_source": "openstreetmap",
        "verified_official": false,
        "position_type": "osm_recorded",
        "last_checked": "2026-10-09"
      },
      "geometry": {
        "type": "Point",
        "coordinates": [
          106.7122942,
          10.7243628
        ]
      }
    },
    {
      "type": "Feature",
      "id": "node/9471827247",
      "properties": {
        "name": "Crescent Mall",
        "category": "bus_stop",
        "osm_id": "node/9471827247",
        "operator": null,
        "osm_url": "https://www.openstreetmap.org/node/9471827247",
        "data_source": "openstreetmap",
        "verified_official": false,
        "position_type": "osm_recorded",
        "last_checked": "2026-10-09"
      },
      "geometry": {
        "type": "Point",
        "coordinates": [
          106.7197365,
          10.7288715
        ]
      }
    },
    {
      "type": "Feature",
      "id": "node/9471827248",
      "properties": {
        "name": "Nguyễn Văn Linh",
        "category": "bus_stop",
        "osm_id": "node/9471827248",
        "operator": null,
        "osm_url": "https://www.openstreetmap.org/node/9471827248",
        "data_source": "openstreetmap",
        "verified_official": false,
        "position_type": "osm_recorded",
        "last_checked": "2026-10-09"
      },
      "geometry": {
        "type": "Point",
        "coordinates": [
          106.70848,
          10.7295588
        ]
      }
    },
    {
      "type": "Feature",
      "id": "node/9471827249",
      "properties": {
        "name": "Trần Văn Trà",
        "category": "bus_stop",
        "osm_id": "node/9471827249",
        "operator": null,
        "osm_url": "https://www.openstreetmap.org/node/9471827249",
        "data_source": "openstreetmap",
        "verified_official": false,
        "position_type": "osm_recorded",
        "last_checked": "2026-10-09"
      },
      "geometry": {
        "type": "Point",
        "coordinates": [
          106.7213915,
          10.7243437
        ]
      }
    },
    {
      "type": "Feature",
      "id": "node/9471827250",
      "properties": {
        "name": "Đường N",
        "category": "bus_stop",
        "osm_id": "node/9471827250",
        "operator": null,
        "osm_url": "https://www.openstreetmap.org/node/9471827250",
        "data_source": "openstreetmap",
        "verified_official": false,
        "position_type": "osm_recorded",
        "last_checked": "2026-10-09"
      },
      "geometry": {
        "type": "Point",
        "coordinates": [
          106.7164392,
          10.7236531
        ]
      }
    },
    {
      "type": "Feature",
      "id": "node/9471827251",
      "properties": {
        "name": "Sen Vàng",
        "category": "bus_stop",
        "osm_id": "node/9471827251",
        "operator": null,
        "osm_url": "https://www.openstreetmap.org/node/9471827251",
        "data_source": "openstreetmap",
        "verified_official": false,
        "position_type": "osm_recorded",
        "last_checked": "2026-10-09"
      },
      "geometry": {
        "type": "Point",
        "coordinates": [
          106.7155653,
          10.723337
        ]
      }
    },
    {
      "type": "Feature",
      "id": "node/9471827252",
      "properties": {
        "name": "Phạm Thái Bường",
        "category": "bus_stop",
        "osm_id": "node/9471827252",
        "operator": null,
        "osm_url": "https://www.openstreetmap.org/node/9471827252",
        "data_source": "openstreetmap",
        "verified_official": false,
        "position_type": "osm_recorded",
        "last_checked": "2026-10-09"
      },
      "geometry": {
        "type": "Point",
        "coordinates": [
          106.7094853,
          10.7273248
        ]
      }
    },
    {
      "type": "Feature",
      "id": "node/9471827253",
      "properties": {
        "name": "Cửa Hàng Paris Baguette",
        "category": "bus_stop",
        "osm_id": "node/9471827253",
        "operator": null,
        "osm_url": "https://www.openstreetmap.org/node/9471827253",
        "data_source": "openstreetmap",
        "verified_official": false,
        "position_type": "osm_recorded",
        "last_checked": "2026-10-09"
      },
      "geometry": {
        "type": "Point",
        "coordinates": [
          106.7066743,
          10.7307936
        ]
      }
    },
    {
      "type": "Feature",
      "id": "node/9471827254",
      "properties": {
        "name": "Trần Văn Trà",
        "category": "bus_stop",
        "osm_id": "node/9471827254",
        "operator": null,
        "osm_url": "https://www.openstreetmap.org/node/9471827254",
        "data_source": "openstreetmap",
        "verified_official": false,
        "position_type": "osm_recorded",
        "last_checked": "2026-10-09"
      },
      "geometry": {
        "type": "Point",
        "coordinates": [
          106.7211974,
          10.7240314
        ]
      }
    },
    {
      "type": "Feature",
      "id": "node/9473097475",
      "properties": {
        "name": "Hà Huy Tập",
        "category": "bus_stop",
        "osm_id": "node/9473097475",
        "operator": null,
        "osm_url": "https://www.openstreetmap.org/node/9473097475",
        "data_source": "openstreetmap",
        "verified_official": false,
        "position_type": "osm_recorded",
        "last_checked": "2026-10-09"
      },
      "geometry": {
        "type": "Point",
        "coordinates": [
          106.7085654,
          10.7268583
        ]
      }
    },
    {
      "type": "Feature",
      "id": "node/9473097476",
      "properties": {
        "name": "Hà Huy Tập",
        "category": "bus_stop",
        "osm_id": "node/9473097476",
        "operator": null,
        "osm_url": "https://www.openstreetmap.org/node/9473097476",
        "data_source": "openstreetmap",
        "verified_official": false,
        "position_type": "osm_recorded",
        "last_checked": "2026-10-09"
      },
      "geometry": {
        "type": "Point",
        "coordinates": [
          106.7086894,
          10.7267096
        ]
      }
    },
    {
      "type": "Feature",
      "id": "node/9473097477",
      "properties": {
        "name": "Trường Quốc tế Nam Sài Gòn",
        "category": "bus_stop",
        "osm_id": "node/9473097477",
        "operator": null,
        "osm_url": "https://www.openstreetmap.org/node/9473097477",
        "data_source": "openstreetmap",
        "verified_official": false,
        "position_type": "osm_recorded",
        "last_checked": "2026-10-09"
      },
      "geometry": {
        "type": "Point",
        "coordinates": [
          106.7100127,
          10.7227283
        ]
      }
    },
    {
      "type": "Feature",
      "id": "node/9473323495",
      "properties": {
        "name": "Nhà Mẫu Phú Mỹ Hưng",
        "category": "bus_stop",
        "osm_id": "node/9473323495",
        "operator": null,
        "osm_url": "https://www.openstreetmap.org/node/9473323495",
        "data_source": "openstreetmap",
        "verified_official": false,
        "position_type": "osm_recorded",
        "last_checked": "2026-10-09"
      },
      "geometry": {
        "type": "Point",
        "coordinates": [
          106.7267166,
          10.7273892
        ]
      }
    },
    {
      "type": "Feature",
      "id": "node/9473323496",
      "properties": {
        "name": "Petroland",
        "category": "bus_stop",
        "osm_id": "node/9473323496",
        "operator": null,
        "osm_url": "https://www.openstreetmap.org/node/9473323496",
        "data_source": "openstreetmap",
        "verified_official": false,
        "position_type": "osm_recorded",
        "last_checked": "2026-10-09"
      },
      "geometry": {
        "type": "Point",
        "coordinates": [
          106.7234423,
          10.7290741
        ]
      }
    },
    {
      "type": "Feature",
      "id": "node/9473323497",
      "properties": {
        "name": "Mỹ Thái 2",
        "category": "bus_stop",
        "osm_id": "node/9473323497",
        "operator": null,
        "osm_url": "https://www.openstreetmap.org/node/9473323497",
        "data_source": "openstreetmap",
        "verified_official": false,
        "position_type": "osm_recorded",
        "last_checked": "2026-10-09"
      },
      "geometry": {
        "type": "Point",
        "coordinates": [
          106.7267533,
          10.7210011
        ]
      }
    },
    {
      "type": "Feature",
      "id": "node/9473323498",
      "properties": {
        "name": "Ban Quản lí Khu Nam",
        "category": "bus_stop",
        "osm_id": "node/9473323498",
        "operator": null,
        "osm_url": "https://www.openstreetmap.org/node/9473323498",
        "data_source": "openstreetmap",
        "verified_official": false,
        "position_type": "osm_recorded",
        "last_checked": "2026-10-09"
      },
      "geometry": {
        "type": "Point",
        "coordinates": [
          106.7271231,
          10.7295735
        ]
      }
    },
    {
      "type": "Feature",
      "id": "node/9473323499",
      "properties": {
        "name": "Nam Viên",
        "category": "bus_stop",
        "osm_id": "node/9473323499",
        "operator": null,
        "osm_url": "https://www.openstreetmap.org/node/9473323499",
        "data_source": "openstreetmap",
        "verified_official": false,
        "position_type": "osm_recorded",
        "last_checked": "2026-10-09"
      },
      "geometry": {
        "type": "Point",
        "coordinates": [
          106.7285012,
          10.7181738
        ]
      }
    },
    {
      "type": "Feature",
      "id": "node/9473323500",
      "properties": {
        "name": "Đại Minh",
        "category": "bus_stop",
        "osm_id": "node/9473323500",
        "operator": null,
        "osm_url": "https://www.openstreetmap.org/node/9473323500",
        "data_source": "openstreetmap",
        "verified_official": false,
        "position_type": "osm_recorded",
        "last_checked": "2026-10-09"
      },
      "geometry": {
        "type": "Point",
        "coordinates": [
          106.7221202,
          10.7301557
        ]
      }
    },
    {
      "type": "Feature",
      "id": "node/9473323501",
      "properties": {
        "name": "Đường B",
        "category": "bus_stop",
        "osm_id": "node/9473323501",
        "operator": null,
        "osm_url": "https://www.openstreetmap.org/node/9473323501",
        "data_source": "openstreetmap",
        "verified_official": false,
        "position_type": "osm_recorded",
        "last_checked": "2026-10-09"
      },
      "geometry": {
        "type": "Point",
        "coordinates": [
          106.7249543,
          10.7305341
        ]
      }
    },
    {
      "type": "Feature",
      "id": "node/9473338369",
      "properties": {
        "name": "Đường Số 17",
        "category": "bus_stop",
        "osm_id": "node/9473338369",
        "operator": null,
        "osm_url": "https://www.openstreetmap.org/node/9473338369",
        "data_source": "openstreetmap",
        "verified_official": false,
        "position_type": "osm_recorded",
        "last_checked": "2026-10-09"
      },
      "geometry": {
        "type": "Point",
        "coordinates": [
          106.7271655,
          10.7215854
        ]
      }
    },
    {
      "type": "Feature",
      "id": "node/9473338370",
      "properties": {
        "name": "Trường Nam Sài Gòn",
        "category": "bus_stop",
        "osm_id": "node/9473338370",
        "operator": null,
        "osm_url": "https://www.openstreetmap.org/node/9473338370",
        "data_source": "openstreetmap",
        "verified_official": false,
        "position_type": "osm_recorded",
        "last_checked": "2026-10-09"
      },
      "geometry": {
        "type": "Point",
        "coordinates": [
          106.7241841,
          10.7251714
        ]
      }
    },
    {
      "type": "Feature",
      "id": "node/9473338371",
      "properties": {
        "name": "Trường Nam Sài Gòn",
        "category": "bus_stop",
        "osm_id": "node/9473338371",
        "operator": null,
        "osm_url": "https://www.openstreetmap.org/node/9473338371",
        "data_source": "openstreetmap",
        "verified_official": false,
        "position_type": "osm_recorded",
        "last_checked": "2026-10-09"
      },
      "geometry": {
        "type": "Point",
        "coordinates": [
          106.723877,
          10.7250551
        ]
      }
    },
    {
      "type": "Feature",
      "id": "node/9473338372",
      "properties": {
        "name": "Phố Tiểu Nam",
        "category": "bus_stop",
        "osm_id": "node/9473338372",
        "operator": null,
        "osm_url": "https://www.openstreetmap.org/node/9473338372",
        "data_source": "openstreetmap",
        "verified_official": false,
        "position_type": "osm_recorded",
        "last_checked": "2026-10-09"
      },
      "geometry": {
        "type": "Point",
        "coordinates": [
          106.7295614,
          10.7222353
        ]
      }
    },
    {
      "type": "Feature",
      "id": "node/9473338373",
      "properties": {
        "name": "Đường B",
        "category": "bus_stop",
        "osm_id": "node/9473338373",
        "operator": null,
        "osm_url": "https://www.openstreetmap.org/node/9473338373",
        "data_source": "openstreetmap",
        "verified_official": false,
        "position_type": "osm_recorded",
        "last_checked": "2026-10-09"
      },
      "geometry": {
        "type": "Point",
        "coordinates": [
          106.7250678,
          10.7306097
        ]
      }
    },
    {
      "type": "Feature",
      "id": "node/9473338374",
      "properties": {
        "name": "Ban Quản Lí Khu Nam",
        "category": "bus_stop",
        "osm_id": "node/9473338374",
        "operator": null,
        "osm_url": "https://www.openstreetmap.org/node/9473338374",
        "data_source": "openstreetmap",
        "verified_official": false,
        "position_type": "osm_recorded",
        "last_checked": "2026-10-09"
      },
      "geometry": {
        "type": "Point",
        "coordinates": [
          106.7269463,
          10.7296433
        ]
      }
    },
    {
      "type": "Feature",
      "id": "node/9473338375",
      "properties": {
        "name": "UBND Tân Phú",
        "category": "bus_stop",
        "osm_id": "node/9473338375",
        "operator": null,
        "osm_url": "https://www.openstreetmap.org/node/9473338375",
        "data_source": "openstreetmap",
        "verified_official": false,
        "position_type": "osm_recorded",
        "last_checked": "2026-10-09"
      },
      "geometry": {
        "type": "Point",
        "coordinates": [
          106.7256476,
          10.7324455
        ]
      }
    },
    {
      "type": "Feature",
      "id": "node/9473338376",
      "properties": {
        "name": "Mỹ Khang",
        "category": "bus_stop",
        "osm_id": "node/9473338376",
        "operator": null,
        "osm_url": "https://www.openstreetmap.org/node/9473338376",
        "data_source": "openstreetmap",
        "verified_official": false,
        "position_type": "osm_recorded",
        "last_checked": "2026-10-09"
      },
      "geometry": {
        "type": "Point",
        "coordinates": [
          106.7300972,
          10.7155836
        ]
      }
    },
    {
      "type": "Feature",
      "id": "node/9473338377",
      "properties": {
        "name": "Nhà Mẫu Phú Mỹ Hưng",
        "category": "bus_stop",
        "osm_id": "node/9473338377",
        "operator": null,
        "osm_url": "https://www.openstreetmap.org/node/9473338377",
        "data_source": "openstreetmap",
        "verified_official": false,
        "position_type": "osm_recorded",
        "last_checked": "2026-10-09"
      },
      "geometry": {
        "type": "Point",
        "coordinates": [
          106.7263939,
          10.7273616
        ]
      }
    },
    {
      "type": "Feature",
      "id": "node/9473338378",
      "properties": {
        "name": "Petroland",
        "category": "bus_stop",
        "osm_id": "node/9473338378",
        "operator": null,
        "osm_url": "https://www.openstreetmap.org/node/9473338378",
        "data_source": "openstreetmap",
        "verified_official": false,
        "position_type": "osm_recorded",
        "last_checked": "2026-10-09"
      },
      "geometry": {
        "type": "Point",
        "coordinates": [
          106.7236035,
          10.7289706
        ]
      }
    },
    {
      "type": "Feature",
      "id": "node/9473338379",
      "properties": {
        "name": "Đường Số 20",
        "category": "bus_stop",
        "osm_id": "node/9473338379",
        "operator": null,
        "osm_url": "https://www.openstreetmap.org/node/9473338379",
        "data_source": "openstreetmap",
        "verified_official": false,
        "position_type": "osm_recorded",
        "last_checked": "2026-10-09"
      },
      "geometry": {
        "type": "Point",
        "coordinates": [
          106.7297287,
          10.7186364
        ]
      }
    },
    {
      "type": "Feature",
      "id": "node/9473338380",
      "properties": {
        "name": "Mỹ Thái 2",
        "category": "bus_stop",
        "osm_id": "node/9473338380",
        "operator": null,
        "osm_url": "https://www.openstreetmap.org/node/9473338380",
        "data_source": "openstreetmap",
        "verified_official": false,
        "position_type": "osm_recorded",
        "last_checked": "2026-10-09"
      },
      "geometry": {
        "type": "Point",
        "coordinates": [
          106.7265133,
          10.7208321
        ]
      }
    },
    {
      "type": "Feature",
      "id": "node/9480981742",
      "properties": {
        "name": "Đại học Luật",
        "category": "bus_stop",
        "osm_id": "node/9480981742",
        "operator": null,
        "osm_url": "https://www.openstreetmap.org/node/9480981742",
        "data_source": "openstreetmap",
        "verified_official": false,
        "position_type": "osm_recorded",
        "last_checked": "2026-10-09"
      },
      "geometry": {
        "type": "Point",
        "coordinates": [
          106.7060766,
          10.7672408
        ]
      }
    },
    {
      "type": "Feature",
      "id": "node/9585048355",
      "properties": {
        "name": "Đại học HUTECH",
        "category": "bus_stop",
        "osm_id": "node/9585048355",
        "operator": null,
        "osm_url": "https://www.openstreetmap.org/node/9585048355",
        "data_source": "openstreetmap",
        "verified_official": false,
        "position_type": "osm_recorded",
        "last_checked": "2026-10-09"
      },
      "geometry": {
        "type": "Point",
        "coordinates": [
          106.7142581,
          10.8008422
        ]
      }
    },
    {
      "type": "Feature",
      "id": "node/9906535219",
      "properties": {
        "name": "Điểm dừng xe buýt 9906535219",
        "category": "bus_stop",
        "osm_id": "node/9906535219",
        "operator": null,
        "osm_url": "https://www.openstreetmap.org/node/9906535219",
        "data_source": "openstreetmap",
        "verified_official": false,
        "position_type": "osm_recorded",
        "last_checked": "2026-10-09"
      },
      "geometry": {
        "type": "Point",
        "coordinates": [
          106.7083879,
          10.6982306
        ]
      }
    },
    {
      "type": "Feature",
      "id": "node/10089382779",
      "properties": {
        "name": "Điểm dừng xe buýt 10089382779",
        "category": "bus_stop",
        "osm_id": "node/10089382779",
        "operator": null,
        "osm_url": "https://www.openstreetmap.org/node/10089382779",
        "data_source": "openstreetmap",
        "verified_official": false,
        "position_type": "osm_recorded",
        "last_checked": "2026-10-09"
      },
      "geometry": {
        "type": "Point",
        "coordinates": [
          106.7321334,
          10.8005886
        ]
      }
    },
    {
      "type": "Feature",
      "id": "node/10262053478",
      "properties": {
        "name": "Trường Trung học Phổ thông Lê Quý Đôn",
        "category": "bus_stop",
        "osm_id": "node/10262053478",
        "operator": null,
        "osm_url": "https://www.openstreetmap.org/node/10262053478",
        "data_source": "openstreetmap",
        "verified_official": false,
        "position_type": "osm_recorded",
        "last_checked": "2026-10-09"
      },
      "geometry": {
        "type": "Point",
        "coordinates": [
          106.694576,
          10.7798691
        ]
      }
    },
    {
      "type": "Feature",
      "id": "node/10633729959",
      "properties": {
        "name": "Đại học Tôn Đức Thắng",
        "category": "bus_stop",
        "osm_id": "node/10633729959",
        "operator": null,
        "osm_url": "https://www.openstreetmap.org/node/10633729959",
        "data_source": "openstreetmap",
        "verified_official": false,
        "position_type": "osm_recorded",
        "last_checked": "2026-10-09"
      },
      "geometry": {
        "type": "Point",
        "coordinates": [
          106.6990533,
          10.733057
        ]
      }
    },
    {
      "type": "Feature",
      "id": "node/10727107709",
      "properties": {
        "name": "Đại Học RMIT",
        "category": "bus_stop",
        "osm_id": "node/10727107709",
        "operator": null,
        "osm_url": "https://www.openstreetmap.org/node/10727107709",
        "data_source": "openstreetmap",
        "verified_official": false,
        "position_type": "osm_recorded",
        "last_checked": "2026-10-09"
      },
      "geometry": {
        "type": "Point",
        "coordinates": [
          106.6950895,
          10.728961
        ]
      }
    },
    {
      "type": "Feature",
      "id": "node/11335586134",
      "properties": {
        "name": "Công ty Dosan",
        "category": "bus_stop",
        "osm_id": "node/11335586134",
        "operator": null,
        "osm_url": "https://www.openstreetmap.org/node/11335586134",
        "data_source": "openstreetmap",
        "verified_official": false,
        "position_type": "osm_recorded",
        "last_checked": "2026-10-09"
      },
      "geometry": {
        "type": "Point",
        "coordinates": [
          106.8200855,
          10.8889852
        ]
      }
    },
    {
      "type": "Feature",
      "id": "node/11345881267",
      "properties": {
        "name": "Tòa nhà S1.01",
        "category": "bus_stop",
        "osm_id": "node/11345881267",
        "operator": null,
        "osm_url": "https://www.openstreetmap.org/node/11345881267",
        "data_source": "openstreetmap",
        "verified_official": false,
        "position_type": "osm_recorded",
        "last_checked": "2026-10-09"
      },
      "geometry": {
        "type": "Point",
        "coordinates": [
          106.8304498,
          10.8365308
        ]
      }
    },
    {
      "type": "Feature",
      "id": "node/11345881268",
      "properties": {
        "name": "Tòa nhà S1.01",
        "category": "bus_stop",
        "osm_id": "node/11345881268",
        "operator": null,
        "osm_url": "https://www.openstreetmap.org/node/11345881268",
        "data_source": "openstreetmap",
        "verified_official": false,
        "position_type": "osm_recorded",
        "last_checked": "2026-10-09"
      },
      "geometry": {
        "type": "Point",
        "coordinates": [
          106.8304603,
          10.8367506
        ]
      }
    },
    {
      "type": "Feature",
      "id": "node/11345913969",
      "properties": {
        "name": "Tòa nhà S2.01",
        "category": "bus_stop",
        "osm_id": "node/11345913969",
        "operator": null,
        "osm_url": "https://www.openstreetmap.org/node/11345913969",
        "data_source": "openstreetmap",
        "verified_official": false,
        "position_type": "osm_recorded",
        "last_checked": "2026-10-09"
      },
      "geometry": {
        "type": "Point",
        "coordinates": [
          106.8321187,
          10.8373587
        ]
      }
    },
    {
      "type": "Feature",
      "id": "node/11345913971",
      "properties": {
        "name": "Tòa nhà S3.03",
        "category": "bus_stop",
        "osm_id": "node/11345913971",
        "operator": null,
        "osm_url": "https://www.openstreetmap.org/node/11345913971",
        "data_source": "openstreetmap",
        "verified_official": false,
        "position_type": "osm_recorded",
        "last_checked": "2026-10-09"
      },
      "geometry": {
        "type": "Point",
        "coordinates": [
          106.8350402,
          10.8382132
        ]
      }
    },
    {
      "type": "Feature",
      "id": "node/11345913972",
      "properties": {
        "name": "Tòa nhà S3.03",
        "category": "bus_stop",
        "osm_id": "node/11345913972",
        "operator": null,
        "osm_url": "https://www.openstreetmap.org/node/11345913972",
        "data_source": "openstreetmap",
        "verified_official": false,
        "position_type": "osm_recorded",
        "last_checked": "2026-10-09"
      },
      "geometry": {
        "type": "Point",
        "coordinates": [
          106.8349564,
          10.8383487
        ]
      }
    },
    {
      "type": "Feature",
      "id": "node/11345913974",
      "properties": {
        "name": "Tòa nhà S5.01",
        "category": "bus_stop",
        "osm_id": "node/11345913974",
        "operator": null,
        "osm_url": "https://www.openstreetmap.org/node/11345913974",
        "data_source": "openstreetmap",
        "verified_official": false,
        "position_type": "osm_recorded",
        "last_checked": "2026-10-09"
      },
      "geometry": {
        "type": "Point",
        "coordinates": [
          106.833674,
          10.8394614
        ]
      }
    },
    {
      "type": "Feature",
      "id": "node/11345913977",
      "properties": {
        "name": "Tòa nhà S5.01",
        "category": "bus_stop",
        "osm_id": "node/11345913977",
        "operator": null,
        "osm_url": "https://www.openstreetmap.org/node/11345913977",
        "data_source": "openstreetmap",
        "verified_official": false,
        "position_type": "osm_recorded",
        "last_checked": "2026-10-09"
      },
      "geometry": {
        "type": "Point",
        "coordinates": [
          106.8376581,
          10.8400337
        ]
      }
    },
    {
      "type": "Feature",
      "id": "node/11345913978",
      "properties": {
        "name": "Tòa nhà S5.03",
        "category": "bus_stop",
        "osm_id": "node/11345913978",
        "operator": null,
        "osm_url": "https://www.openstreetmap.org/node/11345913978",
        "data_source": "openstreetmap",
        "verified_official": false,
        "position_type": "osm_recorded",
        "last_checked": "2026-10-09"
      },
      "geometry": {
        "type": "Point",
        "coordinates": [
          106.8375433,
          10.8399976
        ]
      }
    },
    {
      "type": "Feature",
      "id": "node/11345913979",
      "properties": {
        "name": "S6.02",
        "category": "bus_stop",
        "osm_id": "node/11345913979",
        "operator": null,
        "osm_url": "https://www.openstreetmap.org/node/11345913979",
        "data_source": "openstreetmap",
        "verified_official": false,
        "position_type": "osm_recorded",
        "last_checked": "2026-10-09"
      },
      "geometry": {
        "type": "Point",
        "coordinates": [
          106.8373981,
          10.8422199
        ]
      }
    },
    {
      "type": "Feature",
      "id": "node/11345913980",
      "properties": {
        "name": "Công viên Cầu Vồng",
        "category": "bus_stop",
        "osm_id": "node/11345913980",
        "operator": null,
        "osm_url": "https://www.openstreetmap.org/node/11345913980",
        "data_source": "openstreetmap",
        "verified_official": false,
        "position_type": "osm_recorded",
        "last_checked": "2026-10-09"
      },
      "geometry": {
        "type": "Point",
        "coordinates": [
          106.8374144,
          10.8420681
        ]
      }
    },
    {
      "type": "Feature",
      "id": "node/11353742828",
      "properties": {
        "name": "Chợ Gò Công",
        "category": "bus_stop",
        "osm_id": "node/11353742828",
        "operator": null,
        "osm_url": "https://www.openstreetmap.org/node/11353742828",
        "data_source": "openstreetmap",
        "verified_official": false,
        "position_type": "osm_recorded",
        "last_checked": "2026-10-09"
      },
      "geometry": {
        "type": "Point",
        "coordinates": [
          106.8276639,
          10.8420169
        ]
      }
    },
    {
      "type": "Feature",
      "id": "node/11353742829",
      "properties": {
        "name": "Chợ Gò Công",
        "category": "bus_stop",
        "osm_id": "node/11353742829",
        "operator": null,
        "osm_url": "https://www.openstreetmap.org/node/11353742829",
        "data_source": "openstreetmap",
        "verified_official": false,
        "position_type": "osm_recorded",
        "last_checked": "2026-10-09"
      },
      "geometry": {
        "type": "Point",
        "coordinates": [
          106.8280257,
          10.8421676
        ]
      }
    },
    {
      "type": "Feature",
      "id": "node/11353742830",
      "properties": {
        "name": "Tòa nhà S6.06",
        "category": "bus_stop",
        "osm_id": "node/11353742830",
        "operator": null,
        "osm_url": "https://www.openstreetmap.org/node/11353742830",
        "data_source": "openstreetmap",
        "verified_official": false,
        "position_type": "osm_recorded",
        "last_checked": "2026-10-09"
      },
      "geometry": {
        "type": "Point",
        "coordinates": [
          106.8390372,
          10.8430751
        ]
      }
    },
    {
      "type": "Feature",
      "id": "node/11363404641",
      "properties": {
        "name": "Khu du lịch Văn Thánh",
        "category": "bus_stop",
        "osm_id": "node/11363404641",
        "operator": null,
        "osm_url": "https://www.openstreetmap.org/node/11363404641",
        "data_source": "openstreetmap",
        "verified_official": false,
        "position_type": "osm_recorded",
        "last_checked": "2026-10-09"
      },
      "geometry": {
        "type": "Point",
        "coordinates": [
          106.7174018,
          10.7995636
        ]
      }
    },
    {
      "type": "Feature",
      "id": "node/11363404642",
      "properties": {
        "name": "Cầu Sài Gòn",
        "category": "bus_stop",
        "osm_id": "node/11363404642",
        "operator": null,
        "osm_url": "https://www.openstreetmap.org/node/11363404642",
        "data_source": "openstreetmap",
        "verified_official": false,
        "position_type": "osm_recorded",
        "last_checked": "2026-10-09"
      },
      "geometry": {
        "type": "Point",
        "coordinates": [
          106.7193338,
          10.7984179
        ]
      }
    },
    {
      "type": "Feature",
      "id": "node/11430345650",
      "properties": {
        "name": "Kumho Samco Buslines",
        "category": "bus_stop",
        "osm_id": "node/11430345650",
        "operator": null,
        "osm_url": "https://www.openstreetmap.org/node/11430345650",
        "data_source": "openstreetmap",
        "verified_official": false,
        "position_type": "osm_recorded",
        "last_checked": "2026-10-09"
      },
      "geometry": {
        "type": "Point",
        "coordinates": [
          106.6916462,
          10.7678614
        ]
      }
    },
    {
      "type": "Feature",
      "id": "node/11430469505",
      "properties": {
        "name": "Hahn Café",
        "category": "bus_stop",
        "osm_id": "node/11430469505",
        "operator": null,
        "osm_url": "https://www.openstreetmap.org/node/11430469505",
        "data_source": "openstreetmap",
        "verified_official": false,
        "position_type": "osm_recorded",
        "last_checked": "2026-10-09"
      },
      "geometry": {
        "type": "Point",
        "coordinates": [
          106.6921517,
          10.7680298
        ]
      }
    },
    {
      "type": "Feature",
      "id": "node/11625809673",
      "properties": {
        "name": "Nguyễn Đình Chiểu",
        "category": "bus_stop",
        "osm_id": "node/11625809673",
        "operator": null,
        "osm_url": "https://www.openstreetmap.org/node/11625809673",
        "data_source": "openstreetmap",
        "verified_official": false,
        "position_type": "osm_recorded",
        "last_checked": "2026-10-09"
      },
      "geometry": {
        "type": "Point",
        "coordinates": [
          106.6914392,
          10.7808225
        ]
      }
    },
    {
      "type": "Feature",
      "id": "node/11625810073",
      "properties": {
        "name": "Co.opmart Nguyễn Đình Chiểu",
        "category": "bus_stop",
        "osm_id": "node/11625810073",
        "operator": null,
        "osm_url": "https://www.openstreetmap.org/node/11625810073",
        "data_source": "openstreetmap",
        "verified_official": false,
        "position_type": "osm_recorded",
        "last_checked": "2026-10-09"
      },
      "geometry": {
        "type": "Point",
        "coordinates": [
          106.6921965,
          10.7807579
        ]
      }
    },
    {
      "type": "Feature",
      "id": "node/11625828069",
      "properties": {
        "name": "Khu du lịch Văn Thánh",
        "category": "bus_stop",
        "osm_id": "node/11625828069",
        "operator": null,
        "osm_url": "https://www.openstreetmap.org/node/11625828069",
        "data_source": "openstreetmap",
        "verified_official": false,
        "position_type": "osm_recorded",
        "last_checked": "2026-10-09"
      },
      "geometry": {
        "type": "Point",
        "coordinates": [
          106.7172175,
          10.800262
        ]
      }
    },
    {
      "type": "Feature",
      "id": "node/11625833369",
      "properties": {
        "name": "Ngã sáu Phù Đổng",
        "category": "bus_stop",
        "osm_id": "node/11625833369",
        "operator": null,
        "osm_url": "https://www.openstreetmap.org/node/11625833369",
        "data_source": "openstreetmap",
        "verified_official": false,
        "position_type": "osm_recorded",
        "last_checked": "2026-10-09"
      },
      "geometry": {
        "type": "Point",
        "coordinates": [
          106.6938218,
          10.7708507
        ]
      }
    },
    {
      "type": "Feature",
      "id": "node/11625833669",
      "properties": {
        "name": "Nguyễn Thị Nghĩa",
        "category": "bus_stop",
        "osm_id": "node/11625833669",
        "operator": null,
        "osm_url": "https://www.openstreetmap.org/node/11625833669",
        "data_source": "openstreetmap",
        "verified_official": false,
        "position_type": "osm_recorded",
        "last_checked": "2026-10-09"
      },
      "geometry": {
        "type": "Point",
        "coordinates": [
          106.6936333,
          10.7708393
        ]
      }
    },
    {
      "type": "Feature",
      "id": "node/11627173669",
      "properties": {
        "name": "Công viên Cầu Sài Gòn",
        "category": "bus_stop",
        "osm_id": "node/11627173669",
        "operator": null,
        "osm_url": "https://www.openstreetmap.org/node/11627173669",
        "data_source": "openstreetmap",
        "verified_official": false,
        "position_type": "osm_recorded",
        "last_checked": "2026-10-09"
      },
      "geometry": {
        "type": "Point",
        "coordinates": [
          106.7227973,
          10.7989052
        ]
      }
    },
    {
      "type": "Feature",
      "id": "node/11628663569",
      "properties": {
        "name": "Nguyễn Trãi",
        "category": "bus_stop",
        "osm_id": "node/11628663569",
        "operator": null,
        "osm_url": "https://www.openstreetmap.org/node/11628663569",
        "data_source": "openstreetmap",
        "verified_official": false,
        "position_type": "osm_recorded",
        "last_checked": "2026-10-09"
      },
      "geometry": {
        "type": "Point",
        "coordinates": [
          106.6927759,
          10.7710326
        ]
      }
    },
    {
      "type": "Feature",
      "id": "node/11628670569",
      "properties": {
        "name": "Chợ Phường 25",
        "category": "bus_stop",
        "osm_id": "node/11628670569",
        "operator": null,
        "osm_url": "https://www.openstreetmap.org/node/11628670569",
        "data_source": "openstreetmap",
        "verified_official": false,
        "position_type": "osm_recorded",
        "last_checked": "2026-10-09"
      },
      "geometry": {
        "type": "Point",
        "coordinates": [
          106.7146663,
          10.8082939
        ]
      }
    },
    {
      "type": "Feature",
      "id": "node/11628674869",
      "properties": {
        "name": "Trường Trung học Cơ sở Lê Quý Đôn",
        "category": "bus_stop",
        "osm_id": "node/11628674869",
        "operator": null,
        "osm_url": "https://www.openstreetmap.org/node/11628674869",
        "data_source": "openstreetmap",
        "verified_official": false,
        "position_type": "osm_recorded",
        "last_checked": "2026-10-09"
      },
      "geometry": {
        "type": "Point",
        "coordinates": [
          106.69357,
          10.7788668
        ]
      }
    },
    {
      "type": "Feature",
      "id": "node/11629642669",
      "properties": {
        "name": "Khách sạn Golden",
        "category": "bus_stop",
        "osm_id": "node/11629642669",
        "operator": null,
        "osm_url": "https://www.openstreetmap.org/node/11629642669",
        "data_source": "openstreetmap",
        "verified_official": false,
        "position_type": "osm_recorded",
        "last_checked": "2026-10-09"
      },
      "geometry": {
        "type": "Point",
        "coordinates": [
          106.6961893,
          10.7732966
        ]
      }
    },
    {
      "type": "Feature",
      "id": "node/11704307870",
      "properties": {
        "name": "Cát Lái",
        "category": "bus_stop",
        "osm_id": "node/11704307870",
        "operator": null,
        "osm_url": "https://www.openstreetmap.org/node/11704307870",
        "data_source": "openstreetmap",
        "verified_official": false,
        "position_type": "osm_recorded",
        "last_checked": "2026-10-09"
      },
      "geometry": {
        "type": "Point",
        "coordinates": [
          106.7479175,
          10.8029737
        ]
      }
    },
    {
      "type": "Feature",
      "id": "node/11753277684",
      "properties": {
        "name": "Trường Trung học Phổ thông Ernst Thälmann",
        "category": "bus_stop",
        "osm_id": "node/11753277684",
        "operator": null,
        "osm_url": "https://www.openstreetmap.org/node/11753277684",
        "data_source": "openstreetmap",
        "verified_official": false,
        "position_type": "osm_recorded",
        "last_checked": "2026-10-09"
      },
      "geometry": {
        "type": "Point",
        "coordinates": [
          106.6959537,
          10.7687864
        ]
      }
    },
    {
      "type": "Feature",
      "id": "node/11753277694",
      "properties": {
        "name": "Ký túc xã Trần Hưng Đạo",
        "category": "bus_stop",
        "osm_id": "node/11753277694",
        "operator": null,
        "osm_url": "https://www.openstreetmap.org/node/11753277694",
        "data_source": "openstreetmap",
        "verified_official": false,
        "position_type": "osm_recorded",
        "last_checked": "2026-10-09"
      },
      "geometry": {
        "type": "Point",
        "coordinates": [
          106.6947089,
          10.7671569
        ]
      }
    },
    {
      "type": "Feature",
      "id": "node/11753277695",
      "properties": {
        "name": "Trạm trung chuyển Hàm Nghi",
        "category": "bus_stop",
        "osm_id": "node/11753277695",
        "operator": null,
        "osm_url": "https://www.openstreetmap.org/node/11753277695",
        "data_source": "openstreetmap",
        "verified_official": false,
        "position_type": "osm_recorded",
        "last_checked": "2026-10-09"
      },
      "geometry": {
        "type": "Point",
        "coordinates": [
          106.700515,
          10.7709376
        ]
      }
    },
    {
      "type": "Feature",
      "id": "node/11753277698",
      "properties": {
        "name": "Bưu điện Thành phố",
        "category": "bus_stop",
        "osm_id": "node/11753277698",
        "operator": null,
        "osm_url": "https://www.openstreetmap.org/node/11753277698",
        "data_source": "openstreetmap",
        "verified_official": false,
        "position_type": "osm_recorded",
        "last_checked": "2026-10-09"
      },
      "geometry": {
        "type": "Point",
        "coordinates": [
          106.7006741,
          10.7806054
        ]
      }
    },
    {
      "type": "Feature",
      "id": "node/11753277699",
      "properties": {
        "name": "Sở Công Thương",
        "category": "bus_stop",
        "osm_id": "node/11753277699",
        "operator": null,
        "osm_url": "https://www.openstreetmap.org/node/11753277699",
        "data_source": "openstreetmap",
        "verified_official": false,
        "position_type": "osm_recorded",
        "last_checked": "2026-10-09"
      },
      "geometry": {
        "type": "Point",
        "coordinates": [
          106.6964768,
          10.784299
        ]
      }
    },
    {
      "type": "Feature",
      "id": "node/11753277727",
      "properties": {
        "name": "Cây xăng Thanh Bình",
        "category": "bus_stop",
        "osm_id": "node/11753277727",
        "operator": null,
        "osm_url": "https://www.openstreetmap.org/node/11753277727",
        "data_source": "openstreetmap",
        "verified_official": false,
        "position_type": "osm_recorded",
        "last_checked": "2026-10-09"
      },
      "geometry": {
        "type": "Point",
        "coordinates": [
          106.6831419,
          10.8863295
        ]
      }
    },
    {
      "type": "Feature",
      "id": "node/11753277728",
      "properties": {
        "name": "Cầu Ông Dung",
        "category": "bus_stop",
        "osm_id": "node/11753277728",
        "operator": null,
        "osm_url": "https://www.openstreetmap.org/node/11753277728",
        "data_source": "openstreetmap",
        "verified_official": false,
        "position_type": "osm_recorded",
        "last_checked": "2026-10-09"
      },
      "geometry": {
        "type": "Point",
        "coordinates": [
          106.6851783,
          10.888795
        ]
      }
    },
    {
      "type": "Feature",
      "id": "node/11753277729",
      "properties": {
        "name": "Cầu Phú Long",
        "category": "bus_stop",
        "osm_id": "node/11753277729",
        "operator": null,
        "osm_url": "https://www.openstreetmap.org/node/11753277729",
        "data_source": "openstreetmap",
        "verified_official": false,
        "position_type": "osm_recorded",
        "last_checked": "2026-10-09"
      },
      "geometry": {
        "type": "Point",
        "coordinates": [
          106.6870168,
          10.8921392
        ]
      }
    },
    {
      "type": "Feature",
      "id": "node/11753277730",
      "properties": {
        "name": "Chùa Báo Ấn",
        "category": "bus_stop",
        "osm_id": "node/11753277730",
        "operator": null,
        "osm_url": "https://www.openstreetmap.org/node/11753277730",
        "data_source": "openstreetmap",
        "verified_official": false,
        "position_type": "osm_recorded",
        "last_checked": "2026-10-09"
      },
      "geometry": {
        "type": "Point",
        "coordinates": [
          106.6886265,
          10.8949158
        ]
      }
    },
    {
      "type": "Feature",
      "id": "node/11753277731",
      "properties": {
        "name": "Chợ Đường",
        "category": "bus_stop",
        "osm_id": "node/11753277731",
        "operator": null,
        "osm_url": "https://www.openstreetmap.org/node/11753277731",
        "data_source": "openstreetmap",
        "verified_official": false,
        "position_type": "osm_recorded",
        "last_checked": "2026-10-09"
      },
      "geometry": {
        "type": "Point",
        "coordinates": [
          106.6890857,
          10.8976777
        ]
      }
    },
    {
      "type": "Feature",
      "id": "node/11753277734",
      "properties": {
        "name": "Chợ Đường",
        "category": "bus_stop",
        "osm_id": "node/11753277734",
        "operator": null,
        "osm_url": "https://www.openstreetmap.org/node/11753277734",
        "data_source": "openstreetmap",
        "verified_official": false,
        "position_type": "osm_recorded",
        "last_checked": "2026-10-09"
      },
      "geometry": {
        "type": "Point",
        "coordinates": [
          106.6890441,
          10.8975133
        ]
      }
    },
    {
      "type": "Feature",
      "id": "node/11753277735",
      "properties": {
        "name": "Chùa Báo Ấn",
        "category": "bus_stop",
        "osm_id": "node/11753277735",
        "operator": null,
        "osm_url": "https://www.openstreetmap.org/node/11753277735",
        "data_source": "openstreetmap",
        "verified_official": false,
        "position_type": "osm_recorded",
        "last_checked": "2026-10-09"
      },
      "geometry": {
        "type": "Point",
        "coordinates": [
          106.6885147,
          10.8948963
        ]
      }
    },
    {
      "type": "Feature",
      "id": "node/11753277736",
      "properties": {
        "name": "Cầu Phú Long",
        "category": "bus_stop",
        "osm_id": "node/11753277736",
        "operator": null,
        "osm_url": "https://www.openstreetmap.org/node/11753277736",
        "data_source": "openstreetmap",
        "verified_official": false,
        "position_type": "osm_recorded",
        "last_checked": "2026-10-09"
      },
      "geometry": {
        "type": "Point",
        "coordinates": [
          106.6872032,
          10.8925376
        ]
      }
    },
    {
      "type": "Feature",
      "id": "node/11753277737",
      "properties": {
        "name": "Cầu Ông Dung",
        "category": "bus_stop",
        "osm_id": "node/11753277737",
        "operator": null,
        "osm_url": "https://www.openstreetmap.org/node/11753277737",
        "data_source": "openstreetmap",
        "verified_official": false,
        "position_type": "osm_recorded",
        "last_checked": "2026-10-09"
      },
      "geometry": {
        "type": "Point",
        "coordinates": [
          106.6851314,
          10.8889446
        ]
      }
    },
    {
      "type": "Feature",
      "id": "node/11753277738",
      "properties": {
        "name": "Cây xăng Thanh Bình",
        "category": "bus_stop",
        "osm_id": "node/11753277738",
        "operator": null,
        "osm_url": "https://www.openstreetmap.org/node/11753277738",
        "data_source": "openstreetmap",
        "verified_official": false,
        "position_type": "osm_recorded",
        "last_checked": "2026-10-09"
      },
      "geometry": {
        "type": "Point",
        "coordinates": [
          106.6828655,
          10.8862736
        ]
      }
    },
    {
      "type": "Feature",
      "id": "node/11753290074",
      "properties": {
        "name": "Trần Cao Vân",
        "category": "bus_stop",
        "osm_id": "node/11753290074",
        "operator": null,
        "osm_url": "https://www.openstreetmap.org/node/11753290074",
        "data_source": "openstreetmap",
        "verified_official": false,
        "position_type": "osm_recorded",
        "last_checked": "2026-10-09"
      },
      "geometry": {
        "type": "Point",
        "coordinates": [
          106.6966375,
          10.7840612
        ]
      }
    },
    {
      "type": "Feature",
      "id": "node/11753290075",
      "properties": {
        "name": "Lê Duẩn",
        "category": "bus_stop",
        "osm_id": "node/11753290075",
        "operator": null,
        "osm_url": "https://www.openstreetmap.org/node/11753290075",
        "data_source": "openstreetmap",
        "verified_official": false,
        "position_type": "osm_recorded",
        "last_checked": "2026-10-09"
      },
      "geometry": {
        "type": "Point",
        "coordinates": [
          106.6990284,
          10.7819798
        ]
      }
    },
    {
      "type": "Feature",
      "id": "node/11753290076",
      "properties": {
        "name": "Bệnh viện Nhi đồng 2",
        "category": "bus_stop",
        "osm_id": "node/11753290076",
        "operator": null,
        "osm_url": "https://www.openstreetmap.org/node/11753290076",
        "data_source": "openstreetmap",
        "verified_official": false,
        "position_type": "osm_recorded",
        "last_checked": "2026-10-09"
      },
      "geometry": {
        "type": "Point",
        "coordinates": [
          106.7018959,
          10.7793394
        ]
      }
    },
    {
      "type": "Feature",
      "id": "node/11753290077",
      "properties": {
        "name": "Nhà hát Thành phố",
        "category": "bus_stop",
        "osm_id": "node/11753290077",
        "operator": null,
        "osm_url": "https://www.openstreetmap.org/node/11753290077",
        "data_source": "openstreetmap",
        "verified_official": false,
        "position_type": "osm_recorded",
        "last_checked": "2026-10-09"
      },
      "geometry": {
        "type": "Point",
        "coordinates": [
          106.7035256,
          10.7778905
        ]
      }
    },
    {
      "type": "Feature",
      "id": "node/11753290078",
      "properties": {
        "name": "Công trường Mê Linh",
        "category": "bus_stop",
        "osm_id": "node/11753290078",
        "operator": null,
        "osm_url": "https://www.openstreetmap.org/node/11753290078",
        "data_source": "openstreetmap",
        "verified_official": false,
        "position_type": "osm_recorded",
        "last_checked": "2026-10-09"
      },
      "geometry": {
        "type": "Point",
        "coordinates": [
          106.7056045,
          10.7759881
        ]
      }
    },
    {
      "type": "Feature",
      "id": "node/11754611890",
      "properties": {
        "name": "Tòa án Nhân dân Thành phố",
        "category": "bus_stop",
        "osm_id": "node/11754611890",
        "operator": null,
        "osm_url": "https://www.openstreetmap.org/node/11754611890",
        "data_source": "openstreetmap",
        "verified_official": false,
        "position_type": "osm_recorded",
        "last_checked": "2026-10-09"
      },
      "geometry": {
        "type": "Point",
        "coordinates": [
          106.6987823,
          10.7759926
        ]
      }
    },
    {
      "type": "Feature",
      "id": "node/11754611892",
      "properties": {
        "name": "Trường Cao đẳng Kỹ thuật Cao Thắng",
        "category": "bus_stop",
        "osm_id": "node/11754611892",
        "operator": null,
        "osm_url": "https://www.openstreetmap.org/node/11754611892",
        "data_source": "openstreetmap",
        "verified_official": false,
        "position_type": "osm_recorded",
        "last_checked": "2026-10-09"
      },
      "geometry": {
        "type": "Point",
        "coordinates": [
          106.700882,
          10.771523
        ]
      }
    },
    {
      "type": "Feature",
      "id": "node/11754611896",
      "properties": {
        "name": "Hồ bơi - 784 Quốc lộ 13",
        "category": "bus_stop",
        "osm_id": "node/11754611896",
        "operator": null,
        "osm_url": "https://www.openstreetmap.org/node/11754611896",
        "data_source": "openstreetmap",
        "verified_official": false,
        "position_type": "osm_recorded",
        "last_checked": "2026-10-09"
      },
      "geometry": {
        "type": "Point",
        "coordinates": [
          106.7245165,
          10.8610579
        ]
      }
    },
    {
      "type": "Feature",
      "id": "node/11754611899",
      "properties": {
        "name": "Hồ bơi Mèo Mun",
        "category": "bus_stop",
        "osm_id": "node/11754611899",
        "operator": null,
        "osm_url": "https://www.openstreetmap.org/node/11754611899",
        "data_source": "openstreetmap",
        "verified_official": false,
        "position_type": "osm_recorded",
        "last_checked": "2026-10-09"
      },
      "geometry": {
        "type": "Point",
        "coordinates": [
          106.7243946,
          10.8613012
        ]
      }
    },
    {
      "type": "Feature",
      "id": "node/11755160658",
      "properties": {
        "name": "Cầu Đen",
        "category": "bus_stop",
        "osm_id": "node/11755160658",
        "operator": null,
        "osm_url": "https://www.openstreetmap.org/node/11755160658",
        "data_source": "openstreetmap",
        "verified_official": false,
        "position_type": "osm_recorded",
        "last_checked": "2026-10-09"
      },
      "geometry": {
        "type": "Point",
        "coordinates": [
          106.7339353,
          10.7998702
        ]
      }
    },
    {
      "type": "Feature",
      "id": "node/11755160659",
      "properties": {
        "name": "Thảo Điền",
        "category": "bus_stop",
        "osm_id": "node/11755160659",
        "operator": null,
        "osm_url": "https://www.openstreetmap.org/node/11755160659",
        "data_source": "openstreetmap",
        "verified_official": false,
        "position_type": "osm_recorded",
        "last_checked": "2026-10-09"
      },
      "geometry": {
        "type": "Point",
        "coordinates": [
          106.7386007,
          10.8008158
        ]
      }
    },
    {
      "type": "Feature",
      "id": "node/11755160660",
      "properties": {
        "name": "Metro Quận 2",
        "category": "bus_stop",
        "osm_id": "node/11755160660",
        "operator": null,
        "osm_url": "https://www.openstreetmap.org/node/11755160660",
        "data_source": "openstreetmap",
        "verified_official": false,
        "position_type": "osm_recorded",
        "last_checked": "2026-10-09"
      },
      "geometry": {
        "type": "Point",
        "coordinates": [
          106.7424132,
          10.8014989
        ]
      }
    },
    {
      "type": "Feature",
      "id": "node/11755160661",
      "properties": {
        "name": "Cát Lái",
        "category": "bus_stop",
        "osm_id": "node/11755160661",
        "operator": null,
        "osm_url": "https://www.openstreetmap.org/node/11755160661",
        "data_source": "openstreetmap",
        "verified_official": false,
        "position_type": "osm_recorded",
        "last_checked": "2026-10-09"
      },
      "geometry": {
        "type": "Point",
        "coordinates": [
          106.748013,
          10.8025627
        ]
      }
    },
    {
      "type": "Feature",
      "id": "node/11755184275",
      "properties": {
        "name": "Đại học Nông Lâm",
        "category": "bus_stop",
        "osm_id": "node/11755184275",
        "operator": null,
        "osm_url": "https://www.openstreetmap.org/node/11755184275",
        "data_source": "openstreetmap",
        "verified_official": false,
        "position_type": "osm_recorded",
        "last_checked": "2026-10-09"
      },
      "geometry": {
        "type": "Point",
        "coordinates": [
          106.7910918,
          10.8669653
        ]
      }
    },
    {
      "type": "Feature",
      "id": "node/11755184278",
      "properties": {
        "name": "Đại học Nông Lâm",
        "category": "bus_stop",
        "osm_id": "node/11755184278",
        "operator": null,
        "osm_url": "https://www.openstreetmap.org/node/11755184278",
        "data_source": "openstreetmap",
        "verified_official": false,
        "position_type": "osm_recorded",
        "last_checked": "2026-10-09"
      },
      "geometry": {
        "type": "Point",
        "coordinates": [
          106.790324,
          10.8668341
        ]
      }
    },
    {
      "type": "Feature",
      "id": "node/11755184279",
      "properties": {
        "name": "Khu Công nghệ cao Quận 9",
        "category": "bus_stop",
        "osm_id": "node/11755184279",
        "operator": null,
        "osm_url": "https://www.openstreetmap.org/node/11755184279",
        "data_source": "openstreetmap",
        "verified_official": false,
        "position_type": "osm_recorded",
        "last_checked": "2026-10-09"
      },
      "geometry": {
        "type": "Point",
        "coordinates": [
          106.7908142,
          10.8599964
        ]
      }
    },
    {
      "type": "Feature",
      "id": "node/11755184286",
      "properties": {
        "name": "Metro Quận 2",
        "category": "bus_stop",
        "osm_id": "node/11755184286",
        "operator": null,
        "osm_url": "https://www.openstreetmap.org/node/11755184286",
        "data_source": "openstreetmap",
        "verified_official": false,
        "position_type": "osm_recorded",
        "last_checked": "2026-10-09"
      },
      "geometry": {
        "type": "Point",
        "coordinates": [
          106.7433787,
          10.8021604
        ]
      }
    },
    {
      "type": "Feature",
      "id": "node/11755184287",
      "properties": {
        "name": "Thảo Điền",
        "category": "bus_stop",
        "osm_id": "node/11755184287",
        "operator": null,
        "osm_url": "https://www.openstreetmap.org/node/11755184287",
        "data_source": "openstreetmap",
        "verified_official": false,
        "position_type": "osm_recorded",
        "last_checked": "2026-10-09"
      },
      "geometry": {
        "type": "Point",
        "coordinates": [
          106.7387515,
          10.8012876
        ]
      }
    },
    {
      "type": "Feature",
      "id": "node/11755184289",
      "properties": {
        "name": "Cầu Sài Gòn",
        "category": "bus_stop",
        "osm_id": "node/11755184289",
        "operator": null,
        "osm_url": "https://www.openstreetmap.org/node/11755184289",
        "data_source": "openstreetmap",
        "verified_official": false,
        "position_type": "osm_recorded",
        "last_checked": "2026-10-09"
      },
      "geometry": {
        "type": "Point",
        "coordinates": [
          106.719624,
          10.7989394
        ]
      }
    },
    {
      "type": "Feature",
      "id": "node/11755184290",
      "properties": {
        "name": "Đại học HUTECH",
        "category": "bus_stop",
        "osm_id": "node/11755184290",
        "operator": null,
        "osm_url": "https://www.openstreetmap.org/node/11755184290",
        "data_source": "openstreetmap",
        "verified_official": false,
        "position_type": "osm_recorded",
        "last_checked": "2026-10-09"
      },
      "geometry": {
        "type": "Point",
        "coordinates": [
          106.7148097,
          10.8012487
        ]
      }
    },
    {
      "type": "Feature",
      "id": "node/11755184291",
      "properties": {
        "name": "Trạm xăng dầu Điện Biên Phủ",
        "category": "bus_stop",
        "osm_id": "node/11755184291",
        "operator": null,
        "osm_url": "https://www.openstreetmap.org/node/11755184291",
        "data_source": "openstreetmap",
        "verified_official": false,
        "position_type": "osm_recorded",
        "last_checked": "2026-10-09"
      },
      "geometry": {
        "type": "Point",
        "coordinates": [
          106.7128909,
          10.8016703
        ]
      }
    },
    {
      "type": "Feature",
      "id": "node/11755528608",
      "properties": {
        "name": "Cổng ra - Bến xe Miền Đông 3",
        "category": "bus_stop",
        "osm_id": "node/11755528608",
        "operator": null,
        "osm_url": "https://www.openstreetmap.org/node/11755528608",
        "data_source": "openstreetmap",
        "verified_official": false,
        "position_type": "osm_recorded",
        "last_checked": "2026-10-09"
      },
      "geometry": {
        "type": "Point",
        "coordinates": [
          106.7125132,
          10.8116472
        ]
      }
    },
    {
      "type": "Feature",
      "id": "node/11755528609",
      "properties": {
        "name": "Cổng ra - Bến xe Miền Đông 2",
        "category": "bus_stop",
        "osm_id": "node/11755528609",
        "operator": null,
        "osm_url": "https://www.openstreetmap.org/node/11755528609",
        "data_source": "openstreetmap",
        "verified_official": false,
        "position_type": "osm_recorded",
        "last_checked": "2026-10-09"
      },
      "geometry": {
        "type": "Point",
        "coordinates": [
          106.7125732,
          10.8123148
        ]
      }
    },
    {
      "type": "Feature",
      "id": "node/11755528618",
      "properties": {
        "name": "Cầu vượt Trạm 2",
        "category": "bus_stop",
        "osm_id": "node/11755528618",
        "operator": null,
        "osm_url": "https://www.openstreetmap.org/node/11755528618",
        "data_source": "openstreetmap",
        "verified_official": false,
        "position_type": "osm_recorded",
        "last_checked": "2026-10-09"
      },
      "geometry": {
        "type": "Point",
        "coordinates": [
          106.7977191,
          10.8636283
        ]
      }
    },
    {
      "type": "Feature",
      "id": "node/11755528619",
      "properties": {
        "name": "Nghĩa trang Liệt sĩ Thành phố",
        "category": "bus_stop",
        "osm_id": "node/11755528619",
        "operator": null,
        "osm_url": "https://www.openstreetmap.org/node/11755528619",
        "data_source": "openstreetmap",
        "verified_official": false,
        "position_type": "osm_recorded",
        "last_checked": "2026-10-09"
      },
      "geometry": {
        "type": "Point",
        "coordinates": [
          106.8094987,
          10.8735896
        ]
      }
    },
    {
      "type": "Feature",
      "id": "node/11755528620",
      "properties": {
        "name": "Đại học Khoa học Tự nhiên",
        "category": "bus_stop",
        "osm_id": "node/11755528620",
        "operator": null,
        "osm_url": "https://www.openstreetmap.org/node/11755528620",
        "data_source": "openstreetmap",
        "verified_official": false,
        "position_type": "osm_recorded",
        "last_checked": "2026-10-09"
      },
      "geometry": {
        "type": "Point",
        "coordinates": [
          106.8062491,
          10.8746139
        ]
      }
    },
    {
      "type": "Feature",
      "id": "node/11755528622",
      "properties": {
        "name": "Đại học An ninh Nhân dân",
        "category": "bus_stop",
        "osm_id": "node/11755528622",
        "operator": null,
        "osm_url": "https://www.openstreetmap.org/node/11755528622",
        "data_source": "openstreetmap",
        "verified_official": false,
        "position_type": "osm_recorded",
        "last_checked": "2026-10-09"
      },
      "geometry": {
        "type": "Point",
        "coordinates": [
          106.8067183,
          10.8716254
        ]
      }
    },
    {
      "type": "Feature",
      "id": "node/11755528623",
      "properties": {
        "name": "Cầu vượt Trạm 2",
        "category": "bus_stop",
        "osm_id": "node/11755528623",
        "operator": null,
        "osm_url": "https://www.openstreetmap.org/node/11755528623",
        "data_source": "openstreetmap",
        "verified_official": false,
        "position_type": "osm_recorded",
        "last_checked": "2026-10-09"
      },
      "geometry": {
        "type": "Point",
        "coordinates": [
          106.7974502,
          10.8639288
        ]
      }
    },
    {
      "type": "Feature",
      "id": "node/11757081906",
      "properties": {
        "name": "Cư xá Phú Lâm",
        "category": "bus_stop",
        "osm_id": "node/11757081906",
        "operator": null,
        "osm_url": "https://www.openstreetmap.org/node/11757081906",
        "data_source": "openstreetmap",
        "verified_official": false,
        "position_type": "osm_recorded",
        "last_checked": "2026-10-09"
      },
      "geometry": {
        "type": "Point",
        "coordinates": [
          106.6308629,
          10.7515324
        ]
      }
    },
    {
      "type": "Feature",
      "id": "node/11757081909",
      "properties": {
        "name": "Vòng xoay Kinh Dương Vương",
        "category": "bus_stop",
        "osm_id": "node/11757081909",
        "operator": null,
        "osm_url": "https://www.openstreetmap.org/node/11757081909",
        "data_source": "openstreetmap",
        "verified_official": false,
        "position_type": "osm_recorded",
        "last_checked": "2026-10-09"
      },
      "geometry": {
        "type": "Point",
        "coordinates": [
          106.6224667,
          10.7447814
        ]
      }
    },
    {
      "type": "Feature",
      "id": "node/11757109500",
      "properties": {
        "name": "Hồ bơi Phú Lâm",
        "category": "bus_stop",
        "osm_id": "node/11757109500",
        "operator": null,
        "osm_url": "https://www.openstreetmap.org/node/11757109500",
        "data_source": "openstreetmap",
        "verified_official": false,
        "position_type": "osm_recorded",
        "last_checked": "2026-10-09"
      },
      "geometry": {
        "type": "Point",
        "coordinates": [
          106.6279878,
          10.7488986
        ]
      }
    },
    {
      "type": "Feature",
      "id": "node/11757109501",
      "properties": {
        "name": "Cư xá Phú Lâm",
        "category": "bus_stop",
        "osm_id": "node/11757109501",
        "operator": null,
        "osm_url": "https://www.openstreetmap.org/node/11757109501",
        "data_source": "openstreetmap",
        "verified_official": false,
        "position_type": "osm_recorded",
        "last_checked": "2026-10-09"
      },
      "geometry": {
        "type": "Point",
        "coordinates": [
          106.6308996,
          10.7511668
        ]
      }
    },
    {
      "type": "Feature",
      "id": "node/11757109514",
      "properties": {
        "name": "Cầu Điện Biên Phủ",
        "category": "bus_stop",
        "osm_id": "node/11757109514",
        "operator": null,
        "osm_url": "https://www.openstreetmap.org/node/11757109514",
        "data_source": "openstreetmap",
        "verified_official": false,
        "position_type": "osm_recorded",
        "last_checked": "2026-10-09"
      },
      "geometry": {
        "type": "Point",
        "coordinates": [
          106.702508,
          10.7951078
        ]
      }
    },
    {
      "type": "Feature",
      "id": "node/11757386653",
      "properties": {
        "name": "Trống Đồng",
        "category": "bus_stop",
        "osm_id": "node/11757386653",
        "operator": null,
        "osm_url": "https://www.openstreetmap.org/node/11757386653",
        "data_source": "openstreetmap",
        "verified_official": false,
        "position_type": "osm_recorded",
        "last_checked": "2026-10-09"
      },
      "geometry": {
        "type": "Point",
        "coordinates": [
          106.6914603,
          10.7723938
        ]
      }
    },
    {
      "type": "Feature",
      "id": "node/11757386655",
      "properties": {
        "name": "Ngã năm Liệt sĩ",
        "category": "bus_stop",
        "osm_id": "node/11757386655",
        "operator": null,
        "osm_url": "https://www.openstreetmap.org/node/11757386655",
        "data_source": "openstreetmap",
        "verified_official": false,
        "position_type": "osm_recorded",
        "last_checked": "2026-10-09"
      },
      "geometry": {
        "type": "Point",
        "coordinates": [
          106.7105932,
          10.8120692
        ]
      }
    },
    {
      "type": "Feature",
      "id": "node/11757386656",
      "properties": {
        "name": "Đại học Ngoại Thương",
        "category": "bus_stop",
        "osm_id": "node/11757386656",
        "operator": null,
        "osm_url": "https://www.openstreetmap.org/node/11757386656",
        "data_source": "openstreetmap",
        "verified_official": false,
        "position_type": "osm_recorded",
        "last_checked": "2026-10-09"
      },
      "geometry": {
        "type": "Point",
        "coordinates": [
          106.715886,
          10.8048295
        ]
      }
    },
    {
      "type": "Feature",
      "id": "node/11758359255",
      "properties": {
        "name": "Phường Bình Trị Đông",
        "category": "bus_stop",
        "osm_id": "node/11758359255",
        "operator": null,
        "osm_url": "https://www.openstreetmap.org/node/11758359255",
        "data_source": "openstreetmap",
        "verified_official": false,
        "position_type": "osm_recorded",
        "last_checked": "2026-10-09"
      },
      "geometry": {
        "type": "Point",
        "coordinates": [
          106.6204712,
          10.763232
        ]
      }
    },
    {
      "type": "Feature",
      "id": "node/11758401300",
      "properties": {
        "name": "Bình Trị Đông",
        "category": "bus_stop",
        "osm_id": "node/11758401300",
        "operator": null,
        "osm_url": "https://www.openstreetmap.org/node/11758401300",
        "data_source": "openstreetmap",
        "verified_official": false,
        "position_type": "osm_recorded",
        "last_checked": "2026-10-09"
      },
      "geometry": {
        "type": "Point",
        "coordinates": [
          106.6201453,
          10.7634247
        ]
      }
    },
    {
      "type": "Feature",
      "id": "node/11758401301",
      "properties": {
        "name": "Ấp Chiến lược",
        "category": "bus_stop",
        "osm_id": "node/11758401301",
        "operator": null,
        "osm_url": "https://www.openstreetmap.org/node/11758401301",
        "data_source": "openstreetmap",
        "verified_official": false,
        "position_type": "osm_recorded",
        "last_checked": "2026-10-09"
      },
      "geometry": {
        "type": "Point",
        "coordinates": [
          106.6219014,
          10.7618497
        ]
      }
    },
    {
      "type": "Feature",
      "id": "node/11758401302",
      "properties": {
        "name": "Chợ Tân Hòa Đông",
        "category": "bus_stop",
        "osm_id": "node/11758401302",
        "operator": null,
        "osm_url": "https://www.openstreetmap.org/node/11758401302",
        "data_source": "openstreetmap",
        "verified_official": false,
        "position_type": "osm_recorded",
        "last_checked": "2026-10-09"
      },
      "geometry": {
        "type": "Point",
        "coordinates": [
          106.6259322,
          10.7598442
        ]
      }
    },
    {
      "type": "Feature",
      "id": "node/11758401306",
      "properties": {
        "name": "Diamond Plaza",
        "category": "bus_stop",
        "osm_id": "node/11758401306",
        "operator": null,
        "osm_url": "https://www.openstreetmap.org/node/11758401306",
        "data_source": "openstreetmap",
        "verified_official": false,
        "position_type": "osm_recorded",
        "last_checked": "2026-10-09"
      },
      "geometry": {
        "type": "Point",
        "coordinates": [
          106.6991745,
          10.78092
        ]
      }
    },
    {
      "type": "Feature",
      "id": "node/11758401307",
      "properties": {
        "name": "Sân vận động Hoa Lư",
        "category": "bus_stop",
        "osm_id": "node/11758401307",
        "operator": null,
        "osm_url": "https://www.openstreetmap.org/node/11758401307",
        "data_source": "openstreetmap",
        "verified_official": false,
        "position_type": "osm_recorded",
        "last_checked": "2026-10-09"
      },
      "geometry": {
        "type": "Point",
        "coordinates": [
          106.7010822,
          10.787152
        ]
      }
    },
    {
      "type": "Feature",
      "id": "node/11758401308",
      "properties": {
        "name": "Trường Trung cấp Kỹ thuật Nông nghiệp",
        "category": "bus_stop",
        "osm_id": "node/11758401308",
        "operator": null,
        "osm_url": "https://www.openstreetmap.org/node/11758401308",
        "data_source": "openstreetmap",
        "verified_official": false,
        "position_type": "osm_recorded",
        "last_checked": "2026-10-09"
      },
      "geometry": {
        "type": "Point",
        "coordinates": [
          106.6987603,
          10.7891734
        ]
      }
    },
    {
      "type": "Feature",
      "id": "node/11758401405",
      "properties": {
        "name": "Diamond Plaza",
        "category": "bus_stop",
        "osm_id": "node/11758401405",
        "operator": null,
        "osm_url": "https://www.openstreetmap.org/node/11758401405",
        "data_source": "openstreetmap",
        "verified_official": false,
        "position_type": "osm_recorded",
        "last_checked": "2026-10-09"
      },
      "geometry": {
        "type": "Point",
        "coordinates": [
          106.6988192,
          10.7807618
        ]
      }
    },
    {
      "type": "Feature",
      "id": "node/11760154426",
      "properties": {
        "name": "Công ty Điện tử Samsung",
        "category": "bus_stop",
        "osm_id": "node/11760154426",
        "operator": null,
        "osm_url": "https://www.openstreetmap.org/node/11760154426",
        "data_source": "openstreetmap",
        "verified_official": false,
        "position_type": "osm_recorded",
        "last_checked": "2026-10-09"
      },
      "geometry": {
        "type": "Point",
        "coordinates": [
          106.7786704,
          10.8686311
        ]
      }
    },
    {
      "type": "Feature",
      "id": "node/11760154427",
      "properties": {
        "name": "Đại học Nông Lâm",
        "category": "bus_stop",
        "osm_id": "node/11760154427",
        "operator": null,
        "osm_url": "https://www.openstreetmap.org/node/11760154427",
        "data_source": "openstreetmap",
        "verified_official": false,
        "position_type": "osm_recorded",
        "last_checked": "2026-10-09"
      },
      "geometry": {
        "type": "Point",
        "coordinates": [
          106.7871782,
          10.8670764
        ]
      }
    },
    {
      "type": "Feature",
      "id": "node/11760154429",
      "properties": {
        "name": "Thảo Nguyên",
        "category": "bus_stop",
        "osm_id": "node/11760154429",
        "operator": null,
        "osm_url": "https://www.openstreetmap.org/node/11760154429",
        "data_source": "openstreetmap",
        "verified_official": false,
        "position_type": "osm_recorded",
        "last_checked": "2026-10-09"
      },
      "geometry": {
        "type": "Point",
        "coordinates": [
          106.793975,
          10.8653239
        ]
      }
    },
    {
      "type": "Feature",
      "id": "node/11760154430",
      "properties": {
        "name": "Đại học Nông Lâm",
        "category": "bus_stop",
        "osm_id": "node/11760154430",
        "operator": null,
        "osm_url": "https://www.openstreetmap.org/node/11760154430",
        "data_source": "openstreetmap",
        "verified_official": false,
        "position_type": "osm_recorded",
        "last_checked": "2026-10-09"
      },
      "geometry": {
        "type": "Point",
        "coordinates": [
          106.7872515,
          10.8674004
        ]
      }
    },
    {
      "type": "Feature",
      "id": "node/11760154431",
      "properties": {
        "name": "Công ty Điện tử Samsung",
        "category": "bus_stop",
        "osm_id": "node/11760154431",
        "operator": null,
        "osm_url": "https://www.openstreetmap.org/node/11760154431",
        "data_source": "openstreetmap",
        "verified_official": false,
        "position_type": "osm_recorded",
        "last_checked": "2026-10-09"
      },
      "geometry": {
        "type": "Point",
        "coordinates": [
          106.7821055,
          10.8678646
        ]
      }
    },
    {
      "type": "Feature",
      "id": "node/11760154432",
      "properties": {
        "name": "Đại học Kinh tế Luật",
        "category": "bus_stop",
        "osm_id": "node/11760154432",
        "operator": null,
        "osm_url": "https://www.openstreetmap.org/node/11760154432",
        "data_source": "openstreetmap",
        "verified_official": false,
        "position_type": "osm_recorded",
        "last_checked": "2026-10-09"
      },
      "geometry": {
        "type": "Point",
        "coordinates": [
          106.7772175,
          10.8694457
        ]
      }
    },
    {
      "type": "Feature",
      "id": "node/11760154433",
      "properties": {
        "name": "Trung tâm Kho vận Linh Xuân",
        "category": "bus_stop",
        "osm_id": "node/11760154433",
        "operator": null,
        "osm_url": "https://www.openstreetmap.org/node/11760154433",
        "data_source": "openstreetmap",
        "verified_official": false,
        "position_type": "osm_recorded",
        "last_checked": "2026-10-09"
      },
      "geometry": {
        "type": "Point",
        "coordinates": [
          106.774909,
          10.8702358
        ]
      }
    },
    {
      "type": "Feature",
      "id": "node/11760154436",
      "properties": {
        "name": "Bảo tàng Lịch sử Việt Nam",
        "category": "bus_stop",
        "osm_id": "node/11760154436",
        "operator": null,
        "osm_url": "https://www.openstreetmap.org/node/11760154436",
        "data_source": "openstreetmap",
        "verified_official": false,
        "position_type": "osm_recorded",
        "last_checked": "2026-10-09"
      },
      "geometry": {
        "type": "Point",
        "coordinates": [
          106.7043355,
          10.7866918
        ]
      }
    },
    {
      "type": "Feature",
      "id": "node/11760154437",
      "properties": {
        "name": "Khách sạn Sofitel",
        "category": "bus_stop",
        "osm_id": "node/11760154437",
        "operator": null,
        "osm_url": "https://www.openstreetmap.org/node/11760154437",
        "data_source": "openstreetmap",
        "verified_official": false,
        "position_type": "osm_recorded",
        "last_checked": "2026-10-09"
      },
      "geometry": {
        "type": "Point",
        "coordinates": [
          106.7020227,
          10.7842282
        ]
      }
    },
    {
      "type": "Feature",
      "id": "node/11760154441",
      "properties": {
        "name": "Cảng Sài Gòn",
        "category": "bus_stop",
        "osm_id": "node/11760154441",
        "operator": null,
        "osm_url": "https://www.openstreetmap.org/node/11760154441",
        "data_source": "openstreetmap",
        "verified_official": false,
        "position_type": "osm_recorded",
        "last_checked": "2026-10-09"
      },
      "geometry": {
        "type": "Point",
        "coordinates": [
          106.7159772,
          10.7579464
        ]
      }
    },
    {
      "type": "Feature",
      "id": "node/11760154442",
      "properties": {
        "name": "Khu chế xuất Tân Thuận",
        "category": "bus_stop",
        "osm_id": "node/11760154442",
        "operator": null,
        "osm_url": "https://www.openstreetmap.org/node/11760154442",
        "data_source": "openstreetmap",
        "verified_official": false,
        "position_type": "osm_recorded",
        "last_checked": "2026-10-09"
      },
      "geometry": {
        "type": "Point",
        "coordinates": [
          106.7275507,
          10.7524388
        ]
      }
    },
    {
      "type": "Feature",
      "id": "node/11760154444",
      "properties": {
        "name": "Nhà tưởng niệm Bác Hồ",
        "category": "bus_stop",
        "osm_id": "node/11760154444",
        "operator": null,
        "osm_url": "https://www.openstreetmap.org/node/11760154444",
        "data_source": "openstreetmap",
        "verified_official": false,
        "position_type": "osm_recorded",
        "last_checked": "2026-10-09"
      },
      "geometry": {
        "type": "Point",
        "coordinates": [
          106.7292165,
          10.7450563
        ]
      }
    },
    {
      "type": "Feature",
      "id": "node/11760154445",
      "properties": {
        "name": "Trường Trung học Cơ sở Huỳnh Tấn Phát",
        "category": "bus_stop",
        "osm_id": "node/11760154445",
        "operator": null,
        "osm_url": "https://www.openstreetmap.org/node/11760154445",
        "data_source": "openstreetmap",
        "verified_official": false,
        "position_type": "osm_recorded",
        "last_checked": "2026-10-09"
      },
      "geometry": {
        "type": "Point",
        "coordinates": [
          106.729564,
          10.7428256
        ]
      }
    },
    {
      "type": "Feature",
      "id": "node/11760154447",
      "properties": {
        "name": "Cầu Phú Mỹ",
        "category": "bus_stop",
        "osm_id": "node/11760154447",
        "operator": null,
        "osm_url": "https://www.openstreetmap.org/node/11760154447",
        "data_source": "openstreetmap",
        "verified_official": false,
        "position_type": "osm_recorded",
        "last_checked": "2026-10-09"
      },
      "geometry": {
        "type": "Point",
        "coordinates": [
          106.7304798,
          10.7367703
        ]
      }
    },
    {
      "type": "Feature",
      "id": "node/11760154448",
      "properties": {
        "name": "Khu phố 2",
        "category": "bus_stop",
        "osm_id": "node/11760154448",
        "operator": null,
        "osm_url": "https://www.openstreetmap.org/node/11760154448",
        "data_source": "openstreetmap",
        "verified_official": false,
        "position_type": "osm_recorded",
        "last_checked": "2026-10-09"
      },
      "geometry": {
        "type": "Point",
        "coordinates": [
          106.7308529,
          10.7341916
        ]
      }
    },
    {
      "type": "Feature",
      "id": "node/11760154449",
      "properties": {
        "name": "Phú Thuận",
        "category": "bus_stop",
        "osm_id": "node/11760154449",
        "operator": null,
        "osm_url": "https://www.openstreetmap.org/node/11760154449",
        "data_source": "openstreetmap",
        "verified_official": false,
        "position_type": "osm_recorded",
        "last_checked": "2026-10-09"
      },
      "geometry": {
        "type": "Point",
        "coordinates": [
          106.7317098,
          10.7313572
        ]
      }
    },
    {
      "type": "Feature",
      "id": "node/11760154450",
      "properties": {
        "name": "Gò Ô Môi",
        "category": "bus_stop",
        "osm_id": "node/11760154450",
        "operator": null,
        "osm_url": "https://www.openstreetmap.org/node/11760154450",
        "data_source": "openstreetmap",
        "verified_official": false,
        "position_type": "osm_recorded",
        "last_checked": "2026-10-09"
      },
      "geometry": {
        "type": "Point",
        "coordinates": [
          106.732719,
          10.7284521
        ]
      }
    },
    {
      "type": "Feature",
      "id": "node/11760154451",
      "properties": {
        "name": "Khu phố 3",
        "category": "bus_stop",
        "osm_id": "node/11760154451",
        "operator": null,
        "osm_url": "https://www.openstreetmap.org/node/11760154451",
        "data_source": "openstreetmap",
        "verified_official": false,
        "position_type": "osm_recorded",
        "last_checked": "2026-10-09"
      },
      "geometry": {
        "type": "Point",
        "coordinates": [
          106.7343446,
          10.7250063
        ]
      }
    },
    {
      "type": "Feature",
      "id": "node/11760154452",
      "properties": {
        "name": "Mầm non Ban Mai",
        "category": "bus_stop",
        "osm_id": "node/11760154452",
        "operator": null,
        "osm_url": "https://www.openstreetmap.org/node/11760154452",
        "data_source": "openstreetmap",
        "verified_official": false,
        "position_type": "osm_recorded",
        "last_checked": "2026-10-09"
      },
      "geometry": {
        "type": "Point",
        "coordinates": [
          106.7354647,
          10.7228715
        ]
      }
    },
    {
      "type": "Feature",
      "id": "node/11760154453",
      "properties": {
        "name": "Ban chỉ huy Quân sự Quận 7",
        "category": "bus_stop",
        "osm_id": "node/11760154453",
        "operator": null,
        "osm_url": "https://www.openstreetmap.org/node/11760154453",
        "data_source": "openstreetmap",
        "verified_official": false,
        "position_type": "osm_recorded",
        "last_checked": "2026-10-09"
      },
      "geometry": {
        "type": "Point",
        "coordinates": [
          106.7364693,
          10.7207119
        ]
      }
    },
    {
      "type": "Feature",
      "id": "node/11760154454",
      "properties": {
        "name": "Trường Tiểu học Nguyễn Văn Hưởng",
        "category": "bus_stop",
        "osm_id": "node/11760154454",
        "operator": null,
        "osm_url": "https://www.openstreetmap.org/node/11760154454",
        "data_source": "openstreetmap",
        "verified_official": false,
        "position_type": "osm_recorded",
        "last_checked": "2026-10-09"
      },
      "geometry": {
        "type": "Point",
        "coordinates": [
          106.7366541,
          10.7187911
        ]
      }
    },
    {
      "type": "Feature",
      "id": "node/11760154455",
      "properties": {
        "name": "Nhà sách Nguyễn Văn Cừ",
        "category": "bus_stop",
        "osm_id": "node/11760154455",
        "operator": null,
        "osm_url": "https://www.openstreetmap.org/node/11760154455",
        "data_source": "openstreetmap",
        "verified_official": false,
        "position_type": "osm_recorded",
        "last_checked": "2026-10-09"
      },
      "geometry": {
        "type": "Point",
        "coordinates": [
          106.7367624,
          10.7165718
        ]
      }
    },
    {
      "type": "Feature",
      "id": "node/11760154456",
      "properties": {
        "name": "Hoàng Quốc Việt",
        "category": "bus_stop",
        "osm_id": "node/11760154456",
        "operator": null,
        "osm_url": "https://www.openstreetmap.org/node/11760154456",
        "data_source": "openstreetmap",
        "verified_official": false,
        "position_type": "osm_recorded",
        "last_checked": "2026-10-09"
      },
      "geometry": {
        "type": "Point",
        "coordinates": [
          106.7368649,
          10.714768
        ]
      }
    },
    {
      "type": "Feature",
      "id": "node/11760154457",
      "properties": {
        "name": "Trường Trung học Phổ thông Ngô Quyền",
        "category": "bus_stop",
        "osm_id": "node/11760154457",
        "operator": null,
        "osm_url": "https://www.openstreetmap.org/node/11760154457",
        "data_source": "openstreetmap",
        "verified_official": false,
        "position_type": "osm_recorded",
        "last_checked": "2026-10-09"
      },
      "geometry": {
        "type": "Point",
        "coordinates": [
          106.7369426,
          10.7131004
        ]
      }
    },
    {
      "type": "Feature",
      "id": "node/11760154458",
      "properties": {
        "name": "An Chánh Dương",
        "category": "bus_stop",
        "osm_id": "node/11760154458",
        "operator": null,
        "osm_url": "https://www.openstreetmap.org/node/11760154458",
        "data_source": "openstreetmap",
        "verified_official": false,
        "position_type": "osm_recorded",
        "last_checked": "2026-10-09"
      },
      "geometry": {
        "type": "Point",
        "coordinates": [
          106.7370643,
          10.7110501
        ]
      }
    },
    {
      "type": "Feature",
      "id": "node/11760154459",
      "properties": {
        "name": "Chùa Pháp Hoa",
        "category": "bus_stop",
        "osm_id": "node/11760154459",
        "operator": null,
        "osm_url": "https://www.openstreetmap.org/node/11760154459",
        "data_source": "openstreetmap",
        "verified_official": false,
        "position_type": "osm_recorded",
        "last_checked": "2026-10-09"
      },
      "geometry": {
        "type": "Point",
        "coordinates": [
          106.7371676,
          10.7089897
        ]
      }
    },
    {
      "type": "Feature",
      "id": "node/11760154460",
      "properties": {
        "name": "Phạm Hữu Lầu",
        "category": "bus_stop",
        "osm_id": "node/11760154460",
        "operator": null,
        "osm_url": "https://www.openstreetmap.org/node/11760154460",
        "data_source": "openstreetmap",
        "verified_official": false,
        "position_type": "osm_recorded",
        "last_checked": "2026-10-09"
      },
      "geometry": {
        "type": "Point",
        "coordinates": [
          106.7374446,
          10.7056148
        ]
      }
    },
    {
      "type": "Feature",
      "id": "node/11760158091",
      "properties": {
        "name": "Phạm Hữu Lầu",
        "category": "bus_stop",
        "osm_id": "node/11760158091",
        "operator": null,
        "osm_url": "https://www.openstreetmap.org/node/11760158091",
        "data_source": "openstreetmap",
        "verified_official": false,
        "position_type": "osm_recorded",
        "last_checked": "2026-10-09"
      },
      "geometry": {
        "type": "Point",
        "coordinates": [
          106.7376598,
          10.7055161
        ]
      }
    },
    {
      "type": "Feature",
      "id": "node/11760158092",
      "properties": {
        "name": "Chùa Pháp Hoa",
        "category": "bus_stop",
        "osm_id": "node/11760158092",
        "operator": null,
        "osm_url": "https://www.openstreetmap.org/node/11760158092",
        "data_source": "openstreetmap",
        "verified_official": false,
        "position_type": "osm_recorded",
        "last_checked": "2026-10-09"
      },
      "geometry": {
        "type": "Point",
        "coordinates": [
          106.7373287,
          10.708952
        ]
      }
    },
    {
      "type": "Feature",
      "id": "node/11760158093",
      "properties": {
        "name": "An Chánh Dương",
        "category": "bus_stop",
        "osm_id": "node/11760158093",
        "operator": null,
        "osm_url": "https://www.openstreetmap.org/node/11760158093",
        "data_source": "openstreetmap",
        "verified_official": false,
        "position_type": "osm_recorded",
        "last_checked": "2026-10-09"
      },
      "geometry": {
        "type": "Point",
        "coordinates": [
          106.7372029,
          10.7111873
        ]
      }
    },
    {
      "type": "Feature",
      "id": "node/11760158094",
      "properties": {
        "name": "Trường Trung học Phổ thông Ngô Quyền",
        "category": "bus_stop",
        "osm_id": "node/11760158094",
        "operator": null,
        "osm_url": "https://www.openstreetmap.org/node/11760158094",
        "data_source": "openstreetmap",
        "verified_official": false,
        "position_type": "osm_recorded",
        "last_checked": "2026-10-09"
      },
      "geometry": {
        "type": "Point",
        "coordinates": [
          106.7371201,
          10.7128011
        ]
      }
    },
    {
      "type": "Feature",
      "id": "node/11760158095",
      "properties": {
        "name": "Hoàng Quốc Việt",
        "category": "bus_stop",
        "osm_id": "node/11760158095",
        "operator": null,
        "osm_url": "https://www.openstreetmap.org/node/11760158095",
        "data_source": "openstreetmap",
        "verified_official": false,
        "position_type": "osm_recorded",
        "last_checked": "2026-10-09"
      },
      "geometry": {
        "type": "Point",
        "coordinates": [
          106.7370406,
          10.7146752
        ]
      }
    },
    {
      "type": "Feature",
      "id": "node/11760158096",
      "properties": {
        "name": "Nhà sách Nguyễn Văn Cừ",
        "category": "bus_stop",
        "osm_id": "node/11760158096",
        "operator": null,
        "osm_url": "https://www.openstreetmap.org/node/11760158096",
        "data_source": "openstreetmap",
        "verified_official": false,
        "position_type": "osm_recorded",
        "last_checked": "2026-10-09"
      },
      "geometry": {
        "type": "Point",
        "coordinates": [
          106.7369346,
          10.7167608
        ]
      }
    },
    {
      "type": "Feature",
      "id": "node/11760158097",
      "properties": {
        "name": "Trường Tiểu học Nguyễn Văn Hưởng",
        "category": "bus_stop",
        "osm_id": "node/11760158097",
        "operator": null,
        "osm_url": "https://www.openstreetmap.org/node/11760158097",
        "data_source": "openstreetmap",
        "verified_official": false,
        "position_type": "osm_recorded",
        "last_checked": "2026-10-09"
      },
      "geometry": {
        "type": "Point",
        "coordinates": [
          106.7368386,
          10.7186966
        ]
      }
    },
    {
      "type": "Feature",
      "id": "node/11760158098",
      "properties": {
        "name": "Ban chỉ huy Quân sự Quận 7",
        "category": "bus_stop",
        "osm_id": "node/11760158098",
        "operator": null,
        "osm_url": "https://www.openstreetmap.org/node/11760158098",
        "data_source": "openstreetmap",
        "verified_official": false,
        "position_type": "osm_recorded",
        "last_checked": "2026-10-09"
      },
      "geometry": {
        "type": "Point",
        "coordinates": [
          106.7365572,
          10.7209416
        ]
      }
    },
    {
      "type": "Feature",
      "id": "node/11760158099",
      "properties": {
        "name": "Mầm non Ban Mai",
        "category": "bus_stop",
        "osm_id": "node/11760158099",
        "operator": null,
        "osm_url": "https://www.openstreetmap.org/node/11760158099",
        "data_source": "openstreetmap",
        "verified_official": false,
        "position_type": "osm_recorded",
        "last_checked": "2026-10-09"
      },
      "geometry": {
        "type": "Point",
        "coordinates": [
          106.735524,
          10.7230954
        ]
      }
    },
    {
      "type": "Feature",
      "id": "node/11760158100",
      "properties": {
        "name": "Khu phố 3",
        "category": "bus_stop",
        "osm_id": "node/11760158100",
        "operator": null,
        "osm_url": "https://www.openstreetmap.org/node/11760158100",
        "data_source": "openstreetmap",
        "verified_official": false,
        "position_type": "osm_recorded",
        "last_checked": "2026-10-09"
      },
      "geometry": {
        "type": "Point",
        "coordinates": [
          106.7345703,
          10.72495
        ]
      }
    },
    {
      "type": "Feature",
      "id": "node/11760158101",
      "properties": {
        "name": "Gò Ô Môi",
        "category": "bus_stop",
        "osm_id": "node/11760158101",
        "operator": null,
        "osm_url": "https://www.openstreetmap.org/node/11760158101",
        "data_source": "openstreetmap",
        "verified_official": false,
        "position_type": "osm_recorded",
        "last_checked": "2026-10-09"
      },
      "geometry": {
        "type": "Point",
        "coordinates": [
          106.7327988,
          10.728685
        ]
      }
    },
    {
      "type": "Feature",
      "id": "node/11760158102",
      "properties": {
        "name": "Phú Thuận",
        "category": "bus_stop",
        "osm_id": "node/11760158102",
        "operator": null,
        "osm_url": "https://www.openstreetmap.org/node/11760158102",
        "data_source": "openstreetmap",
        "verified_official": false,
        "position_type": "osm_recorded",
        "last_checked": "2026-10-09"
      },
      "geometry": {
        "type": "Point",
        "coordinates": [
          106.7317282,
          10.7317797
        ]
      }
    },
    {
      "type": "Feature",
      "id": "node/11760158103",
      "properties": {
        "name": "Cầu Phú Mỹ",
        "category": "bus_stop",
        "osm_id": "node/11760158103",
        "operator": null,
        "osm_url": "https://www.openstreetmap.org/node/11760158103",
        "data_source": "openstreetmap",
        "verified_official": false,
        "position_type": "osm_recorded",
        "last_checked": "2026-10-09"
      },
      "geometry": {
        "type": "Point",
        "coordinates": [
          106.7306702,
          10.7366557
        ]
      }
    },
    {
      "type": "Feature",
      "id": "node/11760158105",
      "properties": {
        "name": "Trường Trung cấp Kinh tế Kỹ thuật Nguyễn Hữu Cảnh",
        "category": "bus_stop",
        "osm_id": "node/11760158105",
        "operator": null,
        "osm_url": "https://www.openstreetmap.org/node/11760158105",
        "data_source": "openstreetmap",
        "verified_official": false,
        "position_type": "osm_recorded",
        "last_checked": "2026-10-09"
      },
      "geometry": {
        "type": "Point",
        "coordinates": [
          106.7297339,
          10.7426725
        ]
      }
    },
    {
      "type": "Feature",
      "id": "node/11760158106",
      "properties": {
        "name": "Nhà tưởng niệm Bác Hồ",
        "category": "bus_stop",
        "osm_id": "node/11760158106",
        "operator": null,
        "osm_url": "https://www.openstreetmap.org/node/11760158106",
        "data_source": "openstreetmap",
        "verified_official": false,
        "position_type": "osm_recorded",
        "last_checked": "2026-10-09"
      },
      "geometry": {
        "type": "Point",
        "coordinates": [
          106.7293835,
          10.7450537
        ]
      }
    },
    {
      "type": "Feature",
      "id": "node/11760158109",
      "properties": {
        "name": "Cảng Sài Gòn",
        "category": "bus_stop",
        "osm_id": "node/11760158109",
        "operator": null,
        "osm_url": "https://www.openstreetmap.org/node/11760158109",
        "data_source": "openstreetmap",
        "verified_official": false,
        "position_type": "osm_recorded",
        "last_checked": "2026-10-09"
      },
      "geometry": {
        "type": "Point",
        "coordinates": [
          106.7155002,
          10.7583999
        ]
      }
    },
    {
      "type": "Feature",
      "id": "node/11760158113",
      "properties": {
        "name": "Chợ Xóm Chiều",
        "category": "bus_stop",
        "osm_id": "node/11760158113",
        "operator": null,
        "osm_url": "https://www.openstreetmap.org/node/11760158113",
        "data_source": "openstreetmap",
        "verified_official": false,
        "position_type": "osm_recorded",
        "last_checked": "2026-10-09"
      },
      "geometry": {
        "type": "Point",
        "coordinates": [
          106.7063739,
          10.7649271
        ]
      }
    },
    {
      "type": "Feature",
      "id": "node/11766257775",
      "properties": {
        "name": "Đồng Quê",
        "category": "bus_stop",
        "osm_id": "node/11766257775",
        "operator": null,
        "osm_url": "https://www.openstreetmap.org/node/11766257775",
        "data_source": "openstreetmap",
        "verified_official": false,
        "position_type": "osm_recorded",
        "last_checked": "2026-10-09"
      },
      "geometry": {
        "type": "Point",
        "coordinates": [
          106.6284873,
          10.7464965
        ]
      }
    },
    {
      "type": "Feature",
      "id": "node/11768041158",
      "properties": {
        "name": "Mũi tàu Phú Lâm",
        "category": "bus_stop",
        "osm_id": "node/11768041158",
        "operator": null,
        "osm_url": "https://www.openstreetmap.org/node/11768041158",
        "data_source": "openstreetmap",
        "verified_official": false,
        "position_type": "osm_recorded",
        "last_checked": "2026-10-09"
      },
      "geometry": {
        "type": "Point",
        "coordinates": [
          106.6249168,
          10.745513
        ]
      }
    },
    {
      "type": "Feature",
      "id": "node/11768041159",
      "properties": {
        "name": "Đồng Quê",
        "category": "bus_stop",
        "osm_id": "node/11768041159",
        "operator": null,
        "osm_url": "https://www.openstreetmap.org/node/11768041159",
        "data_source": "openstreetmap",
        "verified_official": false,
        "position_type": "osm_recorded",
        "last_checked": "2026-10-09"
      },
      "geometry": {
        "type": "Point",
        "coordinates": [
          106.6280766,
          10.7463104
        ]
      }
    },
    {
      "type": "Feature",
      "id": "node/11769143886",
      "properties": {
        "name": "Uỷ ban Nhân dân Phường Cát Lái",
        "category": "bus_stop",
        "osm_id": "node/11769143886",
        "operator": null,
        "osm_url": "https://www.openstreetmap.org/node/11769143886",
        "data_source": "openstreetmap",
        "verified_official": false,
        "position_type": "osm_recorded",
        "last_checked": "2026-10-09"
      },
      "geometry": {
        "type": "Point",
        "coordinates": [
          106.7705976,
          10.7734637
        ]
      }
    },
    {
      "type": "Feature",
      "id": "node/11769143887",
      "properties": {
        "name": "257 Lê Văn Thịnh",
        "category": "bus_stop",
        "osm_id": "node/11769143887",
        "operator": null,
        "osm_url": "https://www.openstreetmap.org/node/11769143887",
        "data_source": "openstreetmap",
        "verified_official": false,
        "position_type": "osm_recorded",
        "last_checked": "2026-10-09"
      },
      "geometry": {
        "type": "Point",
        "coordinates": [
          106.768912,
          10.7784599
        ]
      }
    },
    {
      "type": "Feature",
      "id": "node/11769143888",
      "properties": {
        "name": "Bệnh viện Quận 2",
        "category": "bus_stop",
        "osm_id": "node/11769143888",
        "operator": null,
        "osm_url": "https://www.openstreetmap.org/node/11769143888",
        "data_source": "openstreetmap",
        "verified_official": false,
        "position_type": "osm_recorded",
        "last_checked": "2026-10-09"
      },
      "geometry": {
        "type": "Point",
        "coordinates": [
          106.7694955,
          10.7819765
        ]
      }
    },
    {
      "type": "Feature",
      "id": "node/11769143889",
      "properties": {
        "name": "23-25 Lê Văn Thịnh",
        "category": "bus_stop",
        "osm_id": "node/11769143889",
        "operator": null,
        "osm_url": "https://www.openstreetmap.org/node/11769143889",
        "data_source": "openstreetmap",
        "verified_official": false,
        "position_type": "osm_recorded",
        "last_checked": "2026-10-09"
      },
      "geometry": {
        "type": "Point",
        "coordinates": [
          106.7691145,
          10.7866742
        ]
      }
    },
    {
      "type": "Feature",
      "id": "node/11769143890",
      "properties": {
        "name": "Lê Văn Thịnh",
        "category": "bus_stop",
        "osm_id": "node/11769143890",
        "operator": null,
        "osm_url": "https://www.openstreetmap.org/node/11769143890",
        "data_source": "openstreetmap",
        "verified_official": false,
        "position_type": "osm_recorded",
        "last_checked": "2026-10-09"
      },
      "geometry": {
        "type": "Point",
        "coordinates": [
          106.7703294,
          10.7885457
        ]
      }
    },
    {
      "type": "Feature",
      "id": "node/11769143893",
      "properties": {
        "name": "Đường số 6",
        "category": "bus_stop",
        "osm_id": "node/11769143893",
        "operator": null,
        "osm_url": "https://www.openstreetmap.org/node/11769143893",
        "data_source": "openstreetmap",
        "verified_official": false,
        "position_type": "osm_recorded",
        "last_checked": "2026-10-09"
      },
      "geometry": {
        "type": "Point",
        "coordinates": [
          106.7751554,
          10.7880689
        ]
      }
    },
    {
      "type": "Feature",
      "id": "node/11769143894",
      "properties": {
        "name": "Trường Tiểu học Nguyễn Văn Trỗi",
        "category": "bus_stop",
        "osm_id": "node/11769143894",
        "operator": null,
        "osm_url": "https://www.openstreetmap.org/node/11769143894",
        "data_source": "openstreetmap",
        "verified_official": false,
        "position_type": "osm_recorded",
        "last_checked": "2026-10-09"
      },
      "geometry": {
        "type": "Point",
        "coordinates": [
          106.7781449,
          10.788833
        ]
      }
    },
    {
      "type": "Feature",
      "id": "node/11769143895",
      "properties": {
        "name": "Đỗ Xuân Hợp",
        "category": "bus_stop",
        "osm_id": "node/11769143895",
        "operator": null,
        "osm_url": "https://www.openstreetmap.org/node/11769143895",
        "data_source": "openstreetmap",
        "verified_official": false,
        "position_type": "osm_recorded",
        "last_checked": "2026-10-09"
      },
      "geometry": {
        "type": "Point",
        "coordinates": [
          106.7794739,
          10.789472
        ]
      }
    },
    {
      "type": "Feature",
      "id": "node/11769143897",
      "properties": {
        "name": "Khu dân cư Sông Giồng",
        "category": "bus_stop",
        "osm_id": "node/11769143897",
        "operator": null,
        "osm_url": "https://www.openstreetmap.org/node/11769143897",
        "data_source": "openstreetmap",
        "verified_official": false,
        "position_type": "osm_recorded",
        "last_checked": "2026-10-09"
      },
      "geometry": {
        "type": "Point",
        "coordinates": [
          106.7812579,
          10.7941543
        ]
      }
    },
    {
      "type": "Feature",
      "id": "node/11769143898",
      "properties": {
        "name": "Đường 655",
        "category": "bus_stop",
        "osm_id": "node/11769143898",
        "operator": null,
        "osm_url": "https://www.openstreetmap.org/node/11769143898",
        "data_source": "openstreetmap",
        "verified_official": false,
        "position_type": "osm_recorded",
        "last_checked": "2026-10-09"
      },
      "geometry": {
        "type": "Point",
        "coordinates": [
          106.7790965,
          10.8015698
        ]
      }
    },
    {
      "type": "Feature",
      "id": "node/11769143899",
      "properties": {
        "name": "Trường Cao đẳng Sư phạm Trung ương 2",
        "category": "bus_stop",
        "osm_id": "node/11769143899",
        "operator": null,
        "osm_url": "https://www.openstreetmap.org/node/11769143899",
        "data_source": "openstreetmap",
        "verified_official": false,
        "position_type": "osm_recorded",
        "last_checked": "2026-10-09"
      },
      "geometry": {
        "type": "Point",
        "coordinates": [
          106.782623,
          10.8061703
        ]
      }
    },
    {
      "type": "Feature",
      "id": "node/11769143901",
      "properties": {
        "name": "Cầu Nam Lý",
        "category": "bus_stop",
        "osm_id": "node/11769143901",
        "operator": null,
        "osm_url": "https://www.openstreetmap.org/node/11769143901",
        "data_source": "openstreetmap",
        "verified_official": false,
        "position_type": "osm_recorded",
        "last_checked": "2026-10-09"
      },
      "geometry": {
        "type": "Point",
        "coordinates": [
          106.7759961,
          10.8116594
        ]
      }
    },
    {
      "type": "Feature",
      "id": "node/11769143902",
      "properties": {
        "name": "Đình Bình Thái",
        "category": "bus_stop",
        "osm_id": "node/11769143902",
        "operator": null,
        "osm_url": "https://www.openstreetmap.org/node/11769143902",
        "data_source": "openstreetmap",
        "verified_official": false,
        "position_type": "osm_recorded",
        "last_checked": "2026-10-09"
      },
      "geometry": {
        "type": "Point",
        "coordinates": [
          106.7753407,
          10.8138379
        ]
      }
    },
    {
      "type": "Feature",
      "id": "node/11769143903",
      "properties": {
        "name": "Chùa Thiện Minh",
        "category": "bus_stop",
        "osm_id": "node/11769143903",
        "operator": null,
        "osm_url": "https://www.openstreetmap.org/node/11769143903",
        "data_source": "openstreetmap",
        "verified_official": false,
        "position_type": "osm_recorded",
        "last_checked": "2026-10-09"
      },
      "geometry": {
        "type": "Point",
        "coordinates": [
          106.7744169,
          10.8163508
        ]
      }
    },
    {
      "type": "Feature",
      "id": "node/11769143919",
      "properties": {
        "name": "Chợ Đầu mối Nông sản Thủ Đức",
        "category": "bus_stop",
        "osm_id": "node/11769143919",
        "operator": null,
        "osm_url": "https://www.openstreetmap.org/node/11769143919",
        "data_source": "openstreetmap",
        "verified_official": false,
        "position_type": "osm_recorded",
        "last_checked": "2026-10-09"
      },
      "geometry": {
        "type": "Point",
        "coordinates": [
          106.7297279,
          10.8689967
        ]
      }
    },
    {
      "type": "Feature",
      "id": "node/11769143937",
      "properties": {
        "name": "Đại lộ 2",
        "category": "bus_stop",
        "osm_id": "node/11769143937",
        "operator": null,
        "osm_url": "https://www.openstreetmap.org/node/11769143937",
        "data_source": "openstreetmap",
        "verified_official": false,
        "position_type": "osm_recorded",
        "last_checked": "2026-10-09"
      },
      "geometry": {
        "type": "Point",
        "coordinates": [
          106.7732213,
          10.8180729
        ]
      }
    },
    {
      "type": "Feature",
      "id": "node/11769143938",
      "properties": {
        "name": "Chùa Thiên Minh",
        "category": "bus_stop",
        "osm_id": "node/11769143938",
        "operator": null,
        "osm_url": "https://www.openstreetmap.org/node/11769143938",
        "data_source": "openstreetmap",
        "verified_official": false,
        "position_type": "osm_recorded",
        "last_checked": "2026-10-09"
      },
      "geometry": {
        "type": "Point",
        "coordinates": [
          106.7744006,
          10.8161638
        ]
      }
    },
    {
      "type": "Feature",
      "id": "node/11769143939",
      "properties": {
        "name": "Đình Bình Thái",
        "category": "bus_stop",
        "osm_id": "node/11769143939",
        "operator": null,
        "osm_url": "https://www.openstreetmap.org/node/11769143939",
        "data_source": "openstreetmap",
        "verified_official": false,
        "position_type": "osm_recorded",
        "last_checked": "2026-10-09"
      },
      "geometry": {
        "type": "Point",
        "coordinates": [
          106.7754202,
          10.8133832
        ]
      }
    },
    {
      "type": "Feature",
      "id": "node/11769143940",
      "properties": {
        "name": "Cầu Nam Lý",
        "category": "bus_stop",
        "osm_id": "node/11769143940",
        "operator": null,
        "osm_url": "https://www.openstreetmap.org/node/11769143940",
        "data_source": "openstreetmap",
        "verified_official": false,
        "position_type": "osm_recorded",
        "last_checked": "2026-10-09"
      },
      "geometry": {
        "type": "Point",
        "coordinates": [
          106.776032,
          10.8111171
        ]
      }
    },
    {
      "type": "Feature",
      "id": "node/11769143942",
      "properties": {
        "name": "Đường 655",
        "category": "bus_stop",
        "osm_id": "node/11769143942",
        "operator": null,
        "osm_url": "https://www.openstreetmap.org/node/11769143942",
        "data_source": "openstreetmap",
        "verified_official": false,
        "position_type": "osm_recorded",
        "last_checked": "2026-10-09"
      },
      "geometry": {
        "type": "Point",
        "coordinates": [
          106.779137,
          10.8007366
        ]
      }
    },
    {
      "type": "Feature",
      "id": "node/11769143943",
      "properties": {
        "name": "Khu dân cư Sông Giồng",
        "category": "bus_stop",
        "osm_id": "node/11769143943",
        "operator": null,
        "osm_url": "https://www.openstreetmap.org/node/11769143943",
        "data_source": "openstreetmap",
        "verified_official": false,
        "position_type": "osm_recorded",
        "last_checked": "2026-10-09"
      },
      "geometry": {
        "type": "Point",
        "coordinates": [
          106.7813077,
          10.7936062
        ]
      }
    },
    {
      "type": "Feature",
      "id": "node/11769143944",
      "properties": {
        "name": "Cầu Ông Kỳ 2",
        "category": "bus_stop",
        "osm_id": "node/11769143944",
        "operator": null,
        "osm_url": "https://www.openstreetmap.org/node/11769143944",
        "data_source": "openstreetmap",
        "verified_official": false,
        "position_type": "osm_recorded",
        "last_checked": "2026-10-09"
      },
      "geometry": {
        "type": "Point",
        "coordinates": [
          106.7815677,
          10.7909867
        ]
      }
    },
    {
      "type": "Feature",
      "id": "node/11769143945",
      "properties": {
        "name": "Đỗ Xuân Hợp",
        "category": "bus_stop",
        "osm_id": "node/11769143945",
        "operator": null,
        "osm_url": "https://www.openstreetmap.org/node/11769143945",
        "data_source": "openstreetmap",
        "verified_official": false,
        "position_type": "osm_recorded",
        "last_checked": "2026-10-09"
      },
      "geometry": {
        "type": "Point",
        "coordinates": [
          106.7796103,
          10.7896461
        ]
      }
    },
    {
      "type": "Feature",
      "id": "node/11769143947",
      "properties": {
        "name": "Đường số 6",
        "category": "bus_stop",
        "osm_id": "node/11769143947",
        "operator": null,
        "osm_url": "https://www.openstreetmap.org/node/11769143947",
        "data_source": "openstreetmap",
        "verified_official": false,
        "position_type": "osm_recorded",
        "last_checked": "2026-10-09"
      },
      "geometry": {
        "type": "Point",
        "coordinates": [
          106.7757324,
          10.7881001
        ]
      }
    },
    {
      "type": "Feature",
      "id": "node/11769143948",
      "properties": {
        "name": "Nhà sách Nguyễn Văn Cừ",
        "category": "bus_stop",
        "osm_id": "node/11769143948",
        "operator": null,
        "osm_url": "https://www.openstreetmap.org/node/11769143948",
        "data_source": "openstreetmap",
        "verified_official": false,
        "position_type": "osm_recorded",
        "last_checked": "2026-10-09"
      },
      "geometry": {
        "type": "Point",
        "coordinates": [
          106.7731337,
          10.7883285
        ]
      }
    },
    {
      "type": "Feature",
      "id": "node/11769143949",
      "properties": {
        "name": "Lê Văn Thịnh",
        "category": "bus_stop",
        "osm_id": "node/11769143949",
        "operator": null,
        "osm_url": "https://www.openstreetmap.org/node/11769143949",
        "data_source": "openstreetmap",
        "verified_official": false,
        "position_type": "osm_recorded",
        "last_checked": "2026-10-09"
      },
      "geometry": {
        "type": "Point",
        "coordinates": [
          106.7707554,
          10.7886212
        ]
      }
    },
    {
      "type": "Feature",
      "id": "node/11769143950",
      "properties": {
        "name": "36 Lê Văn Thịnh",
        "category": "bus_stop",
        "osm_id": "node/11769143950",
        "operator": null,
        "osm_url": "https://www.openstreetmap.org/node/11769143950",
        "data_source": "openstreetmap",
        "verified_official": false,
        "position_type": "osm_recorded",
        "last_checked": "2026-10-09"
      },
      "geometry": {
        "type": "Point",
        "coordinates": [
          106.7690984,
          10.7870521
        ]
      }
    },
    {
      "type": "Feature",
      "id": "node/11769143951",
      "properties": {
        "name": "Bệnh viện Quận 2",
        "category": "bus_stop",
        "osm_id": "node/11769143951",
        "operator": null,
        "osm_url": "https://www.openstreetmap.org/node/11769143951",
        "data_source": "openstreetmap",
        "verified_official": false,
        "position_type": "osm_recorded",
        "last_checked": "2026-10-09"
      },
      "geometry": {
        "type": "Point",
        "coordinates": [
          106.7693488,
          10.7823679
        ]
      }
    },
    {
      "type": "Feature",
      "id": "node/11769143952",
      "properties": {
        "name": "176 Lê Văn Thịnh",
        "category": "bus_stop",
        "osm_id": "node/11769143952",
        "operator": null,
        "osm_url": "https://www.openstreetmap.org/node/11769143952",
        "data_source": "openstreetmap",
        "verified_official": false,
        "position_type": "osm_recorded",
        "last_checked": "2026-10-09"
      },
      "geometry": {
        "type": "Point",
        "coordinates": [
          106.7687885,
          10.7784215
        ]
      }
    },
    {
      "type": "Feature",
      "id": "node/11769143954",
      "properties": {
        "name": "Chợ Cây Xoài",
        "category": "bus_stop",
        "osm_id": "node/11769143954",
        "operator": null,
        "osm_url": "https://www.openstreetmap.org/node/11769143954",
        "data_source": "openstreetmap",
        "verified_official": false,
        "position_type": "osm_recorded",
        "last_checked": "2026-10-09"
      },
      "geometry": {
        "type": "Point",
        "coordinates": [
          106.7666248,
          10.7759388
        ]
      }
    },
    {
      "type": "Feature",
      "id": "node/11771724336",
      "properties": {
        "name": "Điện Biên Phủ",
        "category": "bus_stop",
        "osm_id": "node/11771724336",
        "operator": null,
        "osm_url": "https://www.openstreetmap.org/node/11771724336",
        "data_source": "openstreetmap",
        "verified_official": false,
        "position_type": "osm_recorded",
        "last_checked": "2026-10-09"
      },
      "geometry": {
        "type": "Point",
        "coordinates": [
          106.6934487,
          10.7848833
        ]
      }
    },
    {
      "type": "Feature",
      "id": "node/11771724337",
      "properties": {
        "name": "Đại học Kinh tế",
        "category": "bus_stop",
        "osm_id": "node/11771724337",
        "operator": null,
        "osm_url": "https://www.openstreetmap.org/node/11771724337",
        "data_source": "openstreetmap",
        "verified_official": false,
        "position_type": "osm_recorded",
        "last_checked": "2026-10-09"
      },
      "geometry": {
        "type": "Point",
        "coordinates": [
          106.695216,
          10.7832689
        ]
      }
    },
    {
      "type": "Feature",
      "id": "node/11771724338",
      "properties": {
        "name": "Nhà Văn hóa Thanh niên",
        "category": "bus_stop",
        "osm_id": "node/11771724338",
        "operator": null,
        "osm_url": "https://www.openstreetmap.org/node/11771724338",
        "data_source": "openstreetmap",
        "verified_official": false,
        "position_type": "osm_recorded",
        "last_checked": "2026-10-09"
      },
      "geometry": {
        "type": "Point",
        "coordinates": [
          106.6967953,
          10.7817489
        ]
      }
    },
    {
      "type": "Feature",
      "id": "node/11771724345",
      "properties": {
        "name": "Saigon Pearl",
        "category": "bus_stop",
        "osm_id": "node/11771724345",
        "operator": null,
        "osm_url": "https://www.openstreetmap.org/node/11771724345",
        "data_source": "openstreetmap",
        "verified_official": false,
        "position_type": "osm_recorded",
        "last_checked": "2026-10-09"
      },
      "geometry": {
        "type": "Point",
        "coordinates": [
          106.717903,
          10.7908025
        ]
      }
    },
    {
      "type": "Feature",
      "id": "node/11771724347",
      "properties": {
        "name": "Mầm non Hoa Lư",
        "category": "bus_stop",
        "osm_id": "node/11771724347",
        "operator": null,
        "osm_url": "https://www.openstreetmap.org/node/11771724347",
        "data_source": "openstreetmap",
        "verified_official": false,
        "position_type": "osm_recorded",
        "last_checked": "2026-10-09"
      },
      "geometry": {
        "type": "Point",
        "coordinates": [
          106.7075841,
          10.7841719
        ]
      }
    },
    {
      "type": "Feature",
      "id": "node/11771724348",
      "properties": {
        "name": "TTTM Sài Gòn",
        "category": "bus_stop",
        "osm_id": "node/11771724348",
        "operator": null,
        "osm_url": "https://www.openstreetmap.org/node/11771724348",
        "data_source": "openstreetmap",
        "verified_official": false,
        "position_type": "osm_recorded",
        "last_checked": "2026-10-09"
      },
      "geometry": {
        "type": "Point",
        "coordinates": [
          106.7043223,
          10.7842885
        ]
      }
    },
    {
      "type": "Feature",
      "id": "node/11771724349",
      "properties": {
        "name": "Nhà Văn hóa Thanh niên",
        "category": "bus_stop",
        "osm_id": "node/11771724349",
        "operator": null,
        "osm_url": "https://www.openstreetmap.org/node/11771724349",
        "data_source": "openstreetmap",
        "verified_official": false,
        "position_type": "osm_recorded",
        "last_checked": "2026-10-09"
      },
      "geometry": {
        "type": "Point",
        "coordinates": [
          106.6968852,
          10.7817889
        ]
      }
    },
    {
      "type": "Feature",
      "id": "node/11771724350",
      "properties": {
        "name": "Đại học Kinh tế",
        "category": "bus_stop",
        "osm_id": "node/11771724350",
        "operator": null,
        "osm_url": "https://www.openstreetmap.org/node/11771724350",
        "data_source": "openstreetmap",
        "verified_official": false,
        "position_type": "osm_recorded",
        "last_checked": "2026-10-09"
      },
      "geometry": {
        "type": "Point",
        "coordinates": [
          106.6945369,
          10.7840139
        ]
      }
    },
    {
      "type": "Feature",
      "id": "node/11771724352",
      "properties": {
        "name": "Điện Biên Phủ",
        "category": "bus_stop",
        "osm_id": "node/11771724352",
        "operator": null,
        "osm_url": "https://www.openstreetmap.org/node/11771724352",
        "data_source": "openstreetmap",
        "verified_official": false,
        "position_type": "osm_recorded",
        "last_checked": "2026-10-09"
      },
      "geometry": {
        "type": "Point",
        "coordinates": [
          106.6933645,
          10.7851009
        ]
      }
    },
    {
      "type": "Feature",
      "id": "node/11771727981",
      "properties": {
        "name": "Đại học Cảnh sát",
        "category": "bus_stop",
        "osm_id": "node/11771727981",
        "operator": null,
        "osm_url": "https://www.openstreetmap.org/node/11771727981",
        "data_source": "openstreetmap",
        "verified_official": false,
        "position_type": "osm_recorded",
        "last_checked": "2026-10-09"
      },
      "geometry": {
        "type": "Point",
        "coordinates": [
          106.6999688,
          10.7340132
        ]
      }
    },
    {
      "type": "Feature",
      "id": "node/11771727987",
      "properties": {
        "name": "Lâm Văn Bền",
        "category": "bus_stop",
        "osm_id": "node/11771727987",
        "operator": null,
        "osm_url": "https://www.openstreetmap.org/node/11771727987",
        "data_source": "openstreetmap",
        "verified_official": false,
        "position_type": "osm_recorded",
        "last_checked": "2026-10-09"
      },
      "geometry": {
        "type": "Point",
        "coordinates": [
          106.7174746,
          10.7381927
        ]
      }
    },
    {
      "type": "Feature",
      "id": "node/11771727988",
      "properties": {
        "name": "Nguyễn Văn Linh",
        "category": "bus_stop",
        "osm_id": "node/11771727988",
        "operator": null,
        "osm_url": "https://www.openstreetmap.org/node/11771727988",
        "data_source": "openstreetmap",
        "verified_official": false,
        "position_type": "osm_recorded",
        "last_checked": "2026-10-09"
      },
      "geometry": {
        "type": "Point",
        "coordinates": [
          106.7200214,
          10.7380509
        ]
      }
    },
    {
      "type": "Feature",
      "id": "node/11771727992",
      "properties": {
        "name": "Chùa Anh Linh",
        "category": "bus_stop",
        "osm_id": "node/11771727992",
        "operator": null,
        "osm_url": "https://www.openstreetmap.org/node/11771727992",
        "data_source": "openstreetmap",
        "verified_official": false,
        "position_type": "osm_recorded",
        "last_checked": "2026-10-09"
      },
      "geometry": {
        "type": "Point",
        "coordinates": [
          106.7032156,
          10.7630428
        ]
      }
    },
    {
      "type": "Feature",
      "id": "node/11771727993",
      "properties": {
        "name": "Trường Trung học cơ sở Vân Đồn",
        "category": "bus_stop",
        "osm_id": "node/11771727993",
        "operator": null,
        "osm_url": "https://www.openstreetmap.org/node/11771727993",
        "data_source": "openstreetmap",
        "verified_official": false,
        "position_type": "osm_recorded",
        "last_checked": "2026-10-09"
      },
      "geometry": {
        "type": "Point",
        "coordinates": [
          106.701499,
          10.7618212
        ]
      }
    },
    {
      "type": "Feature",
      "id": "node/11773317346",
      "properties": {
        "name": "Đa Kao - 30 Trần Quang Khải",
        "category": "bus_stop",
        "osm_id": "node/11773317346",
        "operator": null,
        "osm_url": "https://www.openstreetmap.org/node/11773317346",
        "data_source": "openstreetmap",
        "verified_official": false,
        "position_type": "osm_recorded",
        "last_checked": "2026-10-09"
      },
      "geometry": {
        "type": "Point",
        "coordinates": [
          106.6949721,
          10.7925985
        ]
      }
    },
    {
      "type": "Feature",
      "id": "node/11773317348",
      "properties": {
        "name": "Đại học Kinh tế",
        "category": "bus_stop",
        "osm_id": "node/11773317348",
        "operator": null,
        "osm_url": "https://www.openstreetmap.org/node/11773317348",
        "data_source": "openstreetmap",
        "verified_official": false,
        "position_type": "osm_recorded",
        "last_checked": "2026-10-09"
      },
      "geometry": {
        "type": "Point",
        "coordinates": [
          106.694204,
          10.7828867
        ]
      }
    },
    {
      "type": "Feature",
      "id": "node/11773317349",
      "properties": {
        "name": "Trạm trung chuyển Hàm Nghi",
        "category": "bus_stop",
        "osm_id": "node/11773317349",
        "operator": null,
        "osm_url": "https://www.openstreetmap.org/node/11773317349",
        "data_source": "openstreetmap",
        "verified_official": false,
        "position_type": "osm_recorded",
        "last_checked": "2026-10-09"
      },
      "geometry": {
        "type": "Point",
        "coordinates": [
          106.6996046,
          10.7711507
        ]
      }
    },
    {
      "type": "Feature",
      "id": "node/11773317350",
      "properties": {
        "name": "Trạm trung chuyển Hàm Nghi",
        "category": "bus_stop",
        "osm_id": "node/11773317350",
        "operator": null,
        "osm_url": "https://www.openstreetmap.org/node/11773317350",
        "data_source": "openstreetmap",
        "verified_official": false,
        "position_type": "osm_recorded",
        "last_checked": "2026-10-09"
      },
      "geometry": {
        "type": "Point",
        "coordinates": [
          106.6998113,
          10.7711451
        ]
      }
    },
    {
      "type": "Feature",
      "id": "node/11773317351",
      "properties": {
        "name": "Trạm trung chuyển Hàm Nghi",
        "category": "bus_stop",
        "osm_id": "node/11773317351",
        "operator": null,
        "osm_url": "https://www.openstreetmap.org/node/11773317351",
        "data_source": "openstreetmap",
        "verified_official": false,
        "position_type": "osm_recorded",
        "last_checked": "2026-10-09"
      },
      "geometry": {
        "type": "Point",
        "coordinates": [
          106.7000466,
          10.7711359
        ]
      }
    },
    {
      "type": "Feature",
      "id": "node/11773317352",
      "properties": {
        "name": "Trạm trung chuyển Hàm Nghi",
        "category": "bus_stop",
        "osm_id": "node/11773317352",
        "operator": null,
        "osm_url": "https://www.openstreetmap.org/node/11773317352",
        "data_source": "openstreetmap",
        "verified_official": false,
        "position_type": "osm_recorded",
        "last_checked": "2026-10-09"
      },
      "geometry": {
        "type": "Point",
        "coordinates": [
          106.7003947,
          10.7708974
        ]
      }
    },
    {
      "type": "Feature",
      "id": "node/11773317353",
      "properties": {
        "name": "Trần Hưng Đạo",
        "category": "bus_stop",
        "osm_id": "node/11773317353",
        "operator": null,
        "osm_url": "https://www.openstreetmap.org/node/11773317353",
        "data_source": "openstreetmap",
        "verified_official": false,
        "position_type": "osm_recorded",
        "last_checked": "2026-10-09"
      },
      "geometry": {
        "type": "Point",
        "coordinates": [
          106.6949906,
          10.7685577
        ]
      }
    },
    {
      "type": "Feature",
      "id": "node/11773317356",
      "properties": {
        "name": "Chùa Anh Linh",
        "category": "bus_stop",
        "osm_id": "node/11773317356",
        "operator": null,
        "osm_url": "https://www.openstreetmap.org/node/11773317356",
        "data_source": "openstreetmap",
        "verified_official": false,
        "position_type": "osm_recorded",
        "last_checked": "2026-10-09"
      },
      "geometry": {
        "type": "Point",
        "coordinates": [
          106.7033783,
          10.7630212
        ]
      }
    },
    {
      "type": "Feature",
      "id": "node/11773317358",
      "properties": {
        "name": "Cầu Tân Thuận 2",
        "category": "bus_stop",
        "osm_id": "node/11773317358",
        "operator": null,
        "osm_url": "https://www.openstreetmap.org/node/11773317358",
        "data_source": "openstreetmap",
        "verified_official": false,
        "position_type": "osm_recorded",
        "last_checked": "2026-10-09"
      },
      "geometry": {
        "type": "Point",
        "coordinates": [
          106.7239122,
          10.7524704
        ]
      }
    },
    {
      "type": "Feature",
      "id": "node/11773317359",
      "properties": {
        "name": "Nguyễn Thị Thập",
        "category": "bus_stop",
        "osm_id": "node/11773317359",
        "operator": null,
        "osm_url": "https://www.openstreetmap.org/node/11773317359",
        "data_source": "openstreetmap",
        "verified_official": false,
        "position_type": "osm_recorded",
        "last_checked": "2026-10-09"
      },
      "geometry": {
        "type": "Point",
        "coordinates": [
          106.7190861,
          10.7382323
        ]
      }
    },
    {
      "type": "Feature",
      "id": "node/11773317360",
      "properties": {
        "name": "Lâm Văn Bền",
        "category": "bus_stop",
        "osm_id": "node/11773317360",
        "operator": null,
        "osm_url": "https://www.openstreetmap.org/node/11773317360",
        "data_source": "openstreetmap",
        "verified_official": false,
        "position_type": "osm_recorded",
        "last_checked": "2026-10-09"
      },
      "geometry": {
        "type": "Point",
        "coordinates": [
          106.717447,
          10.7383331
        ]
      }
    },
    {
      "type": "Feature",
      "id": "node/11773317365",
      "properties": {
        "name": "Đại học Cảnh sát",
        "category": "bus_stop",
        "osm_id": "node/11773317365",
        "operator": null,
        "osm_url": "https://www.openstreetmap.org/node/11773317365",
        "data_source": "openstreetmap",
        "verified_official": false,
        "position_type": "osm_recorded",
        "last_checked": "2026-10-09"
      },
      "geometry": {
        "type": "Point",
        "coordinates": [
          106.6998731,
          10.7345993
        ]
      }
    },
    {
      "type": "Feature",
      "id": "node/11773635248",
      "properties": {
        "name": "Công ty Vĩnh Đông",
        "category": "bus_stop",
        "osm_id": "node/11773635248",
        "operator": null,
        "osm_url": "https://www.openstreetmap.org/node/11773635248",
        "data_source": "openstreetmap",
        "verified_official": false,
        "position_type": "osm_recorded",
        "last_checked": "2026-10-09"
      },
      "geometry": {
        "type": "Point",
        "coordinates": [
          106.6891984,
          10.8607398
        ]
      }
    },
    {
      "type": "Feature",
      "id": "node/11773635249",
      "properties": {
        "name": "Đài liệt sĩ An Phú Đông",
        "category": "bus_stop",
        "osm_id": "node/11773635249",
        "operator": null,
        "osm_url": "https://www.openstreetmap.org/node/11773635249",
        "data_source": "openstreetmap",
        "verified_official": false,
        "position_type": "osm_recorded",
        "last_checked": "2026-10-09"
      },
      "geometry": {
        "type": "Point",
        "coordinates": [
          106.6923154,
          10.860508
        ]
      }
    },
    {
      "type": "Feature",
      "id": "node/11773635250",
      "properties": {
        "name": "Đại học Nguyễn Tất Thành",
        "category": "bus_stop",
        "osm_id": "node/11773635250",
        "operator": null,
        "osm_url": "https://www.openstreetmap.org/node/11773635250",
        "data_source": "openstreetmap",
        "verified_official": false,
        "position_type": "osm_recorded",
        "last_checked": "2026-10-09"
      },
      "geometry": {
        "type": "Point",
        "coordinates": [
          106.6945185,
          10.8603862
        ]
      }
    },
    {
      "type": "Feature",
      "id": "node/11773635251",
      "properties": {
        "name": "Công ty đá Ngọc Ngân",
        "category": "bus_stop",
        "osm_id": "node/11773635251",
        "operator": null,
        "osm_url": "https://www.openstreetmap.org/node/11773635251",
        "data_source": "openstreetmap",
        "verified_official": false,
        "position_type": "osm_recorded",
        "last_checked": "2026-10-09"
      },
      "geometry": {
        "type": "Point",
        "coordinates": [
          106.7006873,
          10.8596993
        ]
      }
    },
    {
      "type": "Feature",
      "id": "node/11773635252",
      "properties": {
        "name": "Tu viện Khánh An",
        "category": "bus_stop",
        "osm_id": "node/11773635252",
        "operator": null,
        "osm_url": "https://www.openstreetmap.org/node/11773635252",
        "data_source": "openstreetmap",
        "verified_official": false,
        "position_type": "osm_recorded",
        "last_checked": "2026-10-09"
      },
      "geometry": {
        "type": "Point",
        "coordinates": [
          106.7060482,
          10.8590193
        ]
      }
    },
    {
      "type": "Feature",
      "id": "node/11773635253",
      "properties": {
        "name": "Bãi đậu xe kho hàng - 1500/3C Quốc lộ 1A",
        "category": "bus_stop",
        "osm_id": "node/11773635253",
        "operator": null,
        "osm_url": "https://www.openstreetmap.org/node/11773635253",
        "data_source": "openstreetmap",
        "verified_official": false,
        "position_type": "osm_recorded",
        "last_checked": "2026-10-09"
      },
      "geometry": {
        "type": "Point",
        "coordinates": [
          106.708976,
          10.8586206
        ]
      }
    },
    {
      "type": "Feature",
      "id": "node/11773635254",
      "properties": {
        "name": "Aone - Quốc lộ 1A",
        "category": "bus_stop",
        "osm_id": "node/11773635254",
        "operator": null,
        "osm_url": "https://www.openstreetmap.org/node/11773635254",
        "data_source": "openstreetmap",
        "verified_official": false,
        "position_type": "osm_recorded",
        "last_checked": "2026-10-09"
      },
      "geometry": {
        "type": "Point",
        "coordinates": [
          106.7134744,
          10.8596686
        ]
      }
    },
    {
      "type": "Feature",
      "id": "node/11773635255",
      "properties": {
        "name": "Ngã tư Bình Phước",
        "category": "bus_stop",
        "osm_id": "node/11773635255",
        "operator": null,
        "osm_url": "https://www.openstreetmap.org/node/11773635255",
        "data_source": "openstreetmap",
        "verified_official": false,
        "position_type": "osm_recorded",
        "last_checked": "2026-10-09"
      },
      "geometry": {
        "type": "Point",
        "coordinates": [
          106.7204985,
          10.8633184
        ]
      }
    },
    {
      "type": "Feature",
      "id": "node/11773635256",
      "properties": {
        "name": "Hồ Đá",
        "category": "bus_stop",
        "osm_id": "node/11773635256",
        "operator": null,
        "osm_url": "https://www.openstreetmap.org/node/11773635256",
        "data_source": "openstreetmap",
        "verified_official": false,
        "position_type": "osm_recorded",
        "last_checked": "2026-10-09"
      },
      "geometry": {
        "type": "Point",
        "coordinates": [
          106.8000351,
          10.8830755
        ]
      }
    },
    {
      "type": "Feature",
      "id": "node/11773635257",
      "properties": {
        "name": "Nhà khách Đại học Quốc gia",
        "category": "bus_stop",
        "osm_id": "node/11773635257",
        "operator": null,
        "osm_url": "https://www.openstreetmap.org/node/11773635257",
        "data_source": "openstreetmap",
        "verified_official": false,
        "position_type": "osm_recorded",
        "last_checked": "2026-10-09"
      },
      "geometry": {
        "type": "Point",
        "coordinates": [
          106.7955215,
          10.8808558
        ]
      }
    },
    {
      "type": "Feature",
      "id": "node/11773635258",
      "properties": {
        "name": "Viện Tài nguyên và Môi trường",
        "category": "bus_stop",
        "osm_id": "node/11773635258",
        "operator": null,
        "osm_url": "https://www.openstreetmap.org/node/11773635258",
        "data_source": "openstreetmap",
        "verified_official": false,
        "position_type": "osm_recorded",
        "last_checked": "2026-10-09"
      },
      "geometry": {
        "type": "Point",
        "coordinates": [
          106.7870257,
          10.8800038
        ]
      }
    },
    {
      "type": "Feature",
      "id": "node/11773635259",
      "properties": {
        "name": "Kí túc xá Khu B Đại học Quốc gia",
        "category": "bus_stop",
        "osm_id": "node/11773635259",
        "operator": null,
        "osm_url": "https://www.openstreetmap.org/node/11773635259",
        "data_source": "openstreetmap",
        "verified_official": false,
        "position_type": "osm_recorded",
        "last_checked": "2026-10-09"
      },
      "geometry": {
        "type": "Point",
        "coordinates": [
          106.783085,
          10.8817274
        ]
      }
    },
    {
      "type": "Feature",
      "id": "node/11773635260",
      "properties": {
        "name": "Kí túc xá Khu B Đại học Quốc gia",
        "category": "bus_stop",
        "osm_id": "node/11773635260",
        "operator": null,
        "osm_url": "https://www.openstreetmap.org/node/11773635260",
        "data_source": "openstreetmap",
        "verified_official": false,
        "position_type": "osm_recorded",
        "last_checked": "2026-10-09"
      },
      "geometry": {
        "type": "Point",
        "coordinates": [
          106.7791309,
          10.8832477
        ]
      }
    },
    {
      "type": "Feature",
      "id": "node/11773635264",
      "properties": {
        "name": "Kí túc xá Khu B Đại học Quốc gia",
        "category": "bus_stop",
        "osm_id": "node/11773635264",
        "operator": null,
        "osm_url": "https://www.openstreetmap.org/node/11773635264",
        "data_source": "openstreetmap",
        "verified_official": false,
        "position_type": "osm_recorded",
        "last_checked": "2026-10-09"
      },
      "geometry": {
        "type": "Point",
        "coordinates": [
          106.7785772,
          10.8835643
        ]
      }
    },
    {
      "type": "Feature",
      "id": "node/11773635265",
      "properties": {
        "name": "Kí túc xá Khu B Đại học Quốc gia",
        "category": "bus_stop",
        "osm_id": "node/11773635265",
        "operator": null,
        "osm_url": "https://www.openstreetmap.org/node/11773635265",
        "data_source": "openstreetmap",
        "verified_official": false,
        "position_type": "osm_recorded",
        "last_checked": "2026-10-09"
      },
      "geometry": {
        "type": "Point",
        "coordinates": [
          106.7823312,
          10.88165
        ]
      }
    },
    {
      "type": "Feature",
      "id": "node/11773635266",
      "properties": {
        "name": "Viện Tài nguyên và Môi trường",
        "category": "bus_stop",
        "osm_id": "node/11773635266",
        "operator": null,
        "osm_url": "https://www.openstreetmap.org/node/11773635266",
        "data_source": "openstreetmap",
        "verified_official": false,
        "position_type": "osm_recorded",
        "last_checked": "2026-10-09"
      },
      "geometry": {
        "type": "Point",
        "coordinates": [
          106.7872136,
          10.8797699
        ]
      }
    },
    {
      "type": "Feature",
      "id": "node/11773635267",
      "properties": {
        "name": "Cầu Bình Phước",
        "category": "bus_stop",
        "osm_id": "node/11773635267",
        "operator": null,
        "osm_url": "https://www.openstreetmap.org/node/11773635267",
        "data_source": "openstreetmap",
        "verified_official": false,
        "position_type": "osm_recorded",
        "last_checked": "2026-10-09"
      },
      "geometry": {
        "type": "Point",
        "coordinates": [
          106.7204311,
          10.8638242
        ]
      }
    },
    {
      "type": "Feature",
      "id": "node/11773635268",
      "properties": {
        "name": "Aone - Quốc lộ 1A",
        "category": "bus_stop",
        "osm_id": "node/11773635268",
        "operator": null,
        "osm_url": "https://www.openstreetmap.org/node/11773635268",
        "data_source": "openstreetmap",
        "verified_official": false,
        "position_type": "osm_recorded",
        "last_checked": "2026-10-09"
      },
      "geometry": {
        "type": "Point",
        "coordinates": [
          106.7129807,
          10.8598847
        ]
      }
    },
    {
      "type": "Feature",
      "id": "node/11773641369",
      "properties": {
        "name": "Công ty EUROPA",
        "category": "bus_stop",
        "osm_id": "node/11773641369",
        "operator": null,
        "osm_url": "https://www.openstreetmap.org/node/11773641369",
        "data_source": "openstreetmap",
        "verified_official": false,
        "position_type": "osm_recorded",
        "last_checked": "2026-10-09"
      },
      "geometry": {
        "type": "Point",
        "coordinates": [
          106.7076668,
          10.859144
        ]
      }
    },
    {
      "type": "Feature",
      "id": "node/11773641370",
      "properties": {
        "name": "Tu viện Khánh An",
        "category": "bus_stop",
        "osm_id": "node/11773641370",
        "operator": null,
        "osm_url": "https://www.openstreetmap.org/node/11773641370",
        "data_source": "openstreetmap",
        "verified_official": false,
        "position_type": "osm_recorded",
        "last_checked": "2026-10-09"
      },
      "geometry": {
        "type": "Point",
        "coordinates": [
          106.7049521,
          10.8594751
        ]
      }
    },
    {
      "type": "Feature",
      "id": "node/11773641371",
      "properties": {
        "name": "Công ty Mai Linh",
        "category": "bus_stop",
        "osm_id": "node/11773641371",
        "operator": null,
        "osm_url": "https://www.openstreetmap.org/node/11773641371",
        "data_source": "openstreetmap",
        "verified_official": false,
        "position_type": "osm_recorded",
        "last_checked": "2026-10-09"
      },
      "geometry": {
        "type": "Point",
        "coordinates": [
          106.7011227,
          10.8599601
        ]
      }
    },
    {
      "type": "Feature",
      "id": "node/11773641372",
      "properties": {
        "name": "Đình An Phú Đông",
        "category": "bus_stop",
        "osm_id": "node/11773641372",
        "operator": null,
        "osm_url": "https://www.openstreetmap.org/node/11773641372",
        "data_source": "openstreetmap",
        "verified_official": false,
        "position_type": "osm_recorded",
        "last_checked": "2026-10-09"
      },
      "geometry": {
        "type": "Point",
        "coordinates": [
          106.6954174,
          10.8606502
        ]
      }
    },
    {
      "type": "Feature",
      "id": "node/11773641373",
      "properties": {
        "name": "Đài Liệt sĩ An Phú Đông",
        "category": "bus_stop",
        "osm_id": "node/11773641373",
        "operator": null,
        "osm_url": "https://www.openstreetmap.org/node/11773641373",
        "data_source": "openstreetmap",
        "verified_official": false,
        "position_type": "osm_recorded",
        "last_checked": "2026-10-09"
      },
      "geometry": {
        "type": "Point",
        "coordinates": [
          106.6922198,
          10.8608846
        ]
      }
    },
    {
      "type": "Feature",
      "id": "node/11773641374",
      "properties": {
        "name": "Công ty Hồng Mã",
        "category": "bus_stop",
        "osm_id": "node/11773641374",
        "operator": null,
        "osm_url": "https://www.openstreetmap.org/node/11773641374",
        "data_source": "openstreetmap",
        "verified_official": false,
        "position_type": "osm_recorded",
        "last_checked": "2026-10-09"
      },
      "geometry": {
        "type": "Point",
        "coordinates": [
          106.6894629,
          10.8610605
        ]
      }
    },
    {
      "type": "Feature",
      "id": "node/11774743556",
      "properties": {
        "name": "Sân bóng đá CLB Cảng Sài Gòn",
        "category": "bus_stop",
        "osm_id": "node/11774743556",
        "operator": null,
        "osm_url": "https://www.openstreetmap.org/node/11774743556",
        "data_source": "openstreetmap",
        "verified_official": false,
        "position_type": "osm_recorded",
        "last_checked": "2026-10-09"
      },
      "geometry": {
        "type": "Point",
        "coordinates": [
          106.7223614,
          10.7524186
        ]
      }
    },
    {
      "type": "Feature",
      "id": "node/11774743558",
      "properties": {
        "name": "Cư xá Ngân Hàng",
        "category": "bus_stop",
        "osm_id": "node/11774743558",
        "operator": null,
        "osm_url": "https://www.openstreetmap.org/node/11774743558",
        "data_source": "openstreetmap",
        "verified_official": false,
        "position_type": "osm_recorded",
        "last_checked": "2026-10-09"
      },
      "geometry": {
        "type": "Point",
        "coordinates": [
          106.7190872,
          10.7528859
        ]
      }
    },
    {
      "type": "Feature",
      "id": "node/11774743559",
      "properties": {
        "name": "Nhà thờ Thuận Phát",
        "category": "bus_stop",
        "osm_id": "node/11774743559",
        "operator": null,
        "osm_url": "https://www.openstreetmap.org/node/11774743559",
        "data_source": "openstreetmap",
        "verified_official": false,
        "position_type": "osm_recorded",
        "last_checked": "2026-10-09"
      },
      "geometry": {
        "type": "Point",
        "coordinates": [
          106.7150794,
          10.7518973
        ]
      }
    },
    {
      "type": "Feature",
      "id": "node/11774743560",
      "properties": {
        "name": "Bế Văn Cấm",
        "category": "bus_stop",
        "osm_id": "node/11774743560",
        "operator": null,
        "osm_url": "https://www.openstreetmap.org/node/11774743560",
        "data_source": "openstreetmap",
        "verified_official": false,
        "position_type": "osm_recorded",
        "last_checked": "2026-10-09"
      },
      "geometry": {
        "type": "Point",
        "coordinates": [
          106.7092958,
          10.7518492
        ]
      }
    },
    {
      "type": "Feature",
      "id": "node/11774743561",
      "properties": {
        "name": "UBND Phường Tân Kiểng",
        "category": "bus_stop",
        "osm_id": "node/11774743561",
        "operator": null,
        "osm_url": "https://www.openstreetmap.org/node/11774743561",
        "data_source": "openstreetmap",
        "verified_official": false,
        "position_type": "osm_recorded",
        "last_checked": "2026-10-09"
      },
      "geometry": {
        "type": "Point",
        "coordinates": [
          106.7065813,
          10.7518496
        ]
      }
    },
    {
      "type": "Feature",
      "id": "node/11774744172",
      "properties": {
        "name": "Chợ Tân Mỹ",
        "category": "bus_stop",
        "osm_id": "node/11774744172",
        "operator": null,
        "osm_url": "https://www.openstreetmap.org/node/11774744172",
        "data_source": "openstreetmap",
        "verified_official": false,
        "position_type": "osm_recorded",
        "last_checked": "2026-10-09"
      },
      "geometry": {
        "type": "Point",
        "coordinates": [
          106.7180644,
          10.7354733
        ]
      }
    },
    {
      "type": "Feature",
      "id": "node/11774744174",
      "properties": {
        "name": "Nguyễn Lương Bằng",
        "category": "bus_stop",
        "osm_id": "node/11774744174",
        "operator": null,
        "osm_url": "https://www.openstreetmap.org/node/11774744174",
        "data_source": "openstreetmap",
        "verified_official": false,
        "position_type": "osm_recorded",
        "last_checked": "2026-10-09"
      },
      "geometry": {
        "type": "Point",
        "coordinates": [
          106.7127605,
          10.72936
        ]
      }
    },
    {
      "type": "Feature",
      "id": "node/11774744175",
      "properties": {
        "name": "Sky Garden",
        "category": "bus_stop",
        "osm_id": "node/11774744175",
        "operator": null,
        "osm_url": "https://www.openstreetmap.org/node/11774744175",
        "data_source": "openstreetmap",
        "verified_official": false,
        "position_type": "osm_recorded",
        "last_checked": "2026-10-09"
      },
      "geometry": {
        "type": "Point",
        "coordinates": [
          106.7048385,
          10.7291747
        ]
      }
    },
    {
      "type": "Feature",
      "id": "node/11774744176",
      "properties": {
        "name": "Lê Văn Lương",
        "category": "bus_stop",
        "osm_id": "node/11774744176",
        "operator": null,
        "osm_url": "https://www.openstreetmap.org/node/11774744176",
        "data_source": "openstreetmap",
        "verified_official": false,
        "position_type": "osm_recorded",
        "last_checked": "2026-10-09"
      },
      "geometry": {
        "type": "Point",
        "coordinates": [
          106.6994509,
          10.7291277
        ]
      }
    },
    {
      "type": "Feature",
      "id": "node/11774744177",
      "properties": {
        "name": "Trung Sơn",
        "category": "bus_stop",
        "osm_id": "node/11774744177",
        "operator": null,
        "osm_url": "https://www.openstreetmap.org/node/11774744177",
        "data_source": "openstreetmap",
        "verified_official": false,
        "position_type": "osm_recorded",
        "last_checked": "2026-10-09"
      },
      "geometry": {
        "type": "Point",
        "coordinates": [
          106.6871618,
          10.7286376
        ]
      }
    },
    {
      "type": "Feature",
      "id": "node/11774744178",
      "properties": {
        "name": "Cầu Ông Bé",
        "category": "bus_stop",
        "osm_id": "node/11774744178",
        "operator": null,
        "osm_url": "https://www.openstreetmap.org/node/11774744178",
        "data_source": "openstreetmap",
        "verified_official": false,
        "position_type": "osm_recorded",
        "last_checked": "2026-10-09"
      },
      "geometry": {
        "type": "Point",
        "coordinates": [
          106.6840385,
          10.7285791
        ]
      }
    },
    {
      "type": "Feature",
      "id": "node/11774744179",
      "properties": {
        "name": "Ấp 4A",
        "category": "bus_stop",
        "osm_id": "node/11774744179",
        "operator": null,
        "osm_url": "https://www.openstreetmap.org/node/11774744179",
        "data_source": "openstreetmap",
        "verified_official": false,
        "position_type": "osm_recorded",
        "last_checked": "2026-10-09"
      },
      "geometry": {
        "type": "Point",
        "coordinates": [
          106.6767214,
          10.7293561
        ]
      }
    },
    {
      "type": "Feature",
      "id": "node/11774744180",
      "properties": {
        "name": "Chợ tạm Ấp 4",
        "category": "bus_stop",
        "osm_id": "node/11774744180",
        "operator": null,
        "osm_url": "https://www.openstreetmap.org/node/11774744180",
        "data_source": "openstreetmap",
        "verified_official": false,
        "position_type": "osm_recorded",
        "last_checked": "2026-10-09"
      },
      "geometry": {
        "type": "Point",
        "coordinates": [
          106.6746606,
          10.7322709
        ]
      }
    },
    {
      "type": "Feature",
      "id": "node/11774744182",
      "properties": {
        "name": "Centre Mall",
        "category": "bus_stop",
        "osm_id": "node/11774744182",
        "operator": null,
        "osm_url": "https://www.openstreetmap.org/node/11774744182",
        "data_source": "openstreetmap",
        "verified_official": false,
        "position_type": "osm_recorded",
        "last_checked": "2026-10-09"
      },
      "geometry": {
        "type": "Point",
        "coordinates": [
          106.6732123,
          10.7343399
        ]
      }
    },
    {
      "type": "Feature",
      "id": "node/11774744183",
      "properties": {
        "name": "Hòa Bình",
        "category": "bus_stop",
        "osm_id": "node/11774744183",
        "operator": null,
        "osm_url": "https://www.openstreetmap.org/node/11774744183",
        "data_source": "openstreetmap",
        "verified_official": false,
        "position_type": "osm_recorded",
        "last_checked": "2026-10-09"
      },
      "geometry": {
        "type": "Point",
        "coordinates": [
          106.6719066,
          10.7360885
        ]
      }
    },
    {
      "type": "Feature",
      "id": "node/11774744184",
      "properties": {
        "name": "Đường 1011",
        "category": "bus_stop",
        "osm_id": "node/11774744184",
        "operator": null,
        "osm_url": "https://www.openstreetmap.org/node/11774744184",
        "data_source": "openstreetmap",
        "verified_official": false,
        "position_type": "osm_recorded",
        "last_checked": "2026-10-09"
      },
      "geometry": {
        "type": "Point",
        "coordinates": [
          106.6691251,
          10.7362952
        ]
      }
    },
    {
      "type": "Feature",
      "id": "node/11774744188",
      "properties": {
        "name": "Phạm Hùng",
        "category": "bus_stop",
        "osm_id": "node/11774744188",
        "operator": null,
        "osm_url": "https://www.openstreetmap.org/node/11774744188",
        "data_source": "openstreetmap",
        "verified_official": false,
        "position_type": "osm_recorded",
        "last_checked": "2026-10-09"
      },
      "geometry": {
        "type": "Point",
        "coordinates": [
          106.6685503,
          10.7358039
        ]
      }
    },
    {
      "type": "Feature",
      "id": "node/11774744189",
      "properties": {
        "name": "Hòa Bình",
        "category": "bus_stop",
        "osm_id": "node/11774744189",
        "operator": null,
        "osm_url": "https://www.openstreetmap.org/node/11774744189",
        "data_source": "openstreetmap",
        "verified_official": false,
        "position_type": "osm_recorded",
        "last_checked": "2026-10-09"
      },
      "geometry": {
        "type": "Point",
        "coordinates": [
          106.6718217,
          10.736049
        ]
      }
    },
    {
      "type": "Feature",
      "id": "node/11774744190",
      "properties": {
        "name": "Centre Mall",
        "category": "bus_stop",
        "osm_id": "node/11774744190",
        "operator": null,
        "osm_url": "https://www.openstreetmap.org/node/11774744190",
        "data_source": "openstreetmap",
        "verified_official": false,
        "position_type": "osm_recorded",
        "last_checked": "2026-10-09"
      },
      "geometry": {
        "type": "Point",
        "coordinates": [
          106.6730594,
          10.7343307
        ]
      }
    },
    {
      "type": "Feature",
      "id": "node/11774744192",
      "properties": {
        "name": "Chợ tạm Ấp 4",
        "category": "bus_stop",
        "osm_id": "node/11774744192",
        "operator": null,
        "osm_url": "https://www.openstreetmap.org/node/11774744192",
        "data_source": "openstreetmap",
        "verified_official": false,
        "position_type": "osm_recorded",
        "last_checked": "2026-10-09"
      },
      "geometry": {
        "type": "Point",
        "coordinates": [
          106.6744818,
          10.7322752
        ]
      }
    },
    {
      "type": "Feature",
      "id": "node/11774744193",
      "properties": {
        "name": "Nguyễn Văn Linh",
        "category": "bus_stop",
        "osm_id": "node/11774744193",
        "operator": null,
        "osm_url": "https://www.openstreetmap.org/node/11774744193",
        "data_source": "openstreetmap",
        "verified_official": false,
        "position_type": "osm_recorded",
        "last_checked": "2026-10-09"
      },
      "geometry": {
        "type": "Point",
        "coordinates": [
          106.6766336,
          10.7293166
        ]
      }
    },
    {
      "type": "Feature",
      "id": "node/11774744194",
      "properties": {
        "name": "Cầu Ông Bé",
        "category": "bus_stop",
        "osm_id": "node/11774744194",
        "operator": null,
        "osm_url": "https://www.openstreetmap.org/node/11774744194",
        "data_source": "openstreetmap",
        "verified_official": false,
        "position_type": "osm_recorded",
        "last_checked": "2026-10-09"
      },
      "geometry": {
        "type": "Point",
        "coordinates": [
          106.6841411,
          10.7278598
        ]
      }
    },
    {
      "type": "Feature",
      "id": "node/11774744195",
      "properties": {
        "name": "Trung Sơn",
        "category": "bus_stop",
        "osm_id": "node/11774744195",
        "operator": null,
        "osm_url": "https://www.openstreetmap.org/node/11774744195",
        "data_source": "openstreetmap",
        "verified_official": false,
        "position_type": "osm_recorded",
        "last_checked": "2026-10-09"
      },
      "geometry": {
        "type": "Point",
        "coordinates": [
          106.6874173,
          10.7279402
        ]
      }
    },
    {
      "type": "Feature",
      "id": "node/11774744196",
      "properties": {
        "name": "Lê Văn Lương",
        "category": "bus_stop",
        "osm_id": "node/11774744196",
        "operator": null,
        "osm_url": "https://www.openstreetmap.org/node/11774744196",
        "data_source": "openstreetmap",
        "verified_official": false,
        "position_type": "osm_recorded",
        "last_checked": "2026-10-09"
      },
      "geometry": {
        "type": "Point",
        "coordinates": [
          106.6998079,
          10.7280605
        ]
      }
    },
    {
      "type": "Feature",
      "id": "node/11774744197",
      "properties": {
        "name": "Phòng cháy chữa cháy số 7",
        "category": "bus_stop",
        "osm_id": "node/11774744197",
        "operator": null,
        "osm_url": "https://www.openstreetmap.org/node/11774744197",
        "data_source": "openstreetmap",
        "verified_official": false,
        "position_type": "osm_recorded",
        "last_checked": "2026-10-09"
      },
      "geometry": {
        "type": "Point",
        "coordinates": [
          106.7039814,
          10.7281431
        ]
      }
    },
    {
      "type": "Feature",
      "id": "node/11774744198",
      "properties": {
        "name": "CoopMart Phú Mỹ Hưng",
        "category": "bus_stop",
        "osm_id": "node/11774744198",
        "operator": null,
        "osm_url": "https://www.openstreetmap.org/node/11774744198",
        "data_source": "openstreetmap",
        "verified_official": false,
        "position_type": "osm_recorded",
        "last_checked": "2026-10-09"
      },
      "geometry": {
        "type": "Point",
        "coordinates": [
          106.711582,
          10.7283084
        ]
      }
    },
    {
      "type": "Feature",
      "id": "node/11774744199",
      "properties": {
        "name": "Cầu Thầy Tiêu",
        "category": "bus_stop",
        "osm_id": "node/11774744199",
        "operator": null,
        "osm_url": "https://www.openstreetmap.org/node/11774744199",
        "data_source": "openstreetmap",
        "verified_official": false,
        "position_type": "osm_recorded",
        "last_checked": "2026-10-09"
      },
      "geometry": {
        "type": "Point",
        "coordinates": [
          106.7148462,
          10.728391
        ]
      }
    },
    {
      "type": "Feature",
      "id": "node/11774744200",
      "properties": {
        "name": "Chợ Tân Mỹ",
        "category": "bus_stop",
        "osm_id": "node/11774744200",
        "operator": null,
        "osm_url": "https://www.openstreetmap.org/node/11774744200",
        "data_source": "openstreetmap",
        "verified_official": false,
        "position_type": "osm_recorded",
        "last_checked": "2026-10-09"
      },
      "geometry": {
        "type": "Point",
        "coordinates": [
          106.718226,
          10.7355488
        ]
      }
    },
    {
      "type": "Feature",
      "id": "node/11774744210",
      "properties": {
        "name": "Ngã ba Tân Quy",
        "category": "bus_stop",
        "osm_id": "node/11774744210",
        "operator": null,
        "osm_url": "https://www.openstreetmap.org/node/11774744210",
        "data_source": "openstreetmap",
        "verified_official": false,
        "position_type": "osm_recorded",
        "last_checked": "2026-10-09"
      },
      "geometry": {
        "type": "Point",
        "coordinates": [
          106.7050867,
          10.7515026
        ]
      }
    },
    {
      "type": "Feature",
      "id": "node/11774744211",
      "properties": {
        "name": "UBND Phường Tân Kiểng",
        "category": "bus_stop",
        "osm_id": "node/11774744211",
        "operator": null,
        "osm_url": "https://www.openstreetmap.org/node/11774744211",
        "data_source": "openstreetmap",
        "verified_official": false,
        "position_type": "osm_recorded",
        "last_checked": "2026-10-09"
      },
      "geometry": {
        "type": "Point",
        "coordinates": [
          106.7068392,
          10.7517243
        ]
      }
    },
    {
      "type": "Feature",
      "id": "node/11774744212",
      "properties": {
        "name": "Bế Văn Cẩm",
        "category": "bus_stop",
        "osm_id": "node/11774744212",
        "operator": null,
        "osm_url": "https://www.openstreetmap.org/node/11774744212",
        "data_source": "openstreetmap",
        "verified_official": false,
        "position_type": "osm_recorded",
        "last_checked": "2026-10-09"
      },
      "geometry": {
        "type": "Point",
        "coordinates": [
          106.7093391,
          10.7517382
        ]
      }
    },
    {
      "type": "Feature",
      "id": "node/11774744213",
      "properties": {
        "name": "Miếu Bà Cố",
        "category": "bus_stop",
        "osm_id": "node/11774744213",
        "operator": null,
        "osm_url": "https://www.openstreetmap.org/node/11774744213",
        "data_source": "openstreetmap",
        "verified_official": false,
        "position_type": "osm_recorded",
        "last_checked": "2026-10-09"
      },
      "geometry": {
        "type": "Point",
        "coordinates": [
          106.7125513,
          10.7517797
        ]
      }
    },
    {
      "type": "Feature",
      "id": "node/11774744214",
      "properties": {
        "name": "Nhà thờ Thuận Phát",
        "category": "bus_stop",
        "osm_id": "node/11774744214",
        "operator": null,
        "osm_url": "https://www.openstreetmap.org/node/11774744214",
        "data_source": "openstreetmap",
        "verified_official": false,
        "position_type": "osm_recorded",
        "last_checked": "2026-10-09"
      },
      "geometry": {
        "type": "Point",
        "coordinates": [
          106.7154356,
          10.7518178
        ]
      }
    },
    {
      "type": "Feature",
      "id": "node/11774744215",
      "properties": {
        "name": "Cư xá Ngân Hàng",
        "category": "bus_stop",
        "osm_id": "node/11774744215",
        "operator": null,
        "osm_url": "https://www.openstreetmap.org/node/11774744215",
        "data_source": "openstreetmap",
        "verified_official": false,
        "position_type": "osm_recorded",
        "last_checked": "2026-10-09"
      },
      "geometry": {
        "type": "Point",
        "coordinates": [
          106.7194412,
          10.7530026
        ]
      }
    },
    {
      "type": "Feature",
      "id": "node/11774744262",
      "properties": {
        "name": "Nhà thờ Đức Bà",
        "category": "bus_stop",
        "osm_id": "node/11774744262",
        "operator": null,
        "osm_url": "https://www.openstreetmap.org/node/11774744262",
        "data_source": "openstreetmap",
        "verified_official": false,
        "position_type": "osm_recorded",
        "last_checked": "2026-10-09"
      },
      "geometry": {
        "type": "Point",
        "coordinates": [
          106.6991514,
          10.7792374
        ]
      }
    },
    {
      "type": "Feature",
      "id": "node/11774744263",
      "properties": {
        "name": "Pasteur",
        "category": "bus_stop",
        "osm_id": "node/11774744263",
        "operator": null,
        "osm_url": "https://www.openstreetmap.org/node/11774744263",
        "data_source": "openstreetmap",
        "verified_official": false,
        "position_type": "osm_recorded",
        "last_checked": "2026-10-09"
      },
      "geometry": {
        "type": "Point",
        "coordinates": [
          106.6992407,
          10.7782822
        ]
      }
    },
    {
      "type": "Feature",
      "id": "node/11774744264",
      "properties": {
        "name": "Nam Kỳ Khởi Nghĩa",
        "category": "bus_stop",
        "osm_id": "node/11774744264",
        "operator": null,
        "osm_url": "https://www.openstreetmap.org/node/11774744264",
        "data_source": "openstreetmap",
        "verified_official": false,
        "position_type": "osm_recorded",
        "last_checked": "2026-10-09"
      },
      "geometry": {
        "type": "Point",
        "coordinates": [
          106.6983113,
          10.777234
        ]
      }
    },
    {
      "type": "Feature",
      "id": "node/11774744265",
      "properties": {
        "name": "Đầu bến Tân Quy",
        "category": "bus_stop",
        "osm_id": "node/11774744265",
        "operator": null,
        "osm_url": "https://www.openstreetmap.org/node/11774744265",
        "data_source": "openstreetmap",
        "verified_official": false,
        "position_type": "osm_recorded",
        "last_checked": "2026-10-09"
      },
      "geometry": {
        "type": "Point",
        "coordinates": [
          106.706361,
          10.7357096
        ]
      }
    },
    {
      "type": "Feature",
      "id": "node/11775251414",
      "properties": {
        "name": "Chung cư Tân Vĩnh",
        "category": "bus_stop",
        "osm_id": "node/11775251414",
        "operator": null,
        "osm_url": "https://www.openstreetmap.org/node/11775251414",
        "data_source": "openstreetmap",
        "verified_official": false,
        "position_type": "osm_recorded",
        "last_checked": "2026-10-09"
      },
      "geometry": {
        "type": "Point",
        "coordinates": [
          106.6992888,
          10.7587259
        ]
      }
    },
    {
      "type": "Feature",
      "id": "node/11775251415",
      "properties": {
        "name": "Hoàng Diệu",
        "category": "bus_stop",
        "osm_id": "node/11775251415",
        "operator": null,
        "osm_url": "https://www.openstreetmap.org/node/11775251415",
        "data_source": "openstreetmap",
        "verified_official": false,
        "position_type": "osm_recorded",
        "last_checked": "2026-10-09"
      },
      "geometry": {
        "type": "Point",
        "coordinates": [
          106.6992888,
          10.7601132
        ]
      }
    },
    {
      "type": "Feature",
      "id": "node/11775251439",
      "properties": {
        "name": "Hoàng Diệu",
        "category": "bus_stop",
        "osm_id": "node/11775251439",
        "operator": null,
        "osm_url": "https://www.openstreetmap.org/node/11775251439",
        "data_source": "openstreetmap",
        "verified_official": false,
        "position_type": "osm_recorded",
        "last_checked": "2026-10-09"
      },
      "geometry": {
        "type": "Point",
        "coordinates": [
          106.6999058,
          10.7607919
        ]
      }
    },
    {
      "type": "Feature",
      "id": "node/11775251445",
      "properties": {
        "name": "Chợ Nga",
        "category": "bus_stop",
        "osm_id": "node/11775251445",
        "operator": null,
        "osm_url": "https://www.openstreetmap.org/node/11775251445",
        "data_source": "openstreetmap",
        "verified_official": false,
        "position_type": "osm_recorded",
        "last_checked": "2026-10-09"
      },
      "geometry": {
        "type": "Point",
        "coordinates": [
          106.6962616,
          10.7617427
        ]
      }
    },
    {
      "type": "Feature",
      "id": "node/11775271671",
      "properties": {
        "name": "Chợ Nga",
        "category": "bus_stop",
        "osm_id": "node/11775271671",
        "operator": null,
        "osm_url": "https://www.openstreetmap.org/node/11775271671",
        "data_source": "openstreetmap",
        "verified_official": false,
        "position_type": "osm_recorded",
        "last_checked": "2026-10-09"
      },
      "geometry": {
        "type": "Point",
        "coordinates": [
          106.6966726,
          10.7618691
        ]
      }
    },
    {
      "type": "Feature",
      "id": "node/11775484700",
      "properties": {
        "name": "Công viên Dạ cầu Sài Gòn",
        "category": "bus_stop",
        "osm_id": "node/11775484700",
        "operator": null,
        "osm_url": "https://www.openstreetmap.org/node/11775484700",
        "data_source": "openstreetmap",
        "verified_official": false,
        "position_type": "osm_recorded",
        "last_checked": "2026-10-09"
      },
      "geometry": {
        "type": "Point",
        "coordinates": [
          106.7320905,
          10.7983982
        ]
      }
    },
    {
      "type": "Feature",
      "id": "node/11775484703",
      "properties": {
        "name": "Chùa Diệu Giác",
        "category": "bus_stop",
        "osm_id": "node/11775484703",
        "operator": null,
        "osm_url": "https://www.openstreetmap.org/node/11775484703",
        "data_source": "openstreetmap",
        "verified_official": false,
        "position_type": "osm_recorded",
        "last_checked": "2026-10-09"
      },
      "geometry": {
        "type": "Point",
        "coordinates": [
          106.7298109,
          10.7885785
        ]
      }
    },
    {
      "type": "Feature",
      "id": "node/11775484704",
      "properties": {
        "name": "Lương Đình Của",
        "category": "bus_stop",
        "osm_id": "node/11775484704",
        "operator": null,
        "osm_url": "https://www.openstreetmap.org/node/11775484704",
        "data_source": "openstreetmap",
        "verified_official": false,
        "position_type": "osm_recorded",
        "last_checked": "2026-10-09"
      },
      "geometry": {
        "type": "Point",
        "coordinates": [
          106.7293944,
          10.7860031
        ]
      }
    },
    {
      "type": "Feature",
      "id": "node/11775484705",
      "properties": {
        "name": "Trần Não",
        "category": "bus_stop",
        "osm_id": "node/11775484705",
        "operator": null,
        "osm_url": "https://www.openstreetmap.org/node/11775484705",
        "data_source": "openstreetmap",
        "verified_official": false,
        "position_type": "osm_recorded",
        "last_checked": "2026-10-09"
      },
      "geometry": {
        "type": "Point",
        "coordinates": [
          106.7304684,
          10.7855187
        ]
      }
    },
    {
      "type": "Feature",
      "id": "node/11775484706",
      "properties": {
        "name": "Đình Bình Khánh",
        "category": "bus_stop",
        "osm_id": "node/11775484706",
        "operator": null,
        "osm_url": "https://www.openstreetmap.org/node/11775484706",
        "data_source": "openstreetmap",
        "verified_official": false,
        "position_type": "osm_recorded",
        "last_checked": "2026-10-09"
      },
      "geometry": {
        "type": "Point",
        "coordinates": [
          106.7326576,
          10.7867761
        ]
      }
    },
    {
      "type": "Feature",
      "id": "node/11775484707",
      "properties": {
        "name": "Đường số 8",
        "category": "bus_stop",
        "osm_id": "node/11775484707",
        "operator": null,
        "osm_url": "https://www.openstreetmap.org/node/11775484707",
        "data_source": "openstreetmap",
        "verified_official": false,
        "position_type": "osm_recorded",
        "last_checked": "2026-10-09"
      },
      "geometry": {
        "type": "Point",
        "coordinates": [
          106.7363877,
          10.7886859
        ]
      }
    },
    {
      "type": "Feature",
      "id": "node/11775484709",
      "properties": {
        "name": "Cầu Ông Tranh",
        "category": "bus_stop",
        "osm_id": "node/11775484709",
        "operator": null,
        "osm_url": "https://www.openstreetmap.org/node/11775484709",
        "data_source": "openstreetmap",
        "verified_official": false,
        "position_type": "osm_recorded",
        "last_checked": "2026-10-09"
      },
      "geometry": {
        "type": "Point",
        "coordinates": [
          106.7416979,
          10.7901271
        ]
      }
    },
    {
      "type": "Feature",
      "id": "node/11775484710",
      "properties": {
        "name": "Siêu thị Chợ Lớn",
        "category": "bus_stop",
        "osm_id": "node/11775484710",
        "operator": null,
        "osm_url": "https://www.openstreetmap.org/node/11775484710",
        "data_source": "openstreetmap",
        "verified_official": false,
        "position_type": "osm_recorded",
        "last_checked": "2026-10-09"
      },
      "geometry": {
        "type": "Point",
        "coordinates": [
          106.7446155,
          10.7907858
        ]
      }
    },
    {
      "type": "Feature",
      "id": "node/11775484711",
      "properties": {
        "name": "Phòng Đào tạo Quận 2",
        "category": "bus_stop",
        "osm_id": "node/11775484711",
        "operator": null,
        "osm_url": "https://www.openstreetmap.org/node/11775484711",
        "data_source": "openstreetmap",
        "verified_official": false,
        "position_type": "osm_recorded",
        "last_checked": "2026-10-09"
      },
      "geometry": {
        "type": "Point",
        "coordinates": [
          106.7498982,
          10.7918906
        ]
      }
    },
    {
      "type": "Feature",
      "id": "node/11775484713",
      "properties": {
        "name": "Trường Cấp 3 Giồng Ông Tố",
        "category": "bus_stop",
        "osm_id": "node/11775484713",
        "operator": null,
        "osm_url": "https://www.openstreetmap.org/node/11775484713",
        "data_source": "openstreetmap",
        "verified_official": false,
        "position_type": "osm_recorded",
        "last_checked": "2026-10-09"
      },
      "geometry": {
        "type": "Point",
        "coordinates": [
          106.7573687,
          10.7846712
        ]
      }
    },
    {
      "type": "Feature",
      "id": "node/11775484714",
      "properties": {
        "name": "Trung tâm Y tế Dự phòng Quận 2",
        "category": "bus_stop",
        "osm_id": "node/11775484714",
        "operator": null,
        "osm_url": "https://www.openstreetmap.org/node/11775484714",
        "data_source": "openstreetmap",
        "verified_official": false,
        "position_type": "osm_recorded",
        "last_checked": "2026-10-09"
      },
      "geometry": {
        "type": "Point",
        "coordinates": [
          106.7594544,
          10.7825098
        ]
      }
    },
    {
      "type": "Feature",
      "id": "node/11775484715",
      "properties": {
        "name": "Trung tâm dạy nghề Quận 2",
        "category": "bus_stop",
        "osm_id": "node/11775484715",
        "operator": null,
        "osm_url": "https://www.openstreetmap.org/node/11775484715",
        "data_source": "openstreetmap",
        "verified_official": false,
        "position_type": "osm_recorded",
        "last_checked": "2026-10-09"
      },
      "geometry": {
        "type": "Point",
        "coordinates": [
          106.7629808,
          10.7794828
        ]
      }
    },
    {
      "type": "Feature",
      "id": "node/11775484718",
      "properties": {
        "name": "Đường số 10",
        "category": "bus_stop",
        "osm_id": "node/11775484718",
        "operator": null,
        "osm_url": "https://www.openstreetmap.org/node/11775484718",
        "data_source": "openstreetmap",
        "verified_official": false,
        "position_type": "osm_recorded",
        "last_checked": "2026-10-09"
      },
      "geometry": {
        "type": "Point",
        "coordinates": [
          106.7643989,
          10.7778439
        ]
      }
    },
    {
      "type": "Feature",
      "id": "node/11775484719",
      "properties": {
        "name": "Trung tâm Dạy nghề Quận 2",
        "category": "bus_stop",
        "osm_id": "node/11775484719",
        "operator": null,
        "osm_url": "https://www.openstreetmap.org/node/11775484719",
        "data_source": "openstreetmap",
        "verified_official": false,
        "position_type": "osm_recorded",
        "last_checked": "2026-10-09"
      },
      "geometry": {
        "type": "Point",
        "coordinates": [
          106.7625963,
          10.7801147
        ]
      }
    },
    {
      "type": "Feature",
      "id": "node/11775484720",
      "properties": {
        "name": "Trung tâm Y tế Dự phòng Quận 2",
        "category": "bus_stop",
        "osm_id": "node/11775484720",
        "operator": null,
        "osm_url": "https://www.openstreetmap.org/node/11775484720",
        "data_source": "openstreetmap",
        "verified_official": false,
        "position_type": "osm_recorded",
        "last_checked": "2026-10-09"
      },
      "geometry": {
        "type": "Point",
        "coordinates": [
          106.7596503,
          10.7825549
        ]
      }
    },
    {
      "type": "Feature",
      "id": "node/11775484722",
      "properties": {
        "name": "Chùa Thái Nguyên",
        "category": "bus_stop",
        "osm_id": "node/11775484722",
        "operator": null,
        "osm_url": "https://www.openstreetmap.org/node/11775484722",
        "data_source": "openstreetmap",
        "verified_official": false,
        "position_type": "osm_recorded",
        "last_checked": "2026-10-09"
      },
      "geometry": {
        "type": "Point",
        "coordinates": [
          106.7556935,
          10.7874633
        ]
      }
    },
    {
      "type": "Feature",
      "id": "node/11775484723",
      "properties": {
        "name": "Phòng Đào tạo Quận 2",
        "category": "bus_stop",
        "osm_id": "node/11775484723",
        "operator": null,
        "osm_url": "https://www.openstreetmap.org/node/11775484723",
        "data_source": "openstreetmap",
        "verified_official": false,
        "position_type": "osm_recorded",
        "last_checked": "2026-10-09"
      },
      "geometry": {
        "type": "Point",
        "coordinates": [
          106.7494447,
          10.7919567
        ]
      }
    },
    {
      "type": "Feature",
      "id": "node/11775484724",
      "properties": {
        "name": "Siêu thị Chợ Lớn",
        "category": "bus_stop",
        "osm_id": "node/11775484724",
        "operator": null,
        "osm_url": "https://www.openstreetmap.org/node/11775484724",
        "data_source": "openstreetmap",
        "verified_official": false,
        "position_type": "osm_recorded",
        "last_checked": "2026-10-09"
      },
      "geometry": {
        "type": "Point",
        "coordinates": [
          106.7451878,
          10.7910695
        ]
      }
    },
    {
      "type": "Feature",
      "id": "node/11775484726",
      "properties": {
        "name": "Chùa Huệ Nghiêm",
        "category": "bus_stop",
        "osm_id": "node/11775484726",
        "operator": null,
        "osm_url": "https://www.openstreetmap.org/node/11775484726",
        "data_source": "openstreetmap",
        "verified_official": false,
        "position_type": "osm_recorded",
        "last_checked": "2026-10-09"
      },
      "geometry": {
        "type": "Point",
        "coordinates": [
          106.7383727,
          10.7896405
        ]
      }
    },
    {
      "type": "Feature",
      "id": "node/11775484727",
      "properties": {
        "name": "Đường số 8",
        "category": "bus_stop",
        "osm_id": "node/11775484727",
        "operator": null,
        "osm_url": "https://www.openstreetmap.org/node/11775484727",
        "data_source": "openstreetmap",
        "verified_official": false,
        "position_type": "osm_recorded",
        "last_checked": "2026-10-09"
      },
      "geometry": {
        "type": "Point",
        "coordinates": [
          106.7352337,
          10.7883265
        ]
      }
    },
    {
      "type": "Feature",
      "id": "node/11775484728",
      "properties": {
        "name": "Đình Bình Khánh",
        "category": "bus_stop",
        "osm_id": "node/11775484728",
        "operator": null,
        "osm_url": "https://www.openstreetmap.org/node/11775484728",
        "data_source": "openstreetmap",
        "verified_official": false,
        "position_type": "osm_recorded",
        "last_checked": "2026-10-09"
      },
      "geometry": {
        "type": "Point",
        "coordinates": [
          106.7328953,
          10.7871036
        ]
      }
    },
    {
      "type": "Feature",
      "id": "node/11775484729",
      "properties": {
        "name": "Trần Não",
        "category": "bus_stop",
        "osm_id": "node/11775484729",
        "operator": null,
        "osm_url": "https://www.openstreetmap.org/node/11775484729",
        "data_source": "openstreetmap",
        "verified_official": false,
        "position_type": "osm_recorded",
        "last_checked": "2026-10-09"
      },
      "geometry": {
        "type": "Point",
        "coordinates": [
          106.7299955,
          10.785593
        ]
      }
    },
    {
      "type": "Feature",
      "id": "node/11775484730",
      "properties": {
        "name": "Lương Đình Của",
        "category": "bus_stop",
        "osm_id": "node/11775484730",
        "operator": null,
        "osm_url": "https://www.openstreetmap.org/node/11775484730",
        "data_source": "openstreetmap",
        "verified_official": false,
        "position_type": "osm_recorded",
        "last_checked": "2026-10-09"
      },
      "geometry": {
        "type": "Point",
        "coordinates": [
          106.7296132,
          10.7859487
        ]
      }
    },
    {
      "type": "Feature",
      "id": "node/11775484731",
      "properties": {
        "name": "Chùa Diệu Giác",
        "category": "bus_stop",
        "osm_id": "node/11775484731",
        "operator": null,
        "osm_url": "https://www.openstreetmap.org/node/11775484731",
        "data_source": "openstreetmap",
        "verified_official": false,
        "position_type": "osm_recorded",
        "last_checked": "2026-10-09"
      },
      "geometry": {
        "type": "Point",
        "coordinates": [
          106.7301317,
          10.7889517
        ]
      }
    },
    {
      "type": "Feature",
      "id": "node/11775484733",
      "properties": {
        "name": "Nhà sách An Bình",
        "category": "bus_stop",
        "osm_id": "node/11775484733",
        "operator": null,
        "osm_url": "https://www.openstreetmap.org/node/11775484733",
        "data_source": "openstreetmap",
        "verified_official": false,
        "position_type": "osm_recorded",
        "last_checked": "2026-10-09"
      },
      "geometry": {
        "type": "Point",
        "coordinates": [
          106.7313891,
          10.7962673
        ]
      }
    },
    {
      "type": "Feature",
      "id": "node/11775484734",
      "properties": {
        "name": "Đường Quốc Hương",
        "category": "bus_stop",
        "osm_id": "node/11775484734",
        "operator": null,
        "osm_url": "https://www.openstreetmap.org/node/11775484734",
        "data_source": "openstreetmap",
        "verified_official": false,
        "position_type": "osm_recorded",
        "last_checked": "2026-10-09"
      },
      "geometry": {
        "type": "Point",
        "coordinates": [
          106.7319048,
          10.8006036
        ]
      }
    },
    {
      "type": "Feature",
      "id": "node/11775484735",
      "properties": {
        "name": "Bến xe Kho Muối",
        "category": "bus_stop",
        "osm_id": "node/11775484735",
        "operator": null,
        "osm_url": "https://www.openstreetmap.org/node/11775484735",
        "data_source": "openstreetmap",
        "verified_official": false,
        "position_type": "osm_recorded",
        "last_checked": "2026-10-09"
      },
      "geometry": {
        "type": "Point",
        "coordinates": [
          106.7017914,
          10.7530415
        ]
      }
    },
    {
      "type": "Feature",
      "id": "node/11775484737",
      "properties": {
        "name": "UBND Phường 4",
        "category": "bus_stop",
        "osm_id": "node/11775484737",
        "operator": null,
        "osm_url": "https://www.openstreetmap.org/node/11775484737",
        "data_source": "openstreetmap",
        "verified_official": false,
        "position_type": "osm_recorded",
        "last_checked": "2026-10-09"
      },
      "geometry": {
        "type": "Point",
        "coordinates": [
          106.7034638,
          10.7531232
        ]
      }
    },
    {
      "type": "Feature",
      "id": "node/11775484738",
      "properties": {
        "name": "Tôn Đản",
        "category": "bus_stop",
        "osm_id": "node/11775484738",
        "operator": null,
        "osm_url": "https://www.openstreetmap.org/node/11775484738",
        "data_source": "openstreetmap",
        "verified_official": false,
        "position_type": "osm_recorded",
        "last_checked": "2026-10-09"
      },
      "geometry": {
        "type": "Point",
        "coordinates": [
          106.705753,
          10.755042
        ]
      }
    },
    {
      "type": "Feature",
      "id": "node/11775484739",
      "properties": {
        "name": "Tôn Đản",
        "category": "bus_stop",
        "osm_id": "node/11775484739",
        "operator": null,
        "osm_url": "https://www.openstreetmap.org/node/11775484739",
        "data_source": "openstreetmap",
        "verified_official": false,
        "position_type": "osm_recorded",
        "last_checked": "2026-10-09"
      },
      "geometry": {
        "type": "Point",
        "coordinates": [
          106.7053328,
          10.7561706
        ]
      }
    },
    {
      "type": "Feature",
      "id": "node/11775484740",
      "properties": {
        "name": "Nhà thuốc Hữu Nghị",
        "category": "bus_stop",
        "osm_id": "node/11775484740",
        "operator": null,
        "osm_url": "https://www.openstreetmap.org/node/11775484740",
        "data_source": "openstreetmap",
        "verified_official": false,
        "position_type": "osm_recorded",
        "last_checked": "2026-10-09"
      },
      "geometry": {
        "type": "Point",
        "coordinates": [
          106.7030529,
          10.7561442
        ]
      }
    },
    {
      "type": "Feature",
      "id": "node/11775484741",
      "properties": {
        "name": "Đường 11",
        "category": "bus_stop",
        "osm_id": "node/11775484741",
        "operator": null,
        "osm_url": "https://www.openstreetmap.org/node/11775484741",
        "data_source": "openstreetmap",
        "verified_official": false,
        "position_type": "osm_recorded",
        "last_checked": "2026-10-09"
      },
      "geometry": {
        "type": "Point",
        "coordinates": [
          106.7021463,
          10.7567187
        ]
      }
    },
    {
      "type": "Feature",
      "id": "node/11775484742",
      "properties": {
        "name": "Trường Chính trị Quận 4",
        "category": "bus_stop",
        "osm_id": "node/11775484742",
        "operator": null,
        "osm_url": "https://www.openstreetmap.org/node/11775484742",
        "data_source": "openstreetmap",
        "verified_official": false,
        "position_type": "osm_recorded",
        "last_checked": "2026-10-09"
      },
      "geometry": {
        "type": "Point",
        "coordinates": [
          106.7001346,
          10.7594816
        ]
      }
    },
    {
      "type": "Feature",
      "id": "node/11775484743",
      "properties": {
        "name": "Lê Thị Hồng Gấm",
        "category": "bus_stop",
        "osm_id": "node/11775484743",
        "operator": null,
        "osm_url": "https://www.openstreetmap.org/node/11775484743",
        "data_source": "openstreetmap",
        "verified_official": false,
        "position_type": "osm_recorded",
        "last_checked": "2026-10-09"
      },
      "geometry": {
        "type": "Point",
        "coordinates": [
          106.698333,
          10.7691258
        ]
      }
    },
    {
      "type": "Feature",
      "id": "node/11775484744",
      "properties": {
        "name": "TTTM Vincom",
        "category": "bus_stop",
        "osm_id": "node/11775484744",
        "operator": null,
        "osm_url": "https://www.openstreetmap.org/node/11775484744",
        "data_source": "openstreetmap",
        "verified_official": false,
        "position_type": "osm_recorded",
        "last_checked": "2026-10-09"
      },
      "geometry": {
        "type": "Point",
        "coordinates": [
          106.7016647,
          10.7785767
        ]
      }
    },
    {
      "type": "Feature",
      "id": "node/11775484745",
      "properties": {
        "name": "Bệnh viện Nhi đồng 2",
        "category": "bus_stop",
        "osm_id": "node/11775484745",
        "operator": null,
        "osm_url": "https://www.openstreetmap.org/node/11775484745",
        "data_source": "openstreetmap",
        "verified_official": false,
        "position_type": "osm_recorded",
        "last_checked": "2026-10-09"
      },
      "geometry": {
        "type": "Point",
        "coordinates": [
          106.7036308,
          10.7807246
        ]
      }
    },
    {
      "type": "Feature",
      "id": "node/11775484746",
      "properties": {
        "name": "Ba Son",
        "category": "bus_stop",
        "osm_id": "node/11775484746",
        "operator": null,
        "osm_url": "https://www.openstreetmap.org/node/11775484746",
        "data_source": "openstreetmap",
        "verified_official": false,
        "position_type": "osm_recorded",
        "last_checked": "2026-10-09"
      },
      "geometry": {
        "type": "Point",
        "coordinates": [
          106.7068305,
          10.7815207
        ]
      }
    },
    {
      "type": "Feature",
      "id": "node/11775484747",
      "properties": {
        "name": "Ba Son",
        "category": "bus_stop",
        "osm_id": "node/11775484747",
        "operator": null,
        "osm_url": "https://www.openstreetmap.org/node/11775484747",
        "data_source": "openstreetmap",
        "verified_official": false,
        "position_type": "osm_recorded",
        "last_checked": "2026-10-09"
      },
      "geometry": {
        "type": "Point",
        "coordinates": [
          106.7071024,
          10.7818263
        ]
      }
    },
    {
      "type": "Feature",
      "id": "node/11775484749",
      "properties": {
        "name": "Cầu vượt Thủ Thiêm",
        "category": "bus_stop",
        "osm_id": "node/11775484749",
        "operator": null,
        "osm_url": "https://www.openstreetmap.org/node/11775484749",
        "data_source": "openstreetmap",
        "verified_official": false,
        "position_type": "osm_recorded",
        "last_checked": "2026-10-09"
      },
      "geometry": {
        "type": "Point",
        "coordinates": [
          106.7149161,
          10.7910262
        ]
      }
    },
    {
      "type": "Feature",
      "id": "node/11775484750",
      "properties": {
        "name": "Trường Trung học Cơ sở Phú Mỹ",
        "category": "bus_stop",
        "osm_id": "node/11775484750",
        "operator": null,
        "osm_url": "https://www.openstreetmap.org/node/11775484750",
        "data_source": "openstreetmap",
        "verified_official": false,
        "position_type": "osm_recorded",
        "last_checked": "2026-10-09"
      },
      "geometry": {
        "type": "Point",
        "coordinates": [
          106.7122038,
          10.7926229
        ]
      }
    },
    {
      "type": "Feature",
      "id": "node/11775484751",
      "properties": {
        "name": "Đại học Tôn Đức Thắng",
        "category": "bus_stop",
        "osm_id": "node/11775484751",
        "operator": null,
        "osm_url": "https://www.openstreetmap.org/node/11775484751",
        "data_source": "openstreetmap",
        "verified_official": false,
        "position_type": "osm_recorded",
        "last_checked": "2026-10-09"
      },
      "geometry": {
        "type": "Point",
        "coordinates": [
          106.7097592,
          10.7932772
        ]
      }
    },
    {
      "type": "Feature",
      "id": "node/11775484752",
      "properties": {
        "name": "Trường Khiếm thính Hy Vọng",
        "category": "bus_stop",
        "osm_id": "node/11775484752",
        "operator": null,
        "osm_url": "https://www.openstreetmap.org/node/11775484752",
        "data_source": "openstreetmap",
        "verified_official": false,
        "position_type": "osm_recorded",
        "last_checked": "2026-10-09"
      },
      "geometry": {
        "type": "Point",
        "coordinates": [
          106.709637,
          10.7941716
        ]
      }
    },
    {
      "type": "Feature",
      "id": "node/11775484754",
      "properties": {
        "name": "CoopMart Cầu Kinh",
        "category": "bus_stop",
        "osm_id": "node/11775484754",
        "operator": null,
        "osm_url": "https://www.openstreetmap.org/node/11775484754",
        "data_source": "openstreetmap",
        "verified_official": false,
        "position_type": "osm_recorded",
        "last_checked": "2026-10-09"
      },
      "geometry": {
        "type": "Point",
        "coordinates": [
          106.7153748,
          10.8122748
        ]
      }
    },
    {
      "type": "Feature",
      "id": "node/11775484756",
      "properties": {
        "name": "Chung cư Thanh Đa",
        "category": "bus_stop",
        "osm_id": "node/11775484756",
        "operator": null,
        "osm_url": "https://www.openstreetmap.org/node/11775484756",
        "data_source": "openstreetmap",
        "verified_official": false,
        "position_type": "osm_recorded",
        "last_checked": "2026-10-09"
      },
      "geometry": {
        "type": "Point",
        "coordinates": [
          106.7226213,
          10.8180686
        ]
      }
    },
    {
      "type": "Feature",
      "id": "node/11775484757",
      "properties": {
        "name": "Trung tâm TDTT Thanh Đa",
        "category": "bus_stop",
        "osm_id": "node/11775484757",
        "operator": null,
        "osm_url": "https://www.openstreetmap.org/node/11775484757",
        "data_source": "openstreetmap",
        "verified_official": false,
        "position_type": "osm_recorded",
        "last_checked": "2026-10-09"
      },
      "geometry": {
        "type": "Point",
        "coordinates": [
          106.7269284,
          10.8204165
        ]
      }
    },
    {
      "type": "Feature",
      "id": "node/11775484758",
      "properties": {
        "name": "Hồ bơi Misha",
        "category": "bus_stop",
        "osm_id": "node/11775484758",
        "operator": null,
        "osm_url": "https://www.openstreetmap.org/node/11775484758",
        "data_source": "openstreetmap",
        "verified_official": false,
        "position_type": "osm_recorded",
        "last_checked": "2026-10-09"
      },
      "geometry": {
        "type": "Point",
        "coordinates": [
          106.7287066,
          10.821388
        ]
      }
    },
    {
      "type": "Feature",
      "id": "node/11775484759",
      "properties": {
        "name": "Trung tâm Cai nghiện Ma túy - 330 Bình Quới",
        "category": "bus_stop",
        "osm_id": "node/11775484759",
        "operator": null,
        "osm_url": "https://www.openstreetmap.org/node/11775484759",
        "data_source": "openstreetmap",
        "verified_official": false,
        "position_type": "osm_recorded",
        "last_checked": "2026-10-09"
      },
      "geometry": {
        "type": "Point",
        "coordinates": [
          106.7308336,
          10.8225999
        ]
      }
    },
    {
      "type": "Feature",
      "id": "node/11775484760",
      "properties": {
        "name": "UBND Phường 28, Quận Bình Thạnh",
        "category": "bus_stop",
        "osm_id": "node/11775484760",
        "operator": null,
        "osm_url": "https://www.openstreetmap.org/node/11775484760",
        "data_source": "openstreetmap",
        "verified_official": false,
        "position_type": "osm_recorded",
        "last_checked": "2026-10-09"
      },
      "geometry": {
        "type": "Point",
        "coordinates": [
          106.7332612,
          10.8242336
        ]
      }
    },
    {
      "type": "Feature",
      "id": "node/11775484768",
      "properties": {
        "name": "UBND Quận 28, Phường Bình Thạnh",
        "category": "bus_stop",
        "osm_id": "node/11775484768",
        "operator": null,
        "osm_url": "https://www.openstreetmap.org/node/11775484768",
        "data_source": "openstreetmap",
        "verified_official": false,
        "position_type": "osm_recorded",
        "last_checked": "2026-10-09"
      },
      "geometry": {
        "type": "Point",
        "coordinates": [
          106.7330169,
          10.8241401
        ]
      }
    },
    {
      "type": "Feature",
      "id": "node/11775511369",
      "properties": {
        "name": "Trung tâm Cai nghiện Ma túy - 1051 Bình Quới",
        "category": "bus_stop",
        "osm_id": "node/11775511369",
        "operator": null,
        "osm_url": "https://www.openstreetmap.org/node/11775511369",
        "data_source": "openstreetmap",
        "verified_official": false,
        "position_type": "osm_recorded",
        "last_checked": "2026-10-09"
      },
      "geometry": {
        "type": "Point",
        "coordinates": [
          106.7301708,
          10.8223084
        ]
      }
    },
    {
      "type": "Feature",
      "id": "node/11775511370",
      "properties": {
        "name": "Cư xá Thanh Đa",
        "category": "bus_stop",
        "osm_id": "node/11775511370",
        "operator": null,
        "osm_url": "https://www.openstreetmap.org/node/11775511370",
        "data_source": "openstreetmap",
        "verified_official": false,
        "position_type": "osm_recorded",
        "last_checked": "2026-10-09"
      },
      "geometry": {
        "type": "Point",
        "coordinates": [
          106.7285279,
          10.8213776
        ]
      }
    },
    {
      "type": "Feature",
      "id": "node/11775511371",
      "properties": {
        "name": "Trung tâm TDTT Thanh Đa",
        "category": "bus_stop",
        "osm_id": "node/11775511371",
        "operator": null,
        "osm_url": "https://www.openstreetmap.org/node/11775511371",
        "data_source": "openstreetmap",
        "verified_official": false,
        "position_type": "osm_recorded",
        "last_checked": "2026-10-09"
      },
      "geometry": {
        "type": "Point",
        "coordinates": [
          106.7262977,
          10.8201682
        ]
      }
    },
    {
      "type": "Feature",
      "id": "node/11775511372",
      "properties": {
        "name": "Chung cư Thanh Đa",
        "category": "bus_stop",
        "osm_id": "node/11775511372",
        "operator": null,
        "osm_url": "https://www.openstreetmap.org/node/11775511372",
        "data_source": "openstreetmap",
        "verified_official": false,
        "position_type": "osm_recorded",
        "last_checked": "2026-10-09"
      },
      "geometry": {
        "type": "Point",
        "coordinates": [
          106.7227805,
          10.8183058
        ]
      }
    },
    {
      "type": "Feature",
      "id": "node/11775511373",
      "properties": {
        "name": "Chợ Thanh Đa",
        "category": "bus_stop",
        "osm_id": "node/11775511373",
        "operator": null,
        "osm_url": "https://www.openstreetmap.org/node/11775511373",
        "data_source": "openstreetmap",
        "verified_official": false,
        "position_type": "osm_recorded",
        "last_checked": "2026-10-09"
      },
      "geometry": {
        "type": "Point",
        "coordinates": [
          106.7197775,
          10.8167168
        ]
      }
    },
    {
      "type": "Feature",
      "id": "node/11775511374",
      "properties": {
        "name": "CoopMart Cầu Kinh",
        "category": "bus_stop",
        "osm_id": "node/11775511374",
        "operator": null,
        "osm_url": "https://www.openstreetmap.org/node/11775511374",
        "data_source": "openstreetmap",
        "verified_official": false,
        "position_type": "osm_recorded",
        "last_checked": "2026-10-09"
      },
      "geometry": {
        "type": "Point",
        "coordinates": [
          106.7151731,
          10.8123579
        ]
      }
    },
    {
      "type": "Feature",
      "id": "node/11775511375",
      "properties": {
        "name": "Chùa Bửu Liên",
        "category": "bus_stop",
        "osm_id": "node/11775511375",
        "operator": null,
        "osm_url": "https://www.openstreetmap.org/node/11775511375",
        "data_source": "openstreetmap",
        "verified_official": false,
        "position_type": "osm_recorded",
        "last_checked": "2026-10-09"
      },
      "geometry": {
        "type": "Point",
        "coordinates": [
          106.7134767,
          10.810846
        ]
      }
    },
    {
      "type": "Feature",
      "id": "node/11775511376",
      "properties": {
        "name": "Ngã tư D2",
        "category": "bus_stop",
        "osm_id": "node/11775511376",
        "operator": null,
        "osm_url": "https://www.openstreetmap.org/node/11775511376",
        "data_source": "openstreetmap",
        "verified_official": false,
        "position_type": "osm_recorded",
        "last_checked": "2026-10-09"
      },
      "geometry": {
        "type": "Point",
        "coordinates": [
          106.7168432,
          10.8074106
        ]
      }
    },
    {
      "type": "Feature",
      "id": "node/11775511377",
      "properties": {
        "name": "Ngã ba Cảng Than",
        "category": "bus_stop",
        "osm_id": "node/11775511377",
        "operator": null,
        "osm_url": "https://www.openstreetmap.org/node/11775511377",
        "data_source": "openstreetmap",
        "verified_official": false,
        "position_type": "osm_recorded",
        "last_checked": "2026-10-09"
      },
      "geometry": {
        "type": "Point",
        "coordinates": [
          106.720868,
          10.8054934
        ]
      }
    },
    {
      "type": "Feature",
      "id": "node/11775511378",
      "properties": {
        "name": "Trường Trung học phổ thông Hồng Đức",
        "category": "bus_stop",
        "osm_id": "node/11775511378",
        "operator": null,
        "osm_url": "https://www.openstreetmap.org/node/11775511378",
        "data_source": "openstreetmap",
        "verified_official": false,
        "position_type": "osm_recorded",
        "last_checked": "2026-10-09"
      },
      "geometry": {
        "type": "Point",
        "coordinates": [
          106.7206453,
          10.8034089
        ]
      }
    },
    {
      "type": "Feature",
      "id": "node/11775511379",
      "properties": {
        "name": "Chợ Văn Thánh",
        "category": "bus_stop",
        "osm_id": "node/11775511379",
        "operator": null,
        "osm_url": "https://www.openstreetmap.org/node/11775511379",
        "data_source": "openstreetmap",
        "verified_official": false,
        "position_type": "osm_recorded",
        "last_checked": "2026-10-09"
      },
      "geometry": {
        "type": "Point",
        "coordinates": [
          106.7187263,
          10.8013437
        ]
      }
    },
    {
      "type": "Feature",
      "id": "node/11775511380",
      "properties": {
        "name": "Trường Khiếm thính Hy Vọng",
        "category": "bus_stop",
        "osm_id": "node/11775511380",
        "operator": null,
        "osm_url": "https://www.openstreetmap.org/node/11775511380",
        "data_source": "openstreetmap",
        "verified_official": false,
        "position_type": "osm_recorded",
        "last_checked": "2026-10-09"
      },
      "geometry": {
        "type": "Point",
        "coordinates": [
          106.7097892,
          10.7948167
        ]
      }
    },
    {
      "type": "Feature",
      "id": "node/11775511381",
      "properties": {
        "name": "Đại học Tôn Đức Thánh",
        "category": "bus_stop",
        "osm_id": "node/11775511381",
        "operator": null,
        "osm_url": "https://www.openstreetmap.org/node/11775511381",
        "data_source": "openstreetmap",
        "verified_official": false,
        "position_type": "osm_recorded",
        "last_checked": "2026-10-09"
      },
      "geometry": {
        "type": "Point",
        "coordinates": [
          106.7100381,
          10.7931279
        ]
      }
    },
    {
      "type": "Feature",
      "id": "node/11775511382",
      "properties": {
        "name": "Trường Trung học cơ sở Phú Mỹ",
        "category": "bus_stop",
        "osm_id": "node/11775511382",
        "operator": null,
        "osm_url": "https://www.openstreetmap.org/node/11775511382",
        "data_source": "openstreetmap",
        "verified_official": false,
        "position_type": "osm_recorded",
        "last_checked": "2026-10-09"
      },
      "geometry": {
        "type": "Point",
        "coordinates": [
          106.7121537,
          10.7925488
        ]
      }
    },
    {
      "type": "Feature",
      "id": "node/11775511383",
      "properties": {
        "name": "Cầu vượt Thủ Thiêm",
        "category": "bus_stop",
        "osm_id": "node/11775511383",
        "operator": null,
        "osm_url": "https://www.openstreetmap.org/node/11775511383",
        "data_source": "openstreetmap",
        "verified_official": false,
        "position_type": "osm_recorded",
        "last_checked": "2026-10-09"
      },
      "geometry": {
        "type": "Point",
        "coordinates": [
          106.714839,
          10.790905
        ]
      }
    },
    {
      "type": "Feature",
      "id": "node/11775511384",
      "properties": {
        "name": "TTTM Sài Gòn",
        "category": "bus_stop",
        "osm_id": "node/11775511384",
        "operator": null,
        "osm_url": "https://www.openstreetmap.org/node/11775511384",
        "data_source": "openstreetmap",
        "verified_official": false,
        "position_type": "osm_recorded",
        "last_checked": "2026-10-09"
      },
      "geometry": {
        "type": "Point",
        "coordinates": [
          106.7043628,
          10.7838212
        ]
      }
    },
    {
      "type": "Feature",
      "id": "node/11775511385",
      "properties": {
        "name": "Chu Mạnh Trinh",
        "category": "bus_stop",
        "osm_id": "node/11775511385",
        "operator": null,
        "osm_url": "https://www.openstreetmap.org/node/11775511385",
        "data_source": "openstreetmap",
        "verified_official": false,
        "position_type": "osm_recorded",
        "last_checked": "2026-10-09"
      },
      "geometry": {
        "type": "Point",
        "coordinates": [
          106.7049261,
          10.780897
        ]
      }
    },
    {
      "type": "Feature",
      "id": "node/11775511386",
      "properties": {
        "name": "Sở Kế hoạch và Đầu tư",
        "category": "bus_stop",
        "osm_id": "node/11775511386",
        "operator": null,
        "osm_url": "https://www.openstreetmap.org/node/11775511386",
        "data_source": "openstreetmap",
        "verified_official": false,
        "position_type": "osm_recorded",
        "last_checked": "2026-10-09"
      },
      "geometry": {
        "type": "Point",
        "coordinates": [
          106.7032821,
          10.7790053
        ]
      }
    },
    {
      "type": "Feature",
      "id": "node/11775511387",
      "properties": {
        "name": "Vincom Center Đồng Khởi - 72 Lê Thánh Tôn",
        "category": "bus_stop",
        "osm_id": "node/11775511387",
        "operator": null,
        "osm_url": "https://www.openstreetmap.org/node/11775511387",
        "data_source": "openstreetmap",
        "verified_official": false,
        "position_type": "osm_recorded",
        "last_checked": "2026-10-09"
      },
      "geometry": {
        "type": "Point",
        "coordinates": [
          106.702246,
          10.7778204
        ]
      }
    },
    {
      "type": "Feature",
      "id": "node/11775511388",
      "properties": {
        "name": "Phố đi bộ Nguyễn Huệ",
        "category": "bus_stop",
        "osm_id": "node/11775511388",
        "operator": null,
        "osm_url": "https://www.openstreetmap.org/node/11775511388",
        "data_source": "openstreetmap",
        "verified_official": false,
        "position_type": "osm_recorded",
        "last_checked": "2026-10-09"
      },
      "geometry": {
        "type": "Point",
        "coordinates": [
          106.7001378,
          10.7754135
        ]
      }
    },
    {
      "type": "Feature",
      "id": "node/11775511389",
      "properties": {
        "name": "Chùa Giác Nguyên",
        "category": "bus_stop",
        "osm_id": "node/11775511389",
        "operator": null,
        "osm_url": "https://www.openstreetmap.org/node/11775511389",
        "data_source": "openstreetmap",
        "verified_official": false,
        "position_type": "osm_recorded",
        "last_checked": "2026-10-09"
      },
      "geometry": {
        "type": "Point",
        "coordinates": [
          106.7013879,
          10.759287
        ]
      }
    },
    {
      "type": "Feature",
      "id": "node/11775511390",
      "properties": {
        "name": "Hồ bơi Quận 4",
        "category": "bus_stop",
        "osm_id": "node/11775511390",
        "operator": null,
        "osm_url": "https://www.openstreetmap.org/node/11775511390",
        "data_source": "openstreetmap",
        "verified_official": false,
        "position_type": "osm_recorded",
        "last_checked": "2026-10-09"
      },
      "geometry": {
        "type": "Point",
        "coordinates": [
          106.7014164,
          10.7576123
        ]
      }
    },
    {
      "type": "Feature",
      "id": "node/11775511391",
      "properties": {
        "name": "Nhà thuốc Hữu Nghị",
        "category": "bus_stop",
        "osm_id": "node/11775511391",
        "operator": null,
        "osm_url": "https://www.openstreetmap.org/node/11775511391",
        "data_source": "openstreetmap",
        "verified_official": false,
        "position_type": "osm_recorded",
        "last_checked": "2026-10-09"
      },
      "geometry": {
        "type": "Point",
        "coordinates": [
          106.7030421,
          10.7560605
        ]
      }
    },
    {
      "type": "Feature",
      "id": "node/11775511392",
      "properties": {
        "name": "Tôn Đản",
        "category": "bus_stop",
        "osm_id": "node/11775511392",
        "operator": null,
        "osm_url": "https://www.openstreetmap.org/node/11775511392",
        "data_source": "openstreetmap",
        "verified_official": false,
        "position_type": "osm_recorded",
        "last_checked": "2026-10-09"
      },
      "geometry": {
        "type": "Point",
        "coordinates": [
          106.7051247,
          10.7561037
        ]
      }
    },
    {
      "type": "Feature",
      "id": "node/11775511393",
      "properties": {
        "name": "Tôn Đản",
        "category": "bus_stop",
        "osm_id": "node/11775511393",
        "operator": null,
        "osm_url": "https://www.openstreetmap.org/node/11775511393",
        "data_source": "openstreetmap",
        "verified_official": false,
        "position_type": "osm_recorded",
        "last_checked": "2026-10-09"
      },
      "geometry": {
        "type": "Point",
        "coordinates": [
          106.7057003,
          10.7551001
        ]
      }
    },
    {
      "type": "Feature",
      "id": "node/11775511394",
      "properties": {
        "name": "Công an Phường 4",
        "category": "bus_stop",
        "osm_id": "node/11775511394",
        "operator": null,
        "osm_url": "https://www.openstreetmap.org/node/11775511394",
        "data_source": "openstreetmap",
        "verified_official": false,
        "position_type": "osm_recorded",
        "last_checked": "2026-10-09"
      },
      "geometry": {
        "type": "Point",
        "coordinates": [
          106.7035671,
          10.7532008
        ]
      }
    },
    {
      "type": "Feature",
      "id": "node/11782827570",
      "properties": {
        "name": "Trần Hưng Đạo",
        "category": "bus_stop",
        "osm_id": "node/11782827570",
        "operator": null,
        "osm_url": "https://www.openstreetmap.org/node/11782827570",
        "data_source": "openstreetmap",
        "verified_official": false,
        "position_type": "osm_recorded",
        "last_checked": "2026-10-09"
      },
      "geometry": {
        "type": "Point",
        "coordinates": [
          106.6918772,
          10.7645395
        ]
      }
    },
    {
      "type": "Feature",
      "id": "node/11782827572",
      "properties": {
        "name": "Đại học Hồng Bàng",
        "category": "bus_stop",
        "osm_id": "node/11782827572",
        "operator": null,
        "osm_url": "https://www.openstreetmap.org/node/11782827572",
        "data_source": "openstreetmap",
        "verified_official": false,
        "position_type": "osm_recorded",
        "last_checked": "2026-10-09"
      },
      "geometry": {
        "type": "Point",
        "coordinates": [
          106.7075657,
          10.7999266
        ]
      }
    },
    {
      "type": "Feature",
      "id": "node/11782827573",
      "properties": {
        "name": "Vòng xoay Hàng Xanh",
        "category": "bus_stop",
        "osm_id": "node/11782827573",
        "operator": null,
        "osm_url": "https://www.openstreetmap.org/node/11782827573",
        "data_source": "openstreetmap",
        "verified_official": false,
        "position_type": "osm_recorded",
        "last_checked": "2026-10-09"
      },
      "geometry": {
        "type": "Point",
        "coordinates": [
          106.7099161,
          10.8009117
        ]
      }
    },
    {
      "type": "Feature",
      "id": "node/11782827574",
      "properties": {
        "name": "Vòng xoay Hàng Xanh",
        "category": "bus_stop",
        "osm_id": "node/11782827574",
        "operator": null,
        "osm_url": "https://www.openstreetmap.org/node/11782827574",
        "data_source": "openstreetmap",
        "verified_official": false,
        "position_type": "osm_recorded",
        "last_checked": "2026-10-09"
      },
      "geometry": {
        "type": "Point",
        "coordinates": [
          106.709851,
          10.8014918
        ]
      }
    },
    {
      "type": "Feature",
      "id": "node/11782827577",
      "properties": {
        "name": "Nguyễn Đình Chiểu",
        "category": "bus_stop",
        "osm_id": "node/11782827577",
        "operator": null,
        "osm_url": "https://www.openstreetmap.org/node/11782827577",
        "data_source": "openstreetmap",
        "verified_official": false,
        "position_type": "osm_recorded",
        "last_checked": "2026-10-09"
      },
      "geometry": {
        "type": "Point",
        "coordinates": [
          106.7021296,
          10.7898169
        ]
      }
    },
    {
      "type": "Feature",
      "id": "node/11782827578",
      "properties": {
        "name": "Nguyễn Cư Trinh",
        "category": "bus_stop",
        "osm_id": "node/11782827578",
        "operator": null,
        "osm_url": "https://www.openstreetmap.org/node/11782827578",
        "data_source": "openstreetmap",
        "verified_official": false,
        "position_type": "osm_recorded",
        "last_checked": "2026-10-09"
      },
      "geometry": {
        "type": "Point",
        "coordinates": [
          106.69179,
          10.7646555
        ]
      }
    },
    {
      "type": "Feature",
      "id": "node/11782827583",
      "properties": {
        "name": "Bệnh viện Phước An",
        "category": "bus_stop",
        "osm_id": "node/11782827583",
        "operator": null,
        "osm_url": "https://www.openstreetmap.org/node/11782827583",
        "data_source": "openstreetmap",
        "verified_official": false,
        "position_type": "osm_recorded",
        "last_checked": "2026-10-09"
      },
      "geometry": {
        "type": "Point",
        "coordinates": [
          106.7002576,
          10.7531151
        ]
      }
    },
    {
      "type": "Feature",
      "id": "node/11782827586",
      "properties": {
        "name": "Chùa Long Bửu",
        "category": "bus_stop",
        "osm_id": "node/11782827586",
        "operator": null,
        "osm_url": "https://www.openstreetmap.org/node/11782827586",
        "data_source": "openstreetmap",
        "verified_official": false,
        "position_type": "osm_recorded",
        "last_checked": "2026-10-09"
      },
      "geometry": {
        "type": "Point",
        "coordinates": [
          106.6978249,
          10.7605288
        ]
      }
    },
    {
      "type": "Feature",
      "id": "node/11782827617",
      "properties": {
        "name": "Chùa Long Bửu",
        "category": "bus_stop",
        "osm_id": "node/11782827617",
        "operator": null,
        "osm_url": "https://www.openstreetmap.org/node/11782827617",
        "data_source": "openstreetmap",
        "verified_official": false,
        "position_type": "osm_recorded",
        "last_checked": "2026-10-09"
      },
      "geometry": {
        "type": "Point",
        "coordinates": [
          106.6979578,
          10.760487
        ]
      }
    },
    {
      "type": "Feature",
      "id": "node/11782827622",
      "properties": {
        "name": "Bệnh viện Phước An",
        "category": "bus_stop",
        "osm_id": "node/11782827622",
        "operator": null,
        "osm_url": "https://www.openstreetmap.org/node/11782827622",
        "data_source": "openstreetmap",
        "verified_official": false,
        "position_type": "osm_recorded",
        "last_checked": "2026-10-09"
      },
      "geometry": {
        "type": "Point",
        "coordinates": [
          106.7006939,
          10.753043
        ]
      }
    },
    {
      "type": "Feature",
      "id": "node/11787220791",
      "properties": {
        "name": "Thư viện Trung tâm Đại học Quốc gia Thành phố Hồ Chí Minh",
        "category": "bus_stop",
        "osm_id": "node/11787220791",
        "operator": null,
        "osm_url": "https://www.openstreetmap.org/node/11787220791",
        "data_source": "openstreetmap",
        "verified_official": false,
        "position_type": "osm_recorded",
        "last_checked": "2026-10-09"
      },
      "geometry": {
        "type": "Point",
        "coordinates": [
          106.7950435,
          10.8675271
        ]
      }
    },
    {
      "type": "Feature",
      "id": "node/11787220792",
      "properties": {
        "name": "Hồ Câu cá",
        "category": "bus_stop",
        "osm_id": "node/11787220792",
        "operator": null,
        "osm_url": "https://www.openstreetmap.org/node/11787220792",
        "data_source": "openstreetmap",
        "verified_official": false,
        "position_type": "osm_recorded",
        "last_checked": "2026-10-09"
      },
      "geometry": {
        "type": "Point",
        "coordinates": [
          106.7981126,
          10.8717442
        ]
      }
    },
    {
      "type": "Feature",
      "id": "node/11787220793",
      "properties": {
        "name": "Nhà văn hóa Sinh viên",
        "category": "bus_stop",
        "osm_id": "node/11787220793",
        "operator": null,
        "osm_url": "https://www.openstreetmap.org/node/11787220793",
        "data_source": "openstreetmap",
        "verified_official": false,
        "position_type": "osm_recorded",
        "last_checked": "2026-10-09"
      },
      "geometry": {
        "type": "Point",
        "coordinates": [
          106.8002135,
          10.8744823
        ]
      }
    },
    {
      "type": "Feature",
      "id": "node/11787220794",
      "properties": {
        "name": "Kí túc xá Khu A Đại học Quốc gia Thành phố Hồ Chí Minh",
        "category": "bus_stop",
        "osm_id": "node/11787220794",
        "operator": null,
        "osm_url": "https://www.openstreetmap.org/node/11787220794",
        "data_source": "openstreetmap",
        "verified_official": false,
        "position_type": "osm_recorded",
        "last_checked": "2026-10-09"
      },
      "geometry": {
        "type": "Point",
        "coordinates": [
          106.8056438,
          10.8777772
        ]
      }
    },
    {
      "type": "Feature",
      "id": "node/11789253325",
      "properties": {
        "name": "Hồ Câu cá",
        "category": "bus_stop",
        "osm_id": "node/11789253325",
        "operator": null,
        "osm_url": "https://www.openstreetmap.org/node/11789253325",
        "data_source": "openstreetmap",
        "verified_official": false,
        "position_type": "osm_recorded",
        "last_checked": "2026-10-09"
      },
      "geometry": {
        "type": "Point",
        "coordinates": [
          106.7978981,
          10.8713704
        ]
      }
    },
    {
      "type": "Feature",
      "id": "node/11789253327",
      "properties": {
        "name": "Khu Công nghệ Phần mềm Đại học Quốc gia",
        "category": "bus_stop",
        "osm_id": "node/11789253327",
        "operator": null,
        "osm_url": "https://www.openstreetmap.org/node/11789253327",
        "data_source": "openstreetmap",
        "verified_official": false,
        "position_type": "osm_recorded",
        "last_checked": "2026-10-09"
      },
      "geometry": {
        "type": "Point",
        "coordinates": [
          106.7946589,
          10.8669003
        ]
      }
    },
    {
      "type": "Feature",
      "id": "node/11789253366",
      "properties": {
        "name": "Công ty FILIED",
        "category": "bus_stop",
        "osm_id": "node/11789253366",
        "operator": null,
        "osm_url": "https://www.openstreetmap.org/node/11789253366",
        "data_source": "openstreetmap",
        "verified_official": false,
        "position_type": "osm_recorded",
        "last_checked": "2026-10-09"
      },
      "geometry": {
        "type": "Point",
        "coordinates": [
          106.8076236,
          10.8485968
        ]
      }
    },
    {
      "type": "Feature",
      "id": "node/11789253367",
      "properties": {
        "name": "Ngã ba Mỹ Thành",
        "category": "bus_stop",
        "osm_id": "node/11789253367",
        "operator": null,
        "osm_url": "https://www.openstreetmap.org/node/11789253367",
        "data_source": "openstreetmap",
        "verified_official": false,
        "position_type": "osm_recorded",
        "last_checked": "2026-10-09"
      },
      "geometry": {
        "type": "Point",
        "coordinates": [
          106.8128376,
          10.8498655
        ]
      }
    },
    {
      "type": "Feature",
      "id": "node/11789253368",
      "properties": {
        "name": "Ngã ba Mỹ Thành",
        "category": "bus_stop",
        "osm_id": "node/11789253368",
        "operator": null,
        "osm_url": "https://www.openstreetmap.org/node/11789253368",
        "data_source": "openstreetmap",
        "verified_official": false,
        "position_type": "osm_recorded",
        "last_checked": "2026-10-09"
      },
      "geometry": {
        "type": "Point",
        "coordinates": [
          106.8137444,
          10.8514079
        ]
      }
    },
    {
      "type": "Feature",
      "id": "node/11789305169",
      "properties": {
        "name": "Đường Cầu Xây",
        "category": "bus_stop",
        "osm_id": "node/11789305169",
        "operator": null,
        "osm_url": "https://www.openstreetmap.org/node/11789305169",
        "data_source": "openstreetmap",
        "verified_official": false,
        "position_type": "osm_recorded",
        "last_checked": "2026-10-09"
      },
      "geometry": {
        "type": "Point",
        "coordinates": [
          106.8136593,
          10.8546215
        ]
      }
    },
    {
      "type": "Feature",
      "id": "node/11789305170",
      "properties": {
        "name": "Cầu Xây",
        "category": "bus_stop",
        "osm_id": "node/11789305170",
        "operator": null,
        "osm_url": "https://www.openstreetmap.org/node/11789305170",
        "data_source": "openstreetmap",
        "verified_official": false,
        "position_type": "osm_recorded",
        "last_checked": "2026-10-09"
      },
      "geometry": {
        "type": "Point",
        "coordinates": [
          106.8136283,
          10.856936
        ]
      }
    },
    {
      "type": "Feature",
      "id": "node/11789305171",
      "properties": {
        "name": "Học viện Thanh Thiếu niên Việt Nam",
        "category": "bus_stop",
        "osm_id": "node/11789305171",
        "operator": null,
        "osm_url": "https://www.openstreetmap.org/node/11789305171",
        "data_source": "openstreetmap",
        "verified_official": false,
        "position_type": "osm_recorded",
        "last_checked": "2026-10-09"
      },
      "geometry": {
        "type": "Point",
        "coordinates": [
          106.813553,
          10.8628252
        ]
      }
    },
    {
      "type": "Feature",
      "id": "node/11789305172",
      "properties": {
        "name": "Sân Golf Thủ Đức",
        "category": "bus_stop",
        "osm_id": "node/11789305172",
        "operator": null,
        "osm_url": "https://www.openstreetmap.org/node/11789305172",
        "data_source": "openstreetmap",
        "verified_official": false,
        "position_type": "osm_recorded",
        "last_checked": "2026-10-09"
      },
      "geometry": {
        "type": "Point",
        "coordinates": [
          106.8138659,
          10.868327
        ]
      }
    },
    {
      "type": "Feature",
      "id": "node/11789305173",
      "properties": {
        "name": "Ngã ba Lâm Viên 1",
        "category": "bus_stop",
        "osm_id": "node/11789305173",
        "operator": null,
        "osm_url": "https://www.openstreetmap.org/node/11789305173",
        "data_source": "openstreetmap",
        "verified_official": false,
        "position_type": "osm_recorded",
        "last_checked": "2026-10-09"
      },
      "geometry": {
        "type": "Point",
        "coordinates": [
          106.8122134,
          10.8708173
        ]
      }
    },
    {
      "type": "Feature",
      "id": "node/11789305174",
      "properties": {
        "name": "Nghĩa trang Liệt sĩ Thành phố Hồ Chí Minh",
        "category": "bus_stop",
        "osm_id": "node/11789305174",
        "operator": null,
        "osm_url": "https://www.openstreetmap.org/node/11789305174",
        "data_source": "openstreetmap",
        "verified_official": false,
        "position_type": "osm_recorded",
        "last_checked": "2026-10-09"
      },
      "geometry": {
        "type": "Point",
        "coordinates": [
          106.8093221,
          10.8715041
        ]
      }
    },
    {
      "type": "Feature",
      "id": "node/11793308574",
      "properties": {
        "name": "Đường Hoàng Hữu Nam",
        "category": "bus_stop",
        "osm_id": "node/11793308574",
        "operator": null,
        "osm_url": "https://www.openstreetmap.org/node/11793308574",
        "data_source": "openstreetmap",
        "verified_official": false,
        "position_type": "osm_recorded",
        "last_checked": "2026-10-09"
      },
      "geometry": {
        "type": "Point",
        "coordinates": [
          106.8142267,
          10.8710847
        ]
      }
    },
    {
      "type": "Feature",
      "id": "node/11793308575",
      "properties": {
        "name": "Sân Golf Thủ Đức",
        "category": "bus_stop",
        "osm_id": "node/11793308575",
        "operator": null,
        "osm_url": "https://www.openstreetmap.org/node/11793308575",
        "data_source": "openstreetmap",
        "verified_official": false,
        "position_type": "osm_recorded",
        "last_checked": "2026-10-09"
      },
      "geometry": {
        "type": "Point",
        "coordinates": [
          106.8137583,
          10.8680812
        ]
      }
    },
    {
      "type": "Feature",
      "id": "node/11793308576",
      "properties": {
        "name": "Học viện Thanh Thiếu niên Việt Nam",
        "category": "bus_stop",
        "osm_id": "node/11793308576",
        "operator": null,
        "osm_url": "https://www.openstreetmap.org/node/11793308576",
        "data_source": "openstreetmap",
        "verified_official": false,
        "position_type": "osm_recorded",
        "last_checked": "2026-10-09"
      },
      "geometry": {
        "type": "Point",
        "coordinates": [
          106.8134412,
          10.86218
        ]
      }
    },
    {
      "type": "Feature",
      "id": "node/11793308577",
      "properties": {
        "name": "Cầu Xây",
        "category": "bus_stop",
        "osm_id": "node/11793308577",
        "operator": null,
        "osm_url": "https://www.openstreetmap.org/node/11793308577",
        "data_source": "openstreetmap",
        "verified_official": false,
        "position_type": "osm_recorded",
        "last_checked": "2026-10-09"
      },
      "geometry": {
        "type": "Point",
        "coordinates": [
          106.8134893,
          10.8574287
        ]
      }
    },
    {
      "type": "Feature",
      "id": "node/11793308578",
      "properties": {
        "name": "Đường Cầu Xây",
        "category": "bus_stop",
        "osm_id": "node/11793308578",
        "operator": null,
        "osm_url": "https://www.openstreetmap.org/node/11793308578",
        "data_source": "openstreetmap",
        "verified_official": false,
        "position_type": "osm_recorded",
        "last_checked": "2026-10-09"
      },
      "geometry": {
        "type": "Point",
        "coordinates": [
          106.8135539,
          10.8548293
        ]
      }
    },
    {
      "type": "Feature",
      "id": "node/11793308579",
      "properties": {
        "name": "Ngã ba Mỹ Thành",
        "category": "bus_stop",
        "osm_id": "node/11793308579",
        "operator": null,
        "osm_url": "https://www.openstreetmap.org/node/11793308579",
        "data_source": "openstreetmap",
        "verified_official": false,
        "position_type": "osm_recorded",
        "last_checked": "2026-10-09"
      },
      "geometry": {
        "type": "Point",
        "coordinates": [
          106.8136434,
          10.8507024
        ]
      }
    },
    {
      "type": "Feature",
      "id": "node/11793308580",
      "properties": {
        "name": "Ngã ba Mỹ Thành",
        "category": "bus_stop",
        "osm_id": "node/11793308580",
        "operator": null,
        "osm_url": "https://www.openstreetmap.org/node/11793308580",
        "data_source": "openstreetmap",
        "verified_official": false,
        "position_type": "osm_recorded",
        "last_checked": "2026-10-09"
      },
      "geometry": {
        "type": "Point",
        "coordinates": [
          106.8128636,
          10.8501006
        ]
      }
    },
    {
      "type": "Feature",
      "id": "node/11793308581",
      "properties": {
        "name": "Công ty FILIED",
        "category": "bus_stop",
        "osm_id": "node/11793308581",
        "operator": null,
        "osm_url": "https://www.openstreetmap.org/node/11793308581",
        "data_source": "openstreetmap",
        "verified_official": false,
        "position_type": "osm_recorded",
        "last_checked": "2026-10-09"
      },
      "geometry": {
        "type": "Point",
        "coordinates": [
          106.8074275,
          10.8487781
        ]
      }
    },
    {
      "type": "Feature",
      "id": "node/11793308582",
      "properties": {
        "name": "Chung cư C7",
        "category": "bus_stop",
        "osm_id": "node/11793308582",
        "operator": null,
        "osm_url": "https://www.openstreetmap.org/node/11793308582",
        "data_source": "openstreetmap",
        "verified_official": false,
        "position_type": "osm_recorded",
        "last_checked": "2026-10-09"
      },
      "geometry": {
        "type": "Point",
        "coordinates": [
          106.8001504,
          10.8470045
        ]
      }
    },
    {
      "type": "Feature",
      "id": "node/11793308590",
      "properties": {
        "name": "Chợ Hàng Xanh",
        "category": "bus_stop",
        "osm_id": "node/11793308590",
        "operator": null,
        "osm_url": "https://www.openstreetmap.org/node/11793308590",
        "data_source": "openstreetmap",
        "verified_official": false,
        "position_type": "osm_recorded",
        "last_checked": "2026-10-09"
      },
      "geometry": {
        "type": "Point",
        "coordinates": [
          106.7104745,
          10.8029749
        ]
      }
    },
    {
      "type": "Feature",
      "id": "node/11793308592",
      "properties": {
        "name": "Bảo tàng Tôn Đức Thắng",
        "category": "bus_stop",
        "osm_id": "node/11793308592",
        "operator": null,
        "osm_url": "https://www.openstreetmap.org/node/11793308592",
        "data_source": "openstreetmap",
        "verified_official": false,
        "position_type": "osm_recorded",
        "last_checked": "2026-10-09"
      },
      "geometry": {
        "type": "Point",
        "coordinates": [
          106.707092,
          10.7772275
        ]
      }
    },
    {
      "type": "Feature",
      "id": "node/11793308599",
      "properties": {
        "name": "Trường Trung học phổ thông Phước Long",
        "category": "bus_stop",
        "osm_id": "node/11793308599",
        "operator": null,
        "osm_url": "https://www.openstreetmap.org/node/11793308599",
        "data_source": "openstreetmap",
        "verified_official": false,
        "position_type": "osm_recorded",
        "last_checked": "2026-10-09"
      },
      "geometry": {
        "type": "Point",
        "coordinates": [
          106.7748613,
          10.8169042
        ]
      }
    },
    {
      "type": "Feature",
      "id": "node/11793308627",
      "properties": {
        "name": "Trường Trung học phổ thông Phước Long",
        "category": "bus_stop",
        "osm_id": "node/11793308627",
        "operator": null,
        "osm_url": "https://www.openstreetmap.org/node/11793308627",
        "data_source": "openstreetmap",
        "verified_official": false,
        "position_type": "osm_recorded",
        "last_checked": "2026-10-09"
      },
      "geometry": {
        "type": "Point",
        "coordinates": [
          106.7748801,
          10.8170175
        ]
      }
    },
    {
      "type": "Feature",
      "id": "node/11793308628",
      "properties": {
        "name": "84-86 Đại lộ 2",
        "category": "bus_stop",
        "osm_id": "node/11793308628",
        "operator": null,
        "osm_url": "https://www.openstreetmap.org/node/11793308628",
        "data_source": "openstreetmap",
        "verified_official": false,
        "position_type": "osm_recorded",
        "last_checked": "2026-10-09"
      },
      "geometry": {
        "type": "Point",
        "coordinates": [
          106.7714677,
          10.8174764
        ]
      }
    },
    {
      "type": "Feature",
      "id": "node/11793308632",
      "properties": {
        "name": "Cầu Võng",
        "category": "bus_stop",
        "osm_id": "node/11793308632",
        "operator": null,
        "osm_url": "https://www.openstreetmap.org/node/11793308632",
        "data_source": "openstreetmap",
        "verified_official": false,
        "position_type": "osm_recorded",
        "last_checked": "2026-10-09"
      },
      "geometry": {
        "type": "Point",
        "coordinates": [
          106.6886438,
          10.9000886
        ]
      }
    },
    {
      "type": "Feature",
      "id": "node/11793312780",
      "properties": {
        "name": "Cầu Võng",
        "category": "bus_stop",
        "osm_id": "node/11793312780",
        "operator": null,
        "osm_url": "https://www.openstreetmap.org/node/11793312780",
        "data_source": "openstreetmap",
        "verified_official": false,
        "position_type": "osm_recorded",
        "last_checked": "2026-10-09"
      },
      "geometry": {
        "type": "Point",
        "coordinates": [
          106.6885916,
          10.8997093
        ]
      }
    },
    {
      "type": "Feature",
      "id": "node/11799114422",
      "properties": {
        "name": "Nhà thờ Nam Hải",
        "category": "bus_stop",
        "osm_id": "node/11799114422",
        "operator": null,
        "osm_url": "https://www.openstreetmap.org/node/11799114422",
        "data_source": "openstreetmap",
        "verified_official": false,
        "position_type": "osm_recorded",
        "last_checked": "2026-10-09"
      },
      "geometry": {
        "type": "Point",
        "coordinates": [
          106.6709103,
          10.7375529
        ]
      }
    },
    {
      "type": "Feature",
      "id": "node/11799114453",
      "properties": {
        "name": "Công ty Nam Hàn",
        "category": "bus_stop",
        "osm_id": "node/11799114453",
        "operator": null,
        "osm_url": "https://www.openstreetmap.org/node/11799114453",
        "data_source": "openstreetmap",
        "verified_official": false,
        "position_type": "osm_recorded",
        "last_checked": "2026-10-09"
      },
      "geometry": {
        "type": "Point",
        "coordinates": [
          106.8167261,
          10.8838605
        ]
      }
    },
    {
      "type": "Feature",
      "id": "node/11799114454",
      "properties": {
        "name": "Khu tưởng niệm các Vua Hùng",
        "category": "bus_stop",
        "osm_id": "node/11799114454",
        "operator": null,
        "osm_url": "https://www.openstreetmap.org/node/11799114454",
        "data_source": "openstreetmap",
        "verified_official": false,
        "position_type": "osm_recorded",
        "last_checked": "2026-10-09"
      },
      "geometry": {
        "type": "Point",
        "coordinates": [
          106.8194693,
          10.8877103
        ]
      }
    },
    {
      "type": "Feature",
      "id": "node/11799114461",
      "properties": {
        "name": "Công ty Cổ phần Đức Khải",
        "category": "bus_stop",
        "osm_id": "node/11799114461",
        "operator": null,
        "osm_url": "https://www.openstreetmap.org/node/11799114461",
        "data_source": "openstreetmap",
        "verified_official": false,
        "position_type": "osm_recorded",
        "last_checked": "2026-10-09"
      },
      "geometry": {
        "type": "Point",
        "coordinates": [
          106.8129235,
          10.8792472
        ]
      }
    },
    {
      "type": "Feature",
      "id": "node/11799344237",
      "properties": {
        "name": "Khu công nghiệp Đồng An",
        "category": "bus_stop",
        "osm_id": "node/11799344237",
        "operator": null,
        "osm_url": "https://www.openstreetmap.org/node/11799344237",
        "data_source": "openstreetmap",
        "verified_official": false,
        "position_type": "osm_recorded",
        "last_checked": "2026-10-09"
      },
      "geometry": {
        "type": "Point",
        "coordinates": [
          106.7212107,
          10.8938645
        ]
      }
    },
    {
      "type": "Feature",
      "id": "node/11799344238",
      "properties": {
        "name": "Chợ Đồng An",
        "category": "bus_stop",
        "osm_id": "node/11799344238",
        "operator": null,
        "osm_url": "https://www.openstreetmap.org/node/11799344238",
        "data_source": "openstreetmap",
        "verified_official": false,
        "position_type": "osm_recorded",
        "last_checked": "2026-10-09"
      },
      "geometry": {
        "type": "Point",
        "coordinates": [
          106.7241098,
          10.8920647
        ]
      }
    },
    {
      "type": "Feature",
      "id": "node/11799344239",
      "properties": {
        "name": "Ngã ba Linh Trung 2",
        "category": "bus_stop",
        "osm_id": "node/11799344239",
        "operator": null,
        "osm_url": "https://www.openstreetmap.org/node/11799344239",
        "data_source": "openstreetmap",
        "verified_official": false,
        "position_type": "osm_recorded",
        "last_checked": "2026-10-09"
      },
      "geometry": {
        "type": "Point",
        "coordinates": [
          106.72766,
          10.8899468
        ]
      }
    },
    {
      "type": "Feature",
      "id": "node/11799344240",
      "properties": {
        "name": "Nhà hàng Song Sinh",
        "category": "bus_stop",
        "osm_id": "node/11799344240",
        "operator": null,
        "osm_url": "https://www.openstreetmap.org/node/11799344240",
        "data_source": "openstreetmap",
        "verified_official": false,
        "position_type": "osm_recorded",
        "last_checked": "2026-10-09"
      },
      "geometry": {
        "type": "Point",
        "coordinates": [
          106.7287458,
          10.8846308
        ]
      }
    },
    {
      "type": "Feature",
      "id": "node/11799344241",
      "properties": {
        "name": "UBND Phường Bình Chiểu",
        "category": "bus_stop",
        "osm_id": "node/11799344241",
        "operator": null,
        "osm_url": "https://www.openstreetmap.org/node/11799344241",
        "data_source": "openstreetmap",
        "verified_official": false,
        "position_type": "osm_recorded",
        "last_checked": "2026-10-09"
      },
      "geometry": {
        "type": "Point",
        "coordinates": [
          106.7292434,
          10.8819382
        ]
      }
    },
    {
      "type": "Feature",
      "id": "node/11799344242",
      "properties": {
        "name": "Chợ Bình Chiểu",
        "category": "bus_stop",
        "osm_id": "node/11799344242",
        "operator": null,
        "osm_url": "https://www.openstreetmap.org/node/11799344242",
        "data_source": "openstreetmap",
        "verified_official": false,
        "position_type": "osm_recorded",
        "last_checked": "2026-10-09"
      },
      "geometry": {
        "type": "Point",
        "coordinates": [
          106.7305142,
          10.8791271
        ]
      }
    },
    {
      "type": "Feature",
      "id": "node/11799344243",
      "properties": {
        "name": "Cây xăng Bình Chiểu",
        "category": "bus_stop",
        "osm_id": "node/11799344243",
        "operator": null,
        "osm_url": "https://www.openstreetmap.org/node/11799344243",
        "data_source": "openstreetmap",
        "verified_official": false,
        "position_type": "osm_recorded",
        "last_checked": "2026-10-09"
      },
      "geometry": {
        "type": "Point",
        "coordinates": [
          106.7319028,
          10.8761601
        ]
      }
    },
    {
      "type": "Feature",
      "id": "node/11799344244",
      "properties": {
        "name": "Ngã tư Gò Dưa",
        "category": "bus_stop",
        "osm_id": "node/11799344244",
        "operator": null,
        "osm_url": "https://www.openstreetmap.org/node/11799344244",
        "data_source": "openstreetmap",
        "verified_official": false,
        "position_type": "osm_recorded",
        "last_checked": "2026-10-09"
      },
      "geometry": {
        "type": "Point",
        "coordinates": [
          106.7320572,
          10.8738384
        ]
      }
    },
    {
      "type": "Feature",
      "id": "node/11799344246",
      "properties": {
        "name": "Ngã tư Gò Dưa",
        "category": "bus_stop",
        "osm_id": "node/11799344246",
        "operator": null,
        "osm_url": "https://www.openstreetmap.org/node/11799344246",
        "data_source": "openstreetmap",
        "verified_official": false,
        "position_type": "osm_recorded",
        "last_checked": "2026-10-09"
      },
      "geometry": {
        "type": "Point",
        "coordinates": [
          106.732088,
          10.8741831
        ]
      }
    },
    {
      "type": "Feature",
      "id": "node/11799344247",
      "properties": {
        "name": "Cây xăng Bình Chiểu",
        "category": "bus_stop",
        "osm_id": "node/11799344247",
        "operator": null,
        "osm_url": "https://www.openstreetmap.org/node/11799344247",
        "data_source": "openstreetmap",
        "verified_official": false,
        "position_type": "osm_recorded",
        "last_checked": "2026-10-09"
      },
      "geometry": {
        "type": "Point",
        "coordinates": [
          106.7320392,
          10.8769637
        ]
      }
    },
    {
      "type": "Feature",
      "id": "node/11799344248",
      "properties": {
        "name": "Chợ Bình Chiểu",
        "category": "bus_stop",
        "osm_id": "node/11799344248",
        "operator": null,
        "osm_url": "https://www.openstreetmap.org/node/11799344248",
        "data_source": "openstreetmap",
        "verified_official": false,
        "position_type": "osm_recorded",
        "last_checked": "2026-10-09"
      },
      "geometry": {
        "type": "Point",
        "coordinates": [
          106.7302546,
          10.8794886
        ]
      }
    },
    {
      "type": "Feature",
      "id": "node/11799344249",
      "properties": {
        "name": "UBND Phường Bình Chiểu",
        "category": "bus_stop",
        "osm_id": "node/11799344249",
        "operator": null,
        "osm_url": "https://www.openstreetmap.org/node/11799344249",
        "data_source": "openstreetmap",
        "verified_official": false,
        "position_type": "osm_recorded",
        "last_checked": "2026-10-09"
      },
      "geometry": {
        "type": "Point",
        "coordinates": [
          106.7293976,
          10.8816673
        ]
      }
    },
    {
      "type": "Feature",
      "id": "node/11799344250",
      "properties": {
        "name": "Nhà hàng Song Sinh",
        "category": "bus_stop",
        "osm_id": "node/11799344250",
        "operator": null,
        "osm_url": "https://www.openstreetmap.org/node/11799344250",
        "data_source": "openstreetmap",
        "verified_official": false,
        "position_type": "osm_recorded",
        "last_checked": "2026-10-09"
      },
      "geometry": {
        "type": "Point",
        "coordinates": [
          106.7288714,
          10.8844212
        ]
      }
    },
    {
      "type": "Feature",
      "id": "node/11799344251",
      "properties": {
        "name": "Ngã ba Linh Trung",
        "category": "bus_stop",
        "osm_id": "node/11799344251",
        "operator": null,
        "osm_url": "https://www.openstreetmap.org/node/11799344251",
        "data_source": "openstreetmap",
        "verified_official": false,
        "position_type": "osm_recorded",
        "last_checked": "2026-10-09"
      },
      "geometry": {
        "type": "Point",
        "coordinates": [
          106.7280119,
          10.8897399
        ]
      }
    },
    {
      "type": "Feature",
      "id": "node/11799344252",
      "properties": {
        "name": "Chợ Đồng An",
        "category": "bus_stop",
        "osm_id": "node/11799344252",
        "operator": null,
        "osm_url": "https://www.openstreetmap.org/node/11799344252",
        "data_source": "openstreetmap",
        "verified_official": false,
        "position_type": "osm_recorded",
        "last_checked": "2026-10-09"
      },
      "geometry": {
        "type": "Point",
        "coordinates": [
          106.7244628,
          10.8919771
        ]
      }
    },
    {
      "type": "Feature",
      "id": "node/11799344253",
      "properties": {
        "name": "Khu công nghiệp Đồng An",
        "category": "bus_stop",
        "osm_id": "node/11799344253",
        "operator": null,
        "osm_url": "https://www.openstreetmap.org/node/11799344253",
        "data_source": "openstreetmap",
        "verified_official": false,
        "position_type": "osm_recorded",
        "last_checked": "2026-10-09"
      },
      "geometry": {
        "type": "Point",
        "coordinates": [
          106.7216355,
          10.8937267
        ]
      }
    },
    {
      "type": "Feature",
      "id": "node/11799344257",
      "properties": {
        "name": "Xa lộ Hà Nội",
        "category": "bus_stop",
        "osm_id": "node/11799344257",
        "operator": null,
        "osm_url": "https://www.openstreetmap.org/node/11799344257",
        "data_source": "openstreetmap",
        "verified_official": false,
        "position_type": "osm_recorded",
        "last_checked": "2026-10-09"
      },
      "geometry": {
        "type": "Point",
        "coordinates": [
          106.8036064,
          10.8676846
        ]
      }
    },
    {
      "type": "Feature",
      "id": "node/11799344264",
      "properties": {
        "name": "Thảo Đường Thiên Tự",
        "category": "bus_stop",
        "osm_id": "node/11799344264",
        "operator": null,
        "osm_url": "https://www.openstreetmap.org/node/11799344264",
        "data_source": "openstreetmap",
        "verified_official": false,
        "position_type": "osm_recorded",
        "last_checked": "2026-10-09"
      },
      "geometry": {
        "type": "Point",
        "coordinates": [
          106.6276786,
          10.7400485
        ]
      }
    },
    {
      "type": "Feature",
      "id": "node/11799344265",
      "properties": {
        "name": "Tòa án Nhân dân Quận 6",
        "category": "bus_stop",
        "osm_id": "node/11799344265",
        "operator": null,
        "osm_url": "https://www.openstreetmap.org/node/11799344265",
        "data_source": "openstreetmap",
        "verified_official": false,
        "position_type": "osm_recorded",
        "last_checked": "2026-10-09"
      },
      "geometry": {
        "type": "Point",
        "coordinates": [
          106.6270783,
          10.7367595
        ]
      }
    },
    {
      "type": "Feature",
      "id": "node/11799344267",
      "properties": {
        "name": "Vành Đai",
        "category": "bus_stop",
        "osm_id": "node/11799344267",
        "operator": null,
        "osm_url": "https://www.openstreetmap.org/node/11799344267",
        "data_source": "openstreetmap",
        "verified_official": false,
        "position_type": "osm_recorded",
        "last_checked": "2026-10-09"
      },
      "geometry": {
        "type": "Point",
        "coordinates": [
          106.6252188,
          10.7321581
        ]
      }
    },
    {
      "type": "Feature",
      "id": "node/11799722401",
      "properties": {
        "name": "Chợ An Dương Vương",
        "category": "bus_stop",
        "osm_id": "node/11799722401",
        "operator": null,
        "osm_url": "https://www.openstreetmap.org/node/11799722401",
        "data_source": "openstreetmap",
        "verified_official": false,
        "position_type": "osm_recorded",
        "last_checked": "2026-10-09"
      },
      "geometry": {
        "type": "Point",
        "coordinates": [
          106.6236546,
          10.7430211
        ]
      }
    },
    {
      "type": "Feature",
      "id": "node/11799722402",
      "properties": {
        "name": "Lý Chiêu Hoàng",
        "category": "bus_stop",
        "osm_id": "node/11799722402",
        "operator": null,
        "osm_url": "https://www.openstreetmap.org/node/11799722402",
        "data_source": "openstreetmap",
        "verified_official": false,
        "position_type": "osm_recorded",
        "last_checked": "2026-10-09"
      },
      "geometry": {
        "type": "Point",
        "coordinates": [
          106.6236068,
          10.7401352
        ]
      }
    },
    {
      "type": "Feature",
      "id": "node/11799722403",
      "properties": {
        "name": "Vành đai",
        "category": "bus_stop",
        "osm_id": "node/11799722403",
        "operator": null,
        "osm_url": "https://www.openstreetmap.org/node/11799722403",
        "data_source": "openstreetmap",
        "verified_official": false,
        "position_type": "osm_recorded",
        "last_checked": "2026-10-09"
      },
      "geometry": {
        "type": "Point",
        "coordinates": [
          106.624415,
          10.7327198
        ]
      }
    },
    {
      "type": "Feature",
      "id": "node/11799722404",
      "properties": {
        "name": "Đường 72",
        "category": "bus_stop",
        "osm_id": "node/11799722404",
        "operator": null,
        "osm_url": "https://www.openstreetmap.org/node/11799722404",
        "data_source": "openstreetmap",
        "verified_official": false,
        "position_type": "osm_recorded",
        "last_checked": "2026-10-09"
      },
      "geometry": {
        "type": "Point",
        "coordinates": [
          106.6266571,
          10.7333046
        ]
      }
    },
    {
      "type": "Feature",
      "id": "node/11799722405",
      "properties": {
        "name": "Tòa án Nhân dân Quận 6",
        "category": "bus_stop",
        "osm_id": "node/11799722405",
        "operator": null,
        "osm_url": "https://www.openstreetmap.org/node/11799722405",
        "data_source": "openstreetmap",
        "verified_official": false,
        "position_type": "osm_recorded",
        "last_checked": "2026-10-09"
      },
      "geometry": {
        "type": "Point",
        "coordinates": [
          106.6271655,
          10.7368011
        ]
      }
    },
    {
      "type": "Feature",
      "id": "node/11799722406",
      "properties": {
        "name": "Thảo Đường Thiên Tự",
        "category": "bus_stop",
        "osm_id": "node/11799722406",
        "operator": null,
        "osm_url": "https://www.openstreetmap.org/node/11799722406",
        "data_source": "openstreetmap",
        "verified_official": false,
        "position_type": "osm_recorded",
        "last_checked": "2026-10-09"
      },
      "geometry": {
        "type": "Point",
        "coordinates": [
          106.6278477,
          10.7404213
        ]
      }
    },
    {
      "type": "Feature",
      "id": "node/11799722407",
      "properties": {
        "name": "Metro Bình Phú",
        "category": "bus_stop",
        "osm_id": "node/11799722407",
        "operator": null,
        "osm_url": "https://www.openstreetmap.org/node/11799722407",
        "data_source": "openstreetmap",
        "verified_official": false,
        "position_type": "osm_recorded",
        "last_checked": "2026-10-09"
      },
      "geometry": {
        "type": "Point",
        "coordinates": [
          106.6308546,
          10.7416038
        ]
      }
    },
    {
      "type": "Feature",
      "id": "node/11799722413",
      "properties": {
        "name": "Cầu Vĩnh Bình",
        "category": "bus_stop",
        "osm_id": "node/11799722413",
        "operator": null,
        "osm_url": "https://www.openstreetmap.org/node/11799722413",
        "data_source": "openstreetmap",
        "verified_official": false,
        "position_type": "osm_recorded",
        "last_checked": "2026-10-09"
      },
      "geometry": {
        "type": "Point",
        "coordinates": [
          106.7182555,
          10.8678284
        ]
      }
    },
    {
      "type": "Feature",
      "id": "node/11799722414",
      "properties": {
        "name": "Xây dựng Ngọc Đào",
        "category": "bus_stop",
        "osm_id": "node/11799722414",
        "operator": null,
        "osm_url": "https://www.openstreetmap.org/node/11799722414",
        "data_source": "openstreetmap",
        "verified_official": false,
        "position_type": "osm_recorded",
        "last_checked": "2026-10-09"
      },
      "geometry": {
        "type": "Point",
        "coordinates": [
          106.722574,
          10.8670592
        ]
      }
    },
    {
      "type": "Feature",
      "id": "node/11802297390",
      "properties": {
        "name": "Y tế Dự phòng - 100-102 Bà Hom",
        "category": "bus_stop",
        "osm_id": "node/11802297390",
        "operator": null,
        "osm_url": "https://www.openstreetmap.org/node/11802297390",
        "data_source": "openstreetmap",
        "verified_official": false,
        "position_type": "osm_recorded",
        "last_checked": "2026-10-09"
      },
      "geometry": {
        "type": "Point",
        "coordinates": [
          106.6288845,
          10.7552184
        ]
      }
    },
    {
      "type": "Feature",
      "id": "node/11804187959",
      "properties": {
        "name": "Trạm cấp nước Bình Trị Đông",
        "category": "bus_stop",
        "osm_id": "node/11804187959",
        "operator": null,
        "osm_url": "https://www.openstreetmap.org/node/11804187959",
        "data_source": "openstreetmap",
        "verified_official": false,
        "position_type": "osm_recorded",
        "last_checked": "2026-10-09"
      },
      "geometry": {
        "type": "Point",
        "coordinates": [
          106.6211151,
          10.757079
        ]
      }
    },
    {
      "type": "Feature",
      "id": "node/11804187960",
      "properties": {
        "name": "Bông Sen - 343 Tỉnh lộ 10",
        "category": "bus_stop",
        "osm_id": "node/11804187960",
        "operator": null,
        "osm_url": "https://www.openstreetmap.org/node/11804187960",
        "data_source": "openstreetmap",
        "verified_official": false,
        "position_type": "osm_recorded",
        "last_checked": "2026-10-09"
      },
      "geometry": {
        "type": "Point",
        "coordinates": [
          106.6231267,
          10.7564535
        ]
      }
    },
    {
      "type": "Feature",
      "id": "node/11804187961",
      "properties": {
        "name": "Ngã tư Cây Da Sà",
        "category": "bus_stop",
        "osm_id": "node/11804187961",
        "operator": null,
        "osm_url": "https://www.openstreetmap.org/node/11804187961",
        "data_source": "openstreetmap",
        "verified_official": false,
        "position_type": "osm_recorded",
        "last_checked": "2026-10-09"
      },
      "geometry": {
        "type": "Point",
        "coordinates": [
          106.6256087,
          10.7556789
        ]
      }
    },
    {
      "type": "Feature",
      "id": "node/11804187962",
      "properties": {
        "name": "Y tế Dự phòng - 171-173 Bà Hom",
        "category": "bus_stop",
        "osm_id": "node/11804187962",
        "operator": null,
        "osm_url": "https://www.openstreetmap.org/node/11804187962",
        "data_source": "openstreetmap",
        "verified_official": false,
        "position_type": "osm_recorded",
        "last_checked": "2026-10-09"
      },
      "geometry": {
        "type": "Point",
        "coordinates": [
          106.6284381,
          10.7551356
        ]
      }
    },
    {
      "type": "Feature",
      "id": "node/11811380956",
      "properties": {
        "name": "Nghĩa trang Liệt sĩ Thành phố Hồ Chí Minh",
        "category": "bus_stop",
        "osm_id": "node/11811380956",
        "operator": null,
        "osm_url": "https://www.openstreetmap.org/node/11811380956",
        "data_source": "openstreetmap",
        "verified_official": false,
        "position_type": "osm_recorded",
        "last_checked": "2026-10-09"
      },
      "geometry": {
        "type": "Point",
        "coordinates": [
          106.8090956,
          10.8713269
        ]
      }
    },
    {
      "type": "Feature",
      "id": "node/11811380957",
      "properties": {
        "name": "Ngã ba Lâm Viên 1",
        "category": "bus_stop",
        "osm_id": "node/11811380957",
        "operator": null,
        "osm_url": "https://www.openstreetmap.org/node/11811380957",
        "data_source": "openstreetmap",
        "verified_official": false,
        "position_type": "osm_recorded",
        "last_checked": "2026-10-09"
      },
      "geometry": {
        "type": "Point",
        "coordinates": [
          106.8129463,
          10.8704038
        ]
      }
    },
    {
      "type": "Feature",
      "id": "node/11811380958",
      "properties": {
        "name": "Đường Hoàng Hữu Nam",
        "category": "bus_stop",
        "osm_id": "node/11811380958",
        "operator": null,
        "osm_url": "https://www.openstreetmap.org/node/11811380958",
        "data_source": "openstreetmap",
        "verified_official": false,
        "position_type": "osm_recorded",
        "last_checked": "2026-10-09"
      },
      "geometry": {
        "type": "Point",
        "coordinates": [
          106.8145223,
          10.8718787
        ]
      }
    },
    {
      "type": "Feature",
      "id": "node/11811394772",
      "properties": {
        "name": "UBND Phường Tân Hưng",
        "category": "bus_stop",
        "osm_id": "node/11811394772",
        "operator": null,
        "osm_url": "https://www.openstreetmap.org/node/11811394772",
        "data_source": "openstreetmap",
        "verified_official": false,
        "position_type": "osm_recorded",
        "last_checked": "2026-10-09"
      },
      "geometry": {
        "type": "Point",
        "coordinates": [
          106.7013157,
          10.7517077
        ]
      }
    },
    {
      "type": "Feature",
      "id": "node/11811394777",
      "properties": {
        "name": "Trà My",
        "category": "bus_stop",
        "osm_id": "node/11811394777",
        "operator": null,
        "osm_url": "https://www.openstreetmap.org/node/11811394777",
        "data_source": "openstreetmap",
        "verified_official": false,
        "position_type": "osm_recorded",
        "last_checked": "2026-10-09"
      },
      "geometry": {
        "type": "Point",
        "coordinates": [
          106.7002923,
          10.7294833
        ]
      }
    },
    {
      "type": "Feature",
      "id": "node/11811394778",
      "properties": {
        "name": "Trường Quốc tế Nam Sài Gòn",
        "category": "bus_stop",
        "osm_id": "node/11811394778",
        "operator": null,
        "osm_url": "https://www.openstreetmap.org/node/11811394778",
        "data_source": "openstreetmap",
        "verified_official": false,
        "position_type": "osm_recorded",
        "last_checked": "2026-10-09"
      },
      "geometry": {
        "type": "Point",
        "coordinates": [
          106.7100283,
          10.722458
        ]
      }
    },
    {
      "type": "Feature",
      "id": "node/11811394779",
      "properties": {
        "name": "Mỹ Giang 2",
        "category": "bus_stop",
        "osm_id": "node/11811394779",
        "operator": null,
        "osm_url": "https://www.openstreetmap.org/node/11811394779",
        "data_source": "openstreetmap",
        "verified_official": false,
        "position_type": "osm_recorded",
        "last_checked": "2026-10-09"
      },
      "geometry": {
        "type": "Point",
        "coordinates": [
          106.7168026,
          10.7213471
        ]
      }
    },
    {
      "type": "Feature",
      "id": "node/11811394780",
      "properties": {
        "name": "Tân Trào",
        "category": "bus_stop",
        "osm_id": "node/11811394780",
        "operator": null,
        "osm_url": "https://www.openstreetmap.org/node/11811394780",
        "data_source": "openstreetmap",
        "verified_official": false,
        "position_type": "osm_recorded",
        "last_checked": "2026-10-09"
      },
      "geometry": {
        "type": "Point",
        "coordinates": [
          106.7220876,
          10.7285377
        ]
      }
    },
    {
      "type": "Feature",
      "id": "node/11811394782",
      "properties": {
        "name": "Huỳnh Tấn Phát",
        "category": "bus_stop",
        "osm_id": "node/11811394782",
        "operator": null,
        "osm_url": "https://www.openstreetmap.org/node/11811394782",
        "data_source": "openstreetmap",
        "verified_official": false,
        "position_type": "osm_recorded",
        "last_checked": "2026-10-09"
      },
      "geometry": {
        "type": "Point",
        "coordinates": [
          106.7290511,
          10.7375163
        ]
      }
    },
    {
      "type": "Feature",
      "id": "node/11811394783",
      "properties": {
        "name": "Khu chế xuất Tân Thuận",
        "category": "bus_stop",
        "osm_id": "node/11811394783",
        "operator": null,
        "osm_url": "https://www.openstreetmap.org/node/11811394783",
        "data_source": "openstreetmap",
        "verified_official": false,
        "position_type": "osm_recorded",
        "last_checked": "2026-10-09"
      },
      "geometry": {
        "type": "Point",
        "coordinates": [
          106.7263143,
          10.7527507
        ]
      }
    },
    {
      "type": "Feature",
      "id": "node/11811394784",
      "properties": {
        "name": "Đại học Tài chính - Marketing",
        "category": "bus_stop",
        "osm_id": "node/11811394784",
        "operator": null,
        "osm_url": "https://www.openstreetmap.org/node/11811394784",
        "data_source": "openstreetmap",
        "verified_official": false,
        "position_type": "osm_recorded",
        "last_checked": "2026-10-09"
      },
      "geometry": {
        "type": "Point",
        "coordinates": [
          106.7203918,
          10.7514426
        ]
      }
    },
    {
      "type": "Feature",
      "id": "node/11811394786",
      "properties": {
        "name": "Sân bóng đá mini Phú Mỹ",
        "category": "bus_stop",
        "osm_id": "node/11811394786",
        "operator": null,
        "osm_url": "https://www.openstreetmap.org/node/11811394786",
        "data_source": "openstreetmap",
        "verified_official": false,
        "position_type": "osm_recorded",
        "last_checked": "2026-10-09"
      },
      "geometry": {
        "type": "Point",
        "coordinates": [
          106.7287509,
          10.7377068
        ]
      }
    },
    {
      "type": "Feature",
      "id": "node/11811394788",
      "properties": {
        "name": "Tân Trào",
        "category": "bus_stop",
        "osm_id": "node/11811394788",
        "operator": null,
        "osm_url": "https://www.openstreetmap.org/node/11811394788",
        "data_source": "openstreetmap",
        "verified_official": false,
        "position_type": "osm_recorded",
        "last_checked": "2026-10-09"
      },
      "geometry": {
        "type": "Point",
        "coordinates": [
          106.7219133,
          10.7282173
        ]
      }
    },
    {
      "type": "Feature",
      "id": "node/11811394789",
      "properties": {
        "name": "Mỹ Giang 2",
        "category": "bus_stop",
        "osm_id": "node/11811394789",
        "operator": null,
        "osm_url": "https://www.openstreetmap.org/node/11811394789",
        "data_source": "openstreetmap",
        "verified_official": false,
        "position_type": "osm_recorded",
        "last_checked": "2026-10-09"
      },
      "geometry": {
        "type": "Point",
        "coordinates": [
          106.7168424,
          10.7215699
        ]
      }
    },
    {
      "type": "Feature",
      "id": "node/11811394790",
      "properties": {
        "name": "Trà My",
        "category": "bus_stop",
        "osm_id": "node/11811394790",
        "operator": null,
        "osm_url": "https://www.openstreetmap.org/node/11811394790",
        "data_source": "openstreetmap",
        "verified_official": false,
        "position_type": "osm_recorded",
        "last_checked": "2026-10-09"
      },
      "geometry": {
        "type": "Point",
        "coordinates": [
          106.7004748,
          10.7294848
        ]
      }
    },
    {
      "type": "Feature",
      "id": "node/11811394794",
      "properties": {
        "name": "Ngã ba Tân Quy",
        "category": "bus_stop",
        "osm_id": "node/11811394794",
        "operator": null,
        "osm_url": "https://www.openstreetmap.org/node/11811394794",
        "data_source": "openstreetmap",
        "verified_official": false,
        "position_type": "osm_recorded",
        "last_checked": "2026-10-09"
      },
      "geometry": {
        "type": "Point",
        "coordinates": [
          106.704609,
          10.7518454
        ]
      }
    },
    {
      "type": "Feature",
      "id": "node/11812136295",
      "properties": {
        "name": "Hoàng Anh Gia Lai 3",
        "category": "bus_stop",
        "osm_id": "node/11812136295",
        "operator": null,
        "osm_url": "https://www.openstreetmap.org/node/11812136295",
        "data_source": "openstreetmap",
        "verified_official": false,
        "position_type": "osm_recorded",
        "last_checked": "2026-10-09"
      },
      "geometry": {
        "type": "Point",
        "coordinates": [
          106.701448,
          10.7199319
        ]
      }
    },
    {
      "type": "Feature",
      "id": "node/11812136296",
      "properties": {
        "name": "Ngã ba Phước Lộc",
        "category": "bus_stop",
        "osm_id": "node/11812136296",
        "operator": null,
        "osm_url": "https://www.openstreetmap.org/node/11812136296",
        "data_source": "openstreetmap",
        "verified_official": false,
        "position_type": "osm_recorded",
        "last_checked": "2026-10-09"
      },
      "geometry": {
        "type": "Point",
        "coordinates": [
          106.7039652,
          10.7157392
        ]
      }
    },
    {
      "type": "Feature",
      "id": "node/11812136297",
      "properties": {
        "name": "Cầu số 1",
        "category": "bus_stop",
        "osm_id": "node/11812136297",
        "operator": null,
        "osm_url": "https://www.openstreetmap.org/node/11812136297",
        "data_source": "openstreetmap",
        "verified_official": false,
        "position_type": "osm_recorded",
        "last_checked": "2026-10-09"
      },
      "geometry": {
        "type": "Point",
        "coordinates": [
          106.706562,
          10.7121392
        ]
      }
    },
    {
      "type": "Feature",
      "id": "node/11812136298",
      "properties": {
        "name": "Làng Đại học Khu B",
        "category": "bus_stop",
        "osm_id": "node/11812136298",
        "operator": null,
        "osm_url": "https://www.openstreetmap.org/node/11812136298",
        "data_source": "openstreetmap",
        "verified_official": false,
        "position_type": "osm_recorded",
        "last_checked": "2026-10-09"
      },
      "geometry": {
        "type": "Point",
        "coordinates": [
          106.7080986,
          10.7101279
        ]
      }
    },
    {
      "type": "Feature",
      "id": "node/11812136299",
      "properties": {
        "name": "Bệnh viện Huyện Nhà Bè",
        "category": "bus_stop",
        "osm_id": "node/11812136299",
        "operator": null,
        "osm_url": "https://www.openstreetmap.org/node/11812136299",
        "data_source": "openstreetmap",
        "verified_official": false,
        "position_type": "osm_recorded",
        "last_checked": "2026-10-09"
      },
      "geometry": {
        "type": "Point",
        "coordinates": [
          106.7098116,
          10.7077734
        ]
      }
    },
    {
      "type": "Feature",
      "id": "node/11812136300",
      "properties": {
        "name": "Khu dân cư Galleria",
        "category": "bus_stop",
        "osm_id": "node/11812136300",
        "operator": null,
        "osm_url": "https://www.openstreetmap.org/node/11812136300",
        "data_source": "openstreetmap",
        "verified_official": false,
        "position_type": "osm_recorded",
        "last_checked": "2026-10-09"
      },
      "geometry": {
        "type": "Point",
        "coordinates": [
          106.7124871,
          10.7041536
        ]
      }
    },
    {
      "type": "Feature",
      "id": "node/11812136301",
      "properties": {
        "name": "Bình Xuyên 2",
        "category": "bus_stop",
        "osm_id": "node/11812136301",
        "operator": null,
        "osm_url": "https://www.openstreetmap.org/node/11812136301",
        "data_source": "openstreetmap",
        "verified_official": false,
        "position_type": "osm_recorded",
        "last_checked": "2026-10-09"
      },
      "geometry": {
        "type": "Point",
        "coordinates": [
          106.7150142,
          10.7006836
        ]
      }
    },
    {
      "type": "Feature",
      "id": "node/11812136302",
      "properties": {
        "name": "Phạm Hữu Lầu",
        "category": "bus_stop",
        "osm_id": "node/11812136302",
        "operator": null,
        "osm_url": "https://www.openstreetmap.org/node/11812136302",
        "data_source": "openstreetmap",
        "verified_official": false,
        "position_type": "osm_recorded",
        "last_checked": "2026-10-09"
      },
      "geometry": {
        "type": "Point",
        "coordinates": [
          106.7176172,
          10.6959294
        ]
      }
    },
    {
      "type": "Feature",
      "id": "node/11812136342",
      "properties": {
        "name": "Phạm Hữu Lầu",
        "category": "bus_stop",
        "osm_id": "node/11812136342",
        "operator": null,
        "osm_url": "https://www.openstreetmap.org/node/11812136342",
        "data_source": "openstreetmap",
        "verified_official": false,
        "position_type": "osm_recorded",
        "last_checked": "2026-10-09"
      },
      "geometry": {
        "type": "Point",
        "coordinates": [
          106.7179868,
          10.6966737
        ]
      }
    },
    {
      "type": "Feature",
      "id": "node/11812136343",
      "properties": {
        "name": "Bình Xuyên 2",
        "category": "bus_stop",
        "osm_id": "node/11812136343",
        "operator": null,
        "osm_url": "https://www.openstreetmap.org/node/11812136343",
        "data_source": "openstreetmap",
        "verified_official": false,
        "position_type": "osm_recorded",
        "last_checked": "2026-10-09"
      },
      "geometry": {
        "type": "Point",
        "coordinates": [
          106.7132148,
          10.7039722
        ]
      }
    },
    {
      "type": "Feature",
      "id": "node/11812136344",
      "properties": {
        "name": "Bệnh viện Huyện Nhà Bè",
        "category": "bus_stop",
        "osm_id": "node/11812136344",
        "operator": null,
        "osm_url": "https://www.openstreetmap.org/node/11812136344",
        "data_source": "openstreetmap",
        "verified_official": false,
        "position_type": "osm_recorded",
        "last_checked": "2026-10-09"
      },
      "geometry": {
        "type": "Point",
        "coordinates": [
          106.7104736,
          10.7077243
        ]
      }
    },
    {
      "type": "Feature",
      "id": "node/11812136345",
      "properties": {
        "name": "Làng Đại học Khu B",
        "category": "bus_stop",
        "osm_id": "node/11812136345",
        "operator": null,
        "osm_url": "https://www.openstreetmap.org/node/11812136345",
        "data_source": "openstreetmap",
        "verified_official": false,
        "position_type": "osm_recorded",
        "last_checked": "2026-10-09"
      },
      "geometry": {
        "type": "Point",
        "coordinates": [
          106.7087775,
          10.7099946
        ]
      }
    },
    {
      "type": "Feature",
      "id": "node/11812136346",
      "properties": {
        "name": "Cầu số 1",
        "category": "bus_stop",
        "osm_id": "node/11812136346",
        "operator": null,
        "osm_url": "https://www.openstreetmap.org/node/11812136346",
        "data_source": "openstreetmap",
        "verified_official": false,
        "position_type": "osm_recorded",
        "last_checked": "2026-10-09"
      },
      "geometry": {
        "type": "Point",
        "coordinates": [
          106.7071454,
          10.7122712
        ]
      }
    },
    {
      "type": "Feature",
      "id": "node/11812136347",
      "properties": {
        "name": "Ngã ba Phước Lộc",
        "category": "bus_stop",
        "osm_id": "node/11812136347",
        "operator": null,
        "osm_url": "https://www.openstreetmap.org/node/11812136347",
        "data_source": "openstreetmap",
        "verified_official": false,
        "position_type": "osm_recorded",
        "last_checked": "2026-10-09"
      },
      "geometry": {
        "type": "Point",
        "coordinates": [
          106.7044507,
          10.7159188
        ]
      }
    },
    {
      "type": "Feature",
      "id": "node/11812136348",
      "properties": {
        "name": "Hoàng Anh Gia Lai 3",
        "category": "bus_stop",
        "osm_id": "node/11812136348",
        "operator": null,
        "osm_url": "https://www.openstreetmap.org/node/11812136348",
        "data_source": "openstreetmap",
        "verified_official": false,
        "position_type": "osm_recorded",
        "last_checked": "2026-10-09"
      },
      "geometry": {
        "type": "Point",
        "coordinates": [
          106.7019993,
          10.7197676
        ]
      }
    },
    {
      "type": "Feature",
      "id": "node/11813897497",
      "properties": {
        "name": "Đường số 9",
        "category": "bus_stop",
        "osm_id": "node/11813897497",
        "operator": null,
        "osm_url": "https://www.openstreetmap.org/node/11813897497",
        "data_source": "openstreetmap",
        "verified_official": false,
        "position_type": "osm_recorded",
        "last_checked": "2026-10-09"
      },
      "geometry": {
        "type": "Point",
        "coordinates": [
          106.8322501,
          10.8192233
        ]
      }
    },
    {
      "type": "Feature",
      "id": "node/11813897498",
      "properties": {
        "name": "Cây xăng Trường Thạnh",
        "category": "bus_stop",
        "osm_id": "node/11813897498",
        "operator": null,
        "osm_url": "https://www.openstreetmap.org/node/11813897498",
        "data_source": "openstreetmap",
        "verified_official": false,
        "position_type": "osm_recorded",
        "last_checked": "2026-10-09"
      },
      "geometry": {
        "type": "Point",
        "coordinates": [
          106.8305114,
          10.8235834
        ]
      }
    },
    {
      "type": "Feature",
      "id": "node/11813897499",
      "properties": {
        "name": "Lò Lu",
        "category": "bus_stop",
        "osm_id": "node/11813897499",
        "operator": null,
        "osm_url": "https://www.openstreetmap.org/node/11813897499",
        "data_source": "openstreetmap",
        "verified_official": false,
        "position_type": "osm_recorded",
        "last_checked": "2026-10-09"
      },
      "geometry": {
        "type": "Point",
        "coordinates": [
          106.8287661,
          10.8249871
        ]
      }
    },
    {
      "type": "Feature",
      "id": "node/11813897500",
      "properties": {
        "name": "Cầu Chùm Chụp",
        "category": "bus_stop",
        "osm_id": "node/11813897500",
        "operator": null,
        "osm_url": "https://www.openstreetmap.org/node/11813897500",
        "data_source": "openstreetmap",
        "verified_official": false,
        "position_type": "osm_recorded",
        "last_checked": "2026-10-09"
      },
      "geometry": {
        "type": "Point",
        "coordinates": [
          106.825949,
          10.8242352
        ]
      }
    },
    {
      "type": "Feature",
      "id": "node/11813897501",
      "properties": {
        "name": "Chợ Trường Thạnh",
        "category": "bus_stop",
        "osm_id": "node/11813897501",
        "operator": null,
        "osm_url": "https://www.openstreetmap.org/node/11813897501",
        "data_source": "openstreetmap",
        "verified_official": false,
        "position_type": "osm_recorded",
        "last_checked": "2026-10-09"
      },
      "geometry": {
        "type": "Point",
        "coordinates": [
          106.8208017,
          10.8264785
        ]
      }
    },
    {
      "type": "Feature",
      "id": "node/11813897502",
      "properties": {
        "name": "Trường Mầm non Trường Thạnh",
        "category": "bus_stop",
        "osm_id": "node/11813897502",
        "operator": null,
        "osm_url": "https://www.openstreetmap.org/node/11813897502",
        "data_source": "openstreetmap",
        "verified_official": false,
        "position_type": "osm_recorded",
        "last_checked": "2026-10-09"
      },
      "geometry": {
        "type": "Point",
        "coordinates": [
          106.8160649,
          10.8260175
        ]
      }
    },
    {
      "type": "Feature",
      "id": "node/11813897503",
      "properties": {
        "name": "Kho bạc nhà nước Quận 9",
        "category": "bus_stop",
        "osm_id": "node/11813897503",
        "operator": null,
        "osm_url": "https://www.openstreetmap.org/node/11813897503",
        "data_source": "openstreetmap",
        "verified_official": false,
        "position_type": "osm_recorded",
        "last_checked": "2026-10-09"
      },
      "geometry": {
        "type": "Point",
        "coordinates": [
          106.8130779,
          10.8254424
        ]
      }
    },
    {
      "type": "Feature",
      "id": "node/11813897504",
      "properties": {
        "name": "Ngã ba Lò Lu",
        "category": "bus_stop",
        "osm_id": "node/11813897504",
        "operator": null,
        "osm_url": "https://www.openstreetmap.org/node/11813897504",
        "data_source": "openstreetmap",
        "verified_official": false,
        "position_type": "osm_recorded",
        "last_checked": "2026-10-09"
      },
      "geometry": {
        "type": "Point",
        "coordinates": [
          106.8086852,
          10.8246114
        ]
      }
    },
    {
      "type": "Feature",
      "id": "node/11813897505",
      "properties": {
        "name": "Ngã tư Samsung",
        "category": "bus_stop",
        "osm_id": "node/11813897505",
        "operator": null,
        "osm_url": "https://www.openstreetmap.org/node/11813897505",
        "data_source": "openstreetmap",
        "verified_official": false,
        "position_type": "osm_recorded",
        "last_checked": "2026-10-09"
      },
      "geometry": {
        "type": "Point",
        "coordinates": [
          106.803401,
          10.8317924
        ]
      }
    },
    {
      "type": "Feature",
      "id": "node/11813897506",
      "properties": {
        "name": "Dốc Xóm Bến",
        "category": "bus_stop",
        "osm_id": "node/11813897506",
        "operator": null,
        "osm_url": "https://www.openstreetmap.org/node/11813897506",
        "data_source": "openstreetmap",
        "verified_official": false,
        "position_type": "osm_recorded",
        "last_checked": "2026-10-09"
      },
      "geometry": {
        "type": "Point",
        "coordinates": [
          106.7993848,
          10.8364886
        ]
      }
    },
    {
      "type": "Feature",
      "id": "node/11813897507",
      "properties": {
        "name": "Ngã ba Xóm Bến",
        "category": "bus_stop",
        "osm_id": "node/11813897507",
        "operator": null,
        "osm_url": "https://www.openstreetmap.org/node/11813897507",
        "data_source": "openstreetmap",
        "verified_official": false,
        "position_type": "osm_recorded",
        "last_checked": "2026-10-09"
      },
      "geometry": {
        "type": "Point",
        "coordinates": [
          106.7967187,
          10.8399529
        ]
      }
    },
    {
      "type": "Feature",
      "id": "node/11813897508",
      "properties": {
        "name": "Khu phố 4",
        "category": "bus_stop",
        "osm_id": "node/11813897508",
        "operator": null,
        "osm_url": "https://www.openstreetmap.org/node/11813897508",
        "data_source": "openstreetmap",
        "verified_official": false,
        "position_type": "osm_recorded",
        "last_checked": "2026-10-09"
      },
      "geometry": {
        "type": "Point",
        "coordinates": [
          106.7984041,
          10.8425684
        ]
      }
    },
    {
      "type": "Feature",
      "id": "node/11813897509",
      "properties": {
        "name": "Ngã ba Nghêu Sò",
        "category": "bus_stop",
        "osm_id": "node/11813897509",
        "operator": null,
        "osm_url": "https://www.openstreetmap.org/node/11813897509",
        "data_source": "openstreetmap",
        "verified_official": false,
        "position_type": "osm_recorded",
        "last_checked": "2026-10-09"
      },
      "geometry": {
        "type": "Point",
        "coordinates": [
          106.7987763,
          10.8460915
        ]
      }
    },
    {
      "type": "Feature",
      "id": "node/11813897522",
      "properties": {
        "name": "Ngã ba Nghêu Sò",
        "category": "bus_stop",
        "osm_id": "node/11813897522",
        "operator": null,
        "osm_url": "https://www.openstreetmap.org/node/11813897522",
        "data_source": "openstreetmap",
        "verified_official": false,
        "position_type": "osm_recorded",
        "last_checked": "2026-10-09"
      },
      "geometry": {
        "type": "Point",
        "coordinates": [
          106.7987849,
          10.8458104
        ]
      }
    },
    {
      "type": "Feature",
      "id": "node/11813897523",
      "properties": {
        "name": "Khu phố 4",
        "category": "bus_stop",
        "osm_id": "node/11813897523",
        "operator": null,
        "osm_url": "https://www.openstreetmap.org/node/11813897523",
        "data_source": "openstreetmap",
        "verified_official": false,
        "position_type": "osm_recorded",
        "last_checked": "2026-10-09"
      },
      "geometry": {
        "type": "Point",
        "coordinates": [
          106.7983796,
          10.8428108
        ]
      }
    },
    {
      "type": "Feature",
      "id": "node/11813897524",
      "properties": {
        "name": "Ngã ba Xóm Bến",
        "category": "bus_stop",
        "osm_id": "node/11813897524",
        "operator": null,
        "osm_url": "https://www.openstreetmap.org/node/11813897524",
        "data_source": "openstreetmap",
        "verified_official": false,
        "position_type": "osm_recorded",
        "last_checked": "2026-10-09"
      },
      "geometry": {
        "type": "Point",
        "coordinates": [
          106.797247,
          10.8403657
        ]
      }
    },
    {
      "type": "Feature",
      "id": "node/11813897525",
      "properties": {
        "name": "Dốc Xóm Bến",
        "category": "bus_stop",
        "osm_id": "node/11813897525",
        "operator": null,
        "osm_url": "https://www.openstreetmap.org/node/11813897525",
        "data_source": "openstreetmap",
        "verified_official": false,
        "position_type": "osm_recorded",
        "last_checked": "2026-10-09"
      },
      "geometry": {
        "type": "Point",
        "coordinates": [
          106.7993857,
          10.8362188
        ]
      }
    },
    {
      "type": "Feature",
      "id": "node/11813897526",
      "properties": {
        "name": "Ngã tư Samsung",
        "category": "bus_stop",
        "osm_id": "node/11813897526",
        "operator": null,
        "osm_url": "https://www.openstreetmap.org/node/11813897526",
        "data_source": "openstreetmap",
        "verified_official": false,
        "position_type": "osm_recorded",
        "last_checked": "2026-10-09"
      },
      "geometry": {
        "type": "Point",
        "coordinates": [
          106.8036934,
          10.8310984
        ]
      }
    },
    {
      "type": "Feature",
      "id": "node/11813897527",
      "properties": {
        "name": "Ngã ba Lò Lu",
        "category": "bus_stop",
        "osm_id": "node/11813897527",
        "operator": null,
        "osm_url": "https://www.openstreetmap.org/node/11813897527",
        "data_source": "openstreetmap",
        "verified_official": false,
        "position_type": "osm_recorded",
        "last_checked": "2026-10-09"
      },
      "geometry": {
        "type": "Point",
        "coordinates": [
          106.8085137,
          10.8244152
        ]
      }
    },
    {
      "type": "Feature",
      "id": "node/11813897528",
      "properties": {
        "name": "Kho bạc nhà nước Quận 9",
        "category": "bus_stop",
        "osm_id": "node/11813897528",
        "operator": null,
        "osm_url": "https://www.openstreetmap.org/node/11813897528",
        "data_source": "openstreetmap",
        "verified_official": false,
        "position_type": "osm_recorded",
        "last_checked": "2026-10-09"
      },
      "geometry": {
        "type": "Point",
        "coordinates": [
          106.8124721,
          10.8252142
        ]
      }
    },
    {
      "type": "Feature",
      "id": "node/11813897529",
      "properties": {
        "name": "Trường Mầm non Trường Thạnh",
        "category": "bus_stop",
        "osm_id": "node/11813897529",
        "operator": null,
        "osm_url": "https://www.openstreetmap.org/node/11813897529",
        "data_source": "openstreetmap",
        "verified_official": false,
        "position_type": "osm_recorded",
        "last_checked": "2026-10-09"
      },
      "geometry": {
        "type": "Point",
        "coordinates": [
          106.8156796,
          10.825813
        ]
      }
    },
    {
      "type": "Feature",
      "id": "node/11813897530",
      "properties": {
        "name": "Chợ Trường Thạnh",
        "category": "bus_stop",
        "osm_id": "node/11813897530",
        "operator": null,
        "osm_url": "https://www.openstreetmap.org/node/11813897530",
        "data_source": "openstreetmap",
        "verified_official": false,
        "position_type": "osm_recorded",
        "last_checked": "2026-10-09"
      },
      "geometry": {
        "type": "Point",
        "coordinates": [
          106.8211701,
          10.8262375
        ]
      }
    },
    {
      "type": "Feature",
      "id": "node/11813897531",
      "properties": {
        "name": "Cầu Chùm Chụp",
        "category": "bus_stop",
        "osm_id": "node/11813897531",
        "operator": null,
        "osm_url": "https://www.openstreetmap.org/node/11813897531",
        "data_source": "openstreetmap",
        "verified_official": false,
        "position_type": "osm_recorded",
        "last_checked": "2026-10-09"
      },
      "geometry": {
        "type": "Point",
        "coordinates": [
          106.8260498,
          10.8240029
        ]
      }
    },
    {
      "type": "Feature",
      "id": "node/11813897532",
      "properties": {
        "name": "Lò Lu",
        "category": "bus_stop",
        "osm_id": "node/11813897532",
        "operator": null,
        "osm_url": "https://www.openstreetmap.org/node/11813897532",
        "data_source": "openstreetmap",
        "verified_official": false,
        "position_type": "osm_recorded",
        "last_checked": "2026-10-09"
      },
      "geometry": {
        "type": "Point",
        "coordinates": [
          106.8289756,
          10.8249607
        ]
      }
    },
    {
      "type": "Feature",
      "id": "node/11813897533",
      "properties": {
        "name": "Cây xăng Trường Thạnh",
        "category": "bus_stop",
        "osm_id": "node/11813897533",
        "operator": null,
        "osm_url": "https://www.openstreetmap.org/node/11813897533",
        "data_source": "openstreetmap",
        "verified_official": false,
        "position_type": "osm_recorded",
        "last_checked": "2026-10-09"
      },
      "geometry": {
        "type": "Point",
        "coordinates": [
          106.8304806,
          10.8233977
        ]
      }
    },
    {
      "type": "Feature",
      "id": "node/11813897534",
      "properties": {
        "name": "Đường số 9",
        "category": "bus_stop",
        "osm_id": "node/11813897534",
        "operator": null,
        "osm_url": "https://www.openstreetmap.org/node/11813897534",
        "data_source": "openstreetmap",
        "verified_official": false,
        "position_type": "osm_recorded",
        "last_checked": "2026-10-09"
      },
      "geometry": {
        "type": "Point",
        "coordinates": [
          106.832219,
          10.818983
        ]
      }
    },
    {
      "type": "Feature",
      "id": "node/11838346581",
      "properties": {
        "name": "Nhà thiếu nhi Quận 2",
        "category": "bus_stop",
        "osm_id": "node/11838346581",
        "operator": null,
        "osm_url": "https://www.openstreetmap.org/node/11838346581",
        "data_source": "openstreetmap",
        "verified_official": false,
        "position_type": "osm_recorded",
        "last_checked": "2026-10-09"
      },
      "geometry": {
        "type": "Point",
        "coordinates": [
          106.7621019,
          10.7877483
        ]
      }
    },
    {
      "type": "Feature",
      "id": "node/11838346582",
      "properties": {
        "name": "Công ty Bình An",
        "category": "bus_stop",
        "osm_id": "node/11838346582",
        "operator": null,
        "osm_url": "https://www.openstreetmap.org/node/11838346582",
        "data_source": "openstreetmap",
        "verified_official": false,
        "position_type": "osm_recorded",
        "last_checked": "2026-10-09"
      },
      "geometry": {
        "type": "Point",
        "coordinates": [
          106.7646237,
          10.7875189
        ]
      }
    },
    {
      "type": "Feature",
      "id": "node/11838346583",
      "properties": {
        "name": "Ngã ba Đỗ Xuân Hợp",
        "category": "bus_stop",
        "osm_id": "node/11838346583",
        "operator": null,
        "osm_url": "https://www.openstreetmap.org/node/11838346583",
        "data_source": "openstreetmap",
        "verified_official": false,
        "position_type": "osm_recorded",
        "last_checked": "2026-10-09"
      },
      "geometry": {
        "type": "Point",
        "coordinates": [
          106.7821147,
          10.790373
        ]
      }
    },
    {
      "type": "Feature",
      "id": "node/11838346584",
      "properties": {
        "name": "Công ty Thành Công",
        "category": "bus_stop",
        "osm_id": "node/11838346584",
        "operator": null,
        "osm_url": "https://www.openstreetmap.org/node/11838346584",
        "data_source": "openstreetmap",
        "verified_official": false,
        "position_type": "osm_recorded",
        "last_checked": "2026-10-09"
      },
      "geometry": {
        "type": "Point",
        "coordinates": [
          106.7846835,
          10.7905371
        ]
      }
    },
    {
      "type": "Feature",
      "id": "node/11838346586",
      "properties": {
        "name": "Vành đai trong - 36 Nguyễn Duy Trinh",
        "category": "bus_stop",
        "osm_id": "node/11838346586",
        "operator": null,
        "osm_url": "https://www.openstreetmap.org/node/11838346586",
        "data_source": "openstreetmap",
        "verified_official": false,
        "position_type": "osm_recorded",
        "last_checked": "2026-10-09"
      },
      "geometry": {
        "type": "Point",
        "coordinates": [
          106.7909941,
          10.7908557
        ]
      }
    },
    {
      "type": "Feature",
      "id": "node/11838346587",
      "properties": {
        "name": "Trường Hoa Hồng Đỏ",
        "category": "bus_stop",
        "osm_id": "node/11838346587",
        "operator": null,
        "osm_url": "https://www.openstreetmap.org/node/11838346587",
        "data_source": "openstreetmap",
        "verified_official": false,
        "position_type": "osm_recorded",
        "last_checked": "2026-10-09"
      },
      "geometry": {
        "type": "Point",
        "coordinates": [
          106.7942398,
          10.7910208
        ]
      }
    },
    {
      "type": "Feature",
      "id": "node/11838346612",
      "properties": {
        "name": "Trường Hoa Hồng Đỏ",
        "category": "bus_stop",
        "osm_id": "node/11838346612",
        "operator": null,
        "osm_url": "https://www.openstreetmap.org/node/11838346612",
        "data_source": "openstreetmap",
        "verified_official": false,
        "position_type": "osm_recorded",
        "last_checked": "2026-10-09"
      },
      "geometry": {
        "type": "Point",
        "coordinates": [
          106.7946444,
          10.7911504
        ]
      }
    },
    {
      "type": "Feature",
      "id": "node/11838346613",
      "properties": {
        "name": "Vành đai trong - 817 Nguyễn Duy Trinh",
        "category": "bus_stop",
        "osm_id": "node/11838346613",
        "operator": null,
        "osm_url": "https://www.openstreetmap.org/node/11838346613",
        "data_source": "openstreetmap",
        "verified_official": false,
        "position_type": "osm_recorded",
        "last_checked": "2026-10-09"
      },
      "geometry": {
        "type": "Point",
        "coordinates": [
          106.790745,
          10.790944
        ]
      }
    },
    {
      "type": "Feature",
      "id": "node/11838346614",
      "properties": {
        "name": "Cầu Xây Dựng",
        "category": "bus_stop",
        "osm_id": "node/11838346614",
        "operator": null,
        "osm_url": "https://www.openstreetmap.org/node/11838346614",
        "data_source": "openstreetmap",
        "verified_official": false,
        "position_type": "osm_recorded",
        "last_checked": "2026-10-09"
      },
      "geometry": {
        "type": "Point",
        "coordinates": [
          106.788041,
          10.7908018
        ]
      }
    },
    {
      "type": "Feature",
      "id": "node/11838346615",
      "properties": {
        "name": "Công ty Thành Công",
        "category": "bus_stop",
        "osm_id": "node/11838346615",
        "operator": null,
        "osm_url": "https://www.openstreetmap.org/node/11838346615",
        "data_source": "openstreetmap",
        "verified_official": false,
        "position_type": "osm_recorded",
        "last_checked": "2026-10-09"
      },
      "geometry": {
        "type": "Point",
        "coordinates": [
          106.7845192,
          10.7906238
        ]
      }
    },
    {
      "type": "Feature",
      "id": "node/11838346616",
      "properties": {
        "name": "Ngã ba Đỗ Xuân Hợp",
        "category": "bus_stop",
        "osm_id": "node/11838346616",
        "operator": null,
        "osm_url": "https://www.openstreetmap.org/node/11838346616",
        "data_source": "openstreetmap",
        "verified_official": false,
        "position_type": "osm_recorded",
        "last_checked": "2026-10-09"
      },
      "geometry": {
        "type": "Point",
        "coordinates": [
          106.7822253,
          10.7905033
        ]
      }
    },
    {
      "type": "Feature",
      "id": "node/11838346617",
      "properties": {
        "name": "Công ty Bình An",
        "category": "bus_stop",
        "osm_id": "node/11838346617",
        "operator": null,
        "osm_url": "https://www.openstreetmap.org/node/11838346617",
        "data_source": "openstreetmap",
        "verified_official": false,
        "position_type": "osm_recorded",
        "last_checked": "2026-10-09"
      },
      "geometry": {
        "type": "Point",
        "coordinates": [
          106.7655598,
          10.7878413
        ]
      }
    },
    {
      "type": "Feature",
      "id": "node/11838346618",
      "properties": {
        "name": "Nhà thiếu nhi Quận 2",
        "category": "bus_stop",
        "osm_id": "node/11838346618",
        "operator": null,
        "osm_url": "https://www.openstreetmap.org/node/11838346618",
        "data_source": "openstreetmap",
        "verified_official": false,
        "position_type": "osm_recorded",
        "last_checked": "2026-10-09"
      },
      "geometry": {
        "type": "Point",
        "coordinates": [
          106.7618731,
          10.7878674
        ]
      }
    },
    {
      "type": "Feature",
      "id": "node/11838346619",
      "properties": {
        "name": "Trường Trung học cơ sở Giồng Ông Tố",
        "category": "bus_stop",
        "osm_id": "node/11838346619",
        "operator": null,
        "osm_url": "https://www.openstreetmap.org/node/11838346619",
        "data_source": "openstreetmap",
        "verified_official": false,
        "position_type": "osm_recorded",
        "last_checked": "2026-10-09"
      },
      "geometry": {
        "type": "Point",
        "coordinates": [
          106.7584572,
          10.7882279
        ]
      }
    },
    {
      "type": "Feature",
      "id": "node/11846011871",
      "properties": {
        "name": "UBND Phường Đakao",
        "category": "bus_stop",
        "osm_id": "node/11846011871",
        "operator": null,
        "osm_url": "https://www.openstreetmap.org/node/11846011871",
        "data_source": "openstreetmap",
        "verified_official": false,
        "position_type": "osm_recorded",
        "last_checked": "2026-10-09"
      },
      "geometry": {
        "type": "Point",
        "coordinates": [
          106.6998278,
          10.7888191
        ]
      }
    },
    {
      "type": "Feature",
      "id": "node/11846011872",
      "properties": {
        "name": "Mạc Đĩnh Chi",
        "category": "bus_stop",
        "osm_id": "node/11846011872",
        "operator": null,
        "osm_url": "https://www.openstreetmap.org/node/11846011872",
        "data_source": "openstreetmap",
        "verified_official": false,
        "position_type": "osm_recorded",
        "last_checked": "2026-10-09"
      },
      "geometry": {
        "type": "Point",
        "coordinates": [
          106.6980755,
          10.7869617
        ]
      }
    },
    {
      "type": "Feature",
      "id": "node/11846011873",
      "properties": {
        "name": "Hai Bà Trưng",
        "category": "bus_stop",
        "osm_id": "node/11846011873",
        "operator": null,
        "osm_url": "https://www.openstreetmap.org/node/11846011873",
        "data_source": "openstreetmap",
        "verified_official": false,
        "position_type": "osm_recorded",
        "last_checked": "2026-10-09"
      },
      "geometry": {
        "type": "Point",
        "coordinates": [
          106.6964717,
          10.7852597
        ]
      }
    },
    {
      "type": "Feature",
      "id": "node/11847376736",
      "properties": {
        "name": "Khu dân cư Thạnh Mỹ Lợi",
        "category": "bus_stop",
        "osm_id": "node/11847376736",
        "operator": null,
        "osm_url": "https://www.openstreetmap.org/node/11847376736",
        "data_source": "openstreetmap",
        "verified_official": false,
        "position_type": "osm_recorded",
        "last_checked": "2026-10-09"
      },
      "geometry": {
        "type": "Point",
        "coordinates": [
          106.7704719,
          10.770673
        ]
      }
    },
    {
      "type": "Feature",
      "id": "node/11847376737",
      "properties": {
        "name": "Trường Tiểu học Lương Thế Vinh",
        "category": "bus_stop",
        "osm_id": "node/11847376737",
        "operator": null,
        "osm_url": "https://www.openstreetmap.org/node/11847376737",
        "data_source": "openstreetmap",
        "verified_official": false,
        "position_type": "osm_recorded",
        "last_checked": "2026-10-09"
      },
      "geometry": {
        "type": "Point",
        "coordinates": [
          106.7576053,
          10.7739726
        ]
      }
    },
    {
      "type": "Feature",
      "id": "node/11847376738",
      "properties": {
        "name": "UBND Thành phố Thủ Đức",
        "category": "bus_stop",
        "osm_id": "node/11847376738",
        "operator": null,
        "osm_url": "https://www.openstreetmap.org/node/11847376738",
        "data_source": "openstreetmap",
        "verified_official": false,
        "position_type": "osm_recorded",
        "last_checked": "2026-10-09"
      },
      "geometry": {
        "type": "Point",
        "coordinates": [
          106.7567301,
          10.7774667
        ]
      }
    },
    {
      "type": "Feature",
      "id": "node/11847376748",
      "properties": {
        "name": "Hoa cảnh Sài Gòn",
        "category": "bus_stop",
        "osm_id": "node/11847376748",
        "operator": null,
        "osm_url": "https://www.openstreetmap.org/node/11847376748",
        "data_source": "openstreetmap",
        "verified_official": false,
        "position_type": "osm_recorded",
        "last_checked": "2026-10-09"
      },
      "geometry": {
        "type": "Point",
        "coordinates": [
          106.8128041,
          10.855779
        ]
      }
    },
    {
      "type": "Feature",
      "id": "node/11847376749",
      "properties": {
        "name": "Đường số 100",
        "category": "bus_stop",
        "osm_id": "node/11847376749",
        "operator": null,
        "osm_url": "https://www.openstreetmap.org/node/11847376749",
        "data_source": "openstreetmap",
        "verified_official": false,
        "position_type": "osm_recorded",
        "last_checked": "2026-10-09"
      },
      "geometry": {
        "type": "Point",
        "coordinates": [
          106.8091678,
          10.8544745
        ]
      }
    },
    {
      "type": "Feature",
      "id": "node/11847376750",
      "properties": {
        "name": "Trạm cuối đường Cầu Xây",
        "category": "bus_stop",
        "osm_id": "node/11847376750",
        "operator": null,
        "osm_url": "https://www.openstreetmap.org/node/11847376750",
        "data_source": "openstreetmap",
        "verified_official": false,
        "position_type": "osm_recorded",
        "last_checked": "2026-10-09"
      },
      "geometry": {
        "type": "Point",
        "coordinates": [
          106.8074957,
          10.8539399
        ]
      }
    },
    {
      "type": "Feature",
      "id": "node/11847376751",
      "properties": {
        "name": "Trạm đầu Nam Cao",
        "category": "bus_stop",
        "osm_id": "node/11847376751",
        "operator": null,
        "osm_url": "https://www.openstreetmap.org/node/11847376751",
        "data_source": "openstreetmap",
        "verified_official": false,
        "position_type": "osm_recorded",
        "last_checked": "2026-10-09"
      },
      "geometry": {
        "type": "Point",
        "coordinates": [
          106.8031881,
          10.8556307
        ]
      }
    },
    {
      "type": "Feature",
      "id": "node/11847376752",
      "properties": {
        "name": "Trường Trung học cơ sở Tân Phú",
        "category": "bus_stop",
        "osm_id": "node/11847376752",
        "operator": null,
        "osm_url": "https://www.openstreetmap.org/node/11847376752",
        "data_source": "openstreetmap",
        "verified_official": false,
        "position_type": "osm_recorded",
        "last_checked": "2026-10-09"
      },
      "geometry": {
        "type": "Point",
        "coordinates": [
          106.8010365,
          10.8583179
        ]
      }
    },
    {
      "type": "Feature",
      "id": "node/11847376753",
      "properties": {
        "name": "Trạm y tế Phường Tân Phú",
        "category": "bus_stop",
        "osm_id": "node/11847376753",
        "operator": null,
        "osm_url": "https://www.openstreetmap.org/node/11847376753",
        "data_source": "openstreetmap",
        "verified_official": false,
        "position_type": "osm_recorded",
        "last_checked": "2026-10-09"
      },
      "geometry": {
        "type": "Point",
        "coordinates": [
          106.7995915,
          10.8602003
        ]
      }
    },
    {
      "type": "Feature",
      "id": "node/11847376755",
      "properties": {
        "name": "Trạm y tế Phường Tân Phú",
        "category": "bus_stop",
        "osm_id": "node/11847376755",
        "operator": null,
        "osm_url": "https://www.openstreetmap.org/node/11847376755",
        "data_source": "openstreetmap",
        "verified_official": false,
        "position_type": "osm_recorded",
        "last_checked": "2026-10-09"
      },
      "geometry": {
        "type": "Point",
        "coordinates": [
          106.7996588,
          10.8600187
        ]
      }
    },
    {
      "type": "Feature",
      "id": "node/11847376756",
      "properties": {
        "name": "Trường Trung học cơ sở Tân Phú",
        "category": "bus_stop",
        "osm_id": "node/11847376756",
        "operator": null,
        "osm_url": "https://www.openstreetmap.org/node/11847376756",
        "data_source": "openstreetmap",
        "verified_official": false,
        "position_type": "osm_recorded",
        "last_checked": "2026-10-09"
      },
      "geometry": {
        "type": "Point",
        "coordinates": [
          106.8010179,
          10.8582024
        ]
      }
    },
    {
      "type": "Feature",
      "id": "node/11847376757",
      "properties": {
        "name": "Trạm đầu Nam Cao",
        "category": "bus_stop",
        "osm_id": "node/11847376757",
        "operator": null,
        "osm_url": "https://www.openstreetmap.org/node/11847376757",
        "data_source": "openstreetmap",
        "verified_official": false,
        "position_type": "osm_recorded",
        "last_checked": "2026-10-09"
      },
      "geometry": {
        "type": "Point",
        "coordinates": [
          106.8027641,
          10.8559949
        ]
      }
    },
    {
      "type": "Feature",
      "id": "node/11847376758",
      "properties": {
        "name": "Trạm cuối đường Cầu Xây",
        "category": "bus_stop",
        "osm_id": "node/11847376758",
        "operator": null,
        "osm_url": "https://www.openstreetmap.org/node/11847376758",
        "data_source": "openstreetmap",
        "verified_official": false,
        "position_type": "osm_recorded",
        "last_checked": "2026-10-09"
      },
      "geometry": {
        "type": "Point",
        "coordinates": [
          106.8077316,
          10.8539011
        ]
      }
    },
    {
      "type": "Feature",
      "id": "node/11847376759",
      "properties": {
        "name": "Đường số 100",
        "category": "bus_stop",
        "osm_id": "node/11847376759",
        "operator": null,
        "osm_url": "https://www.openstreetmap.org/node/11847376759",
        "data_source": "openstreetmap",
        "verified_official": false,
        "position_type": "osm_recorded",
        "last_checked": "2026-10-09"
      },
      "geometry": {
        "type": "Point",
        "coordinates": [
          106.8096828,
          10.854579
        ]
      }
    },
    {
      "type": "Feature",
      "id": "node/11847376760",
      "properties": {
        "name": "Hoa cảnh Sài Gòn",
        "category": "bus_stop",
        "osm_id": "node/11847376760",
        "operator": null,
        "osm_url": "https://www.openstreetmap.org/node/11847376760",
        "data_source": "openstreetmap",
        "verified_official": false,
        "position_type": "osm_recorded",
        "last_checked": "2026-10-09"
      },
      "geometry": {
        "type": "Point",
        "coordinates": [
          106.8127488,
          10.8556967
        ]
      }
    },
    {
      "type": "Feature",
      "id": "node/11847381469",
      "properties": {
        "name": "Trường Tiểu học Lương Thế Vinh",
        "category": "bus_stop",
        "osm_id": "node/11847381469",
        "operator": null,
        "osm_url": "https://www.openstreetmap.org/node/11847381469",
        "data_source": "openstreetmap",
        "verified_official": false,
        "position_type": "osm_recorded",
        "last_checked": "2026-10-09"
      },
      "geometry": {
        "type": "Point",
        "coordinates": [
          106.7576703,
          10.7735621
        ]
      }
    },
    {
      "type": "Feature",
      "id": "node/11847381540",
      "properties": {
        "name": "Đường 38",
        "category": "bus_stop",
        "osm_id": "node/11847381540",
        "operator": null,
        "osm_url": "https://www.openstreetmap.org/node/11847381540",
        "data_source": "openstreetmap",
        "verified_official": false,
        "position_type": "osm_recorded",
        "last_checked": "2026-10-09"
      },
      "geometry": {
        "type": "Point",
        "coordinates": [
          106.6220916,
          10.7380841
        ]
      }
    },
    {
      "type": "Feature",
      "id": "node/11847381541",
      "properties": {
        "name": "Đường số 23",
        "category": "bus_stop",
        "osm_id": "node/11847381541",
        "operator": null,
        "osm_url": "https://www.openstreetmap.org/node/11847381541",
        "data_source": "openstreetmap",
        "verified_official": false,
        "position_type": "osm_recorded",
        "last_checked": "2026-10-09"
      },
      "geometry": {
        "type": "Point",
        "coordinates": [
          106.6262049,
          10.7419069
        ]
      }
    },
    {
      "type": "Feature",
      "id": "node/11861137463",
      "properties": {
        "name": "Chùa Viên Minh",
        "category": "bus_stop",
        "osm_id": "node/11861137463",
        "operator": null,
        "osm_url": "https://www.openstreetmap.org/node/11861137463",
        "data_source": "openstreetmap",
        "verified_official": false,
        "position_type": "osm_recorded",
        "last_checked": "2026-10-09"
      },
      "geometry": {
        "type": "Point",
        "coordinates": [
          106.6600307,
          10.7223007
        ]
      }
    },
    {
      "type": "Feature",
      "id": "node/11861137464",
      "properties": {
        "name": "Sân bóng mini - Cột điện T288P Nguyễn Văn Linh",
        "category": "bus_stop",
        "osm_id": "node/11861137464",
        "operator": null,
        "osm_url": "https://www.openstreetmap.org/node/11861137464",
        "data_source": "openstreetmap",
        "verified_official": false,
        "position_type": "osm_recorded",
        "last_checked": "2026-10-09"
      },
      "geometry": {
        "type": "Point",
        "coordinates": [
          106.6731779,
          10.7273588
        ]
      }
    },
    {
      "type": "Feature",
      "id": "node/11861137465",
      "properties": {
        "name": "Phạm Hùng",
        "category": "bus_stop",
        "osm_id": "node/11861137465",
        "operator": null,
        "osm_url": "https://www.openstreetmap.org/node/11861137465",
        "data_source": "openstreetmap",
        "verified_official": false,
        "position_type": "osm_recorded",
        "last_checked": "2026-10-09"
      },
      "geometry": {
        "type": "Point",
        "coordinates": [
          106.6767942,
          10.727516
        ]
      }
    },
    {
      "type": "Feature",
      "id": "node/11862427836",
      "properties": {
        "name": "Khu dân cư Kỷ Nguyên",
        "category": "bus_stop",
        "osm_id": "node/11862427836",
        "operator": null,
        "osm_url": "https://www.openstreetmap.org/node/11862427836",
        "data_source": "openstreetmap",
        "verified_official": false,
        "position_type": "osm_recorded",
        "last_checked": "2026-10-09"
      },
      "geometry": {
        "type": "Point",
        "coordinates": [
          106.7352155,
          10.7049493
        ]
      }
    },
    {
      "type": "Feature",
      "id": "node/11862427837",
      "properties": {
        "name": "Đường 15B",
        "category": "bus_stop",
        "osm_id": "node/11862427837",
        "operator": null,
        "osm_url": "https://www.openstreetmap.org/node/11862427837",
        "data_source": "openstreetmap",
        "verified_official": false,
        "position_type": "osm_recorded",
        "last_checked": "2026-10-09"
      },
      "geometry": {
        "type": "Point",
        "coordinates": [
          106.7301133,
          10.704325
        ]
      }
    },
    {
      "type": "Feature",
      "id": "node/11862427838",
      "properties": {
        "name": "Cầu Phước Long",
        "category": "bus_stop",
        "osm_id": "node/11862427838",
        "operator": null,
        "osm_url": "https://www.openstreetmap.org/node/11862427838",
        "data_source": "openstreetmap",
        "verified_official": false,
        "position_type": "osm_recorded",
        "last_checked": "2026-10-09"
      },
      "geometry": {
        "type": "Point",
        "coordinates": [
          106.7219393,
          10.7024523
        ]
      }
    },
    {
      "type": "Feature",
      "id": "node/11862427839",
      "properties": {
        "name": "Nguyễn Hữu Thọ",
        "category": "bus_stop",
        "osm_id": "node/11862427839",
        "operator": null,
        "osm_url": "https://www.openstreetmap.org/node/11862427839",
        "data_source": "openstreetmap",
        "verified_official": false,
        "position_type": "osm_recorded",
        "last_checked": "2026-10-09"
      },
      "geometry": {
        "type": "Point",
        "coordinates": [
          106.7186123,
          10.6975138
        ]
      }
    },
    {
      "type": "Feature",
      "id": "node/11862427840",
      "properties": {
        "name": "Phạm Hữu Lầu",
        "category": "bus_stop",
        "osm_id": "node/11862427840",
        "operator": null,
        "osm_url": "https://www.openstreetmap.org/node/11862427840",
        "data_source": "openstreetmap",
        "verified_official": false,
        "position_type": "osm_recorded",
        "last_checked": "2026-10-09"
      },
      "geometry": {
        "type": "Point",
        "coordinates": [
          106.7069392,
          10.6946302
        ]
      }
    },
    {
      "type": "Feature",
      "id": "node/11862427841",
      "properties": {
        "name": "Thu Liễu",
        "category": "bus_stop",
        "osm_id": "node/11862427841",
        "operator": null,
        "osm_url": "https://www.openstreetmap.org/node/11862427841",
        "data_source": "openstreetmap",
        "verified_official": false,
        "position_type": "osm_recorded",
        "last_checked": "2026-10-09"
      },
      "geometry": {
        "type": "Point",
        "coordinates": [
          106.7043021,
          10.7003249
        ]
      }
    },
    {
      "type": "Feature",
      "id": "node/11862427842",
      "properties": {
        "name": "Bệnh viện Huyện Nhà Bè",
        "category": "bus_stop",
        "osm_id": "node/11862427842",
        "operator": null,
        "osm_url": "https://www.openstreetmap.org/node/11862427842",
        "data_source": "openstreetmap",
        "verified_official": false,
        "position_type": "osm_recorded",
        "last_checked": "2026-10-09"
      },
      "geometry": {
        "type": "Point",
        "coordinates": [
          106.703706,
          10.7045982
        ]
      }
    },
    {
      "type": "Feature",
      "id": "node/11862427843",
      "properties": {
        "name": "Ngọc Lâm",
        "category": "bus_stop",
        "osm_id": "node/11862427843",
        "operator": null,
        "osm_url": "https://www.openstreetmap.org/node/11862427843",
        "data_source": "openstreetmap",
        "verified_official": false,
        "position_type": "osm_recorded",
        "last_checked": "2026-10-09"
      },
      "geometry": {
        "type": "Point",
        "coordinates": [
          106.7028611,
          10.7085819
        ]
      }
    },
    {
      "type": "Feature",
      "id": "node/11862427844",
      "properties": {
        "name": "Đào Sư Tích",
        "category": "bus_stop",
        "osm_id": "node/11862427844",
        "operator": null,
        "osm_url": "https://www.openstreetmap.org/node/11862427844",
        "data_source": "openstreetmap",
        "verified_official": false,
        "position_type": "osm_recorded",
        "last_checked": "2026-10-09"
      },
      "geometry": {
        "type": "Point",
        "coordinates": [
          106.7012892,
          10.7132991
        ]
      }
    },
    {
      "type": "Feature",
      "id": "node/11862427845",
      "properties": {
        "name": "Trường Trung học cơ sở Lê Thành Công",
        "category": "bus_stop",
        "osm_id": "node/11862427845",
        "operator": null,
        "osm_url": "https://www.openstreetmap.org/node/11862427845",
        "data_source": "openstreetmap",
        "verified_official": false,
        "position_type": "osm_recorded",
        "last_checked": "2026-10-09"
      },
      "geometry": {
        "type": "Point",
        "coordinates": [
          106.6964752,
          10.7122115
        ]
      }
    },
    {
      "type": "Feature",
      "id": "node/11862427846",
      "properties": {
        "name": "274 Đào Sư Tích",
        "category": "bus_stop",
        "osm_id": "node/11862427846",
        "operator": null,
        "osm_url": "https://www.openstreetmap.org/node/11862427846",
        "data_source": "openstreetmap",
        "verified_official": false,
        "position_type": "osm_recorded",
        "last_checked": "2026-10-09"
      },
      "geometry": {
        "type": "Point",
        "coordinates": [
          106.6885656,
          10.7072199
        ]
      }
    },
    {
      "type": "Feature",
      "id": "node/11862427847",
      "properties": {
        "name": "414 Đào Sư Tích",
        "category": "bus_stop",
        "osm_id": "node/11862427847",
        "operator": null,
        "osm_url": "https://www.openstreetmap.org/node/11862427847",
        "data_source": "openstreetmap",
        "verified_official": false,
        "position_type": "osm_recorded",
        "last_checked": "2026-10-09"
      },
      "geometry": {
        "type": "Point",
        "coordinates": [
          106.686174,
          10.7000899
        ]
      }
    },
    {
      "type": "Feature",
      "id": "node/11862427849",
      "properties": {
        "name": "328 Đào Sư Tích",
        "category": "bus_stop",
        "osm_id": "node/11862427849",
        "operator": null,
        "osm_url": "https://www.openstreetmap.org/node/11862427849",
        "data_source": "openstreetmap",
        "verified_official": false,
        "position_type": "osm_recorded",
        "last_checked": "2026-10-09"
      },
      "geometry": {
        "type": "Point",
        "coordinates": [
          106.685162,
          10.6974887
        ]
      }
    },
    {
      "type": "Feature",
      "id": "node/11862427850",
      "properties": {
        "name": "466 Đào Sư Tích",
        "category": "bus_stop",
        "osm_id": "node/11862427850",
        "operator": null,
        "osm_url": "https://www.openstreetmap.org/node/11862427850",
        "data_source": "openstreetmap",
        "verified_official": false,
        "position_type": "osm_recorded",
        "last_checked": "2026-10-09"
      },
      "geometry": {
        "type": "Point",
        "coordinates": [
          106.6849477,
          10.6968265
        ]
      }
    },
    {
      "type": "Feature",
      "id": "node/11862427852",
      "properties": {
        "name": "Đối diện 466 Đào Sư Tích",
        "category": "bus_stop",
        "osm_id": "node/11862427852",
        "operator": null,
        "osm_url": "https://www.openstreetmap.org/node/11862427852",
        "data_source": "openstreetmap",
        "verified_official": false,
        "position_type": "osm_recorded",
        "last_checked": "2026-10-09"
      },
      "geometry": {
        "type": "Point",
        "coordinates": [
          106.6850428,
          10.6966606
        ]
      }
    },
    {
      "type": "Feature",
      "id": "node/11862427853",
      "properties": {
        "name": "327 Đào Sư Tích",
        "category": "bus_stop",
        "osm_id": "node/11862427853",
        "operator": null,
        "osm_url": "https://www.openstreetmap.org/node/11862427853",
        "data_source": "openstreetmap",
        "verified_official": false,
        "position_type": "osm_recorded",
        "last_checked": "2026-10-09"
      },
      "geometry": {
        "type": "Point",
        "coordinates": [
          106.6864294,
          10.7002424
        ]
      }
    },
    {
      "type": "Feature",
      "id": "node/11862427854",
      "properties": {
        "name": "265 Đào Sư Tích",
        "category": "bus_stop",
        "osm_id": "node/11862427854",
        "operator": null,
        "osm_url": "https://www.openstreetmap.org/node/11862427854",
        "data_source": "openstreetmap",
        "verified_official": false,
        "position_type": "osm_recorded",
        "last_checked": "2026-10-09"
      },
      "geometry": {
        "type": "Point",
        "coordinates": [
          106.6876498,
          10.7032549
        ]
      }
    },
    {
      "type": "Feature",
      "id": "node/11862427855",
      "properties": {
        "name": "Trường Trung học cơ sở Lê Thành Công",
        "category": "bus_stop",
        "osm_id": "node/11862427855",
        "operator": null,
        "osm_url": "https://www.openstreetmap.org/node/11862427855",
        "data_source": "openstreetmap",
        "verified_official": false,
        "position_type": "osm_recorded",
        "last_checked": "2026-10-09"
      },
      "geometry": {
        "type": "Point",
        "coordinates": [
          106.6969369,
          10.7122112
        ]
      }
    },
    {
      "type": "Feature",
      "id": "node/11862427856",
      "properties": {
        "name": "Đào Sư Tích",
        "category": "bus_stop",
        "osm_id": "node/11862427856",
        "operator": null,
        "osm_url": "https://www.openstreetmap.org/node/11862427856",
        "data_source": "openstreetmap",
        "verified_official": false,
        "position_type": "osm_recorded",
        "last_checked": "2026-10-09"
      },
      "geometry": {
        "type": "Point",
        "coordinates": [
          106.7012232,
          10.7130048
        ]
      }
    },
    {
      "type": "Feature",
      "id": "node/11862427857",
      "properties": {
        "name": "Ngọc Lâm",
        "category": "bus_stop",
        "osm_id": "node/11862427857",
        "operator": null,
        "osm_url": "https://www.openstreetmap.org/node/11862427857",
        "data_source": "openstreetmap",
        "verified_official": false,
        "position_type": "osm_recorded",
        "last_checked": "2026-10-09"
      },
      "geometry": {
        "type": "Point",
        "coordinates": [
          106.7027666,
          10.7082432
        ]
      }
    },
    {
      "type": "Feature",
      "id": "node/11862427858",
      "properties": {
        "name": "Bệnh viện Huyện Nhà Bè",
        "category": "bus_stop",
        "osm_id": "node/11862427858",
        "operator": null,
        "osm_url": "https://www.openstreetmap.org/node/11862427858",
        "data_source": "openstreetmap",
        "verified_official": false,
        "position_type": "osm_recorded",
        "last_checked": "2026-10-09"
      },
      "geometry": {
        "type": "Point",
        "coordinates": [
          106.7035103,
          10.7049587
        ]
      }
    },
    {
      "type": "Feature",
      "id": "node/11862427859",
      "properties": {
        "name": "Thu Liễu",
        "category": "bus_stop",
        "osm_id": "node/11862427859",
        "operator": null,
        "osm_url": "https://www.openstreetmap.org/node/11862427859",
        "data_source": "openstreetmap",
        "verified_official": false,
        "position_type": "osm_recorded",
        "last_checked": "2026-10-09"
      },
      "geometry": {
        "type": "Point",
        "coordinates": [
          106.70423,
          10.6998434
        ]
      }
    },
    {
      "type": "Feature",
      "id": "node/11862427860",
      "properties": {
        "name": "Phạm Hữu Lầu",
        "category": "bus_stop",
        "osm_id": "node/11862427860",
        "operator": null,
        "osm_url": "https://www.openstreetmap.org/node/11862427860",
        "data_source": "openstreetmap",
        "verified_official": false,
        "position_type": "osm_recorded",
        "last_checked": "2026-10-09"
      },
      "geometry": {
        "type": "Point",
        "coordinates": [
          106.7047818,
          10.6956473
        ]
      }
    },
    {
      "type": "Feature",
      "id": "node/11862427861",
      "properties": {
        "name": "Phạm Hữu Lầu",
        "category": "bus_stop",
        "osm_id": "node/11862427861",
        "operator": null,
        "osm_url": "https://www.openstreetmap.org/node/11862427861",
        "data_source": "openstreetmap",
        "verified_official": false,
        "position_type": "osm_recorded",
        "last_checked": "2026-10-09"
      },
      "geometry": {
        "type": "Point",
        "coordinates": [
          106.7069089,
          10.6945158
        ]
      }
    },
    {
      "type": "Feature",
      "id": "node/11862427862",
      "properties": {
        "name": "Nguyễn Hữu Thọ",
        "category": "bus_stop",
        "osm_id": "node/11862427862",
        "operator": null,
        "osm_url": "https://www.openstreetmap.org/node/11862427862",
        "data_source": "openstreetmap",
        "verified_official": false,
        "position_type": "osm_recorded",
        "last_checked": "2026-10-09"
      },
      "geometry": {
        "type": "Point",
        "coordinates": [
          106.7186931,
          10.6974544
        ]
      }
    },
    {
      "type": "Feature",
      "id": "node/11862427863",
      "properties": {
        "name": "Cầu Phước Long",
        "category": "bus_stop",
        "osm_id": "node/11862427863",
        "operator": null,
        "osm_url": "https://www.openstreetmap.org/node/11862427863",
        "data_source": "openstreetmap",
        "verified_official": false,
        "position_type": "osm_recorded",
        "last_checked": "2026-10-09"
      },
      "geometry": {
        "type": "Point",
        "coordinates": [
          106.7217772,
          10.7022574
        ]
      }
    },
    {
      "type": "Feature",
      "id": "node/11862427864",
      "properties": {
        "name": "Đường 15B",
        "category": "bus_stop",
        "osm_id": "node/11862427864",
        "operator": null,
        "osm_url": "https://www.openstreetmap.org/node/11862427864",
        "data_source": "openstreetmap",
        "verified_official": false,
        "position_type": "osm_recorded",
        "last_checked": "2026-10-09"
      },
      "geometry": {
        "type": "Point",
        "coordinates": [
          106.7305657,
          10.7042847
        ]
      }
    },
    {
      "type": "Feature",
      "id": "node/11862427865",
      "properties": {
        "name": "Khu dân cư Kỷ Nguyên",
        "category": "bus_stop",
        "osm_id": "node/11862427865",
        "operator": null,
        "osm_url": "https://www.openstreetmap.org/node/11862427865",
        "data_source": "openstreetmap",
        "verified_official": false,
        "position_type": "osm_recorded",
        "last_checked": "2026-10-09"
      },
      "geometry": {
        "type": "Point",
        "coordinates": [
          106.7353238,
          10.7048348
        ]
      }
    },
    {
      "type": "Feature",
      "id": "node/11866556378",
      "properties": {
        "name": "Nam Viên",
        "category": "bus_stop",
        "osm_id": "node/11866556378",
        "operator": null,
        "osm_url": "https://www.openstreetmap.org/node/11866556378",
        "data_source": "openstreetmap",
        "verified_official": false,
        "position_type": "osm_recorded",
        "last_checked": "2026-10-09"
      },
      "geometry": {
        "type": "Point",
        "coordinates": [
          106.7282803,
          10.7179511
        ]
      }
    },
    {
      "type": "Feature",
      "id": "node/11866556379",
      "properties": {
        "name": "Mỹ Khang",
        "category": "bus_stop",
        "osm_id": "node/11866556379",
        "operator": null,
        "osm_url": "https://www.openstreetmap.org/node/11866556379",
        "data_source": "openstreetmap",
        "verified_official": false,
        "position_type": "osm_recorded",
        "last_checked": "2026-10-09"
      },
      "geometry": {
        "type": "Point",
        "coordinates": [
          106.7298228,
          10.7154144
        ]
      }
    },
    {
      "type": "Feature",
      "id": "node/11866556380",
      "properties": {
        "name": "Trường Mầm non Cánh Thiên Thần",
        "category": "bus_stop",
        "osm_id": "node/11866556380",
        "operator": null,
        "osm_url": "https://www.openstreetmap.org/node/11866556380",
        "data_source": "openstreetmap",
        "verified_official": false,
        "position_type": "osm_recorded",
        "last_checked": "2026-10-09"
      },
      "geometry": {
        "type": "Point",
        "coordinates": [
          106.7328422,
          10.7132932
        ]
      }
    },
    {
      "type": "Feature",
      "id": "node/11866556381",
      "properties": {
        "name": "UBND Phường Phú Mỹ",
        "category": "bus_stop",
        "osm_id": "node/11866556381",
        "operator": null,
        "osm_url": "https://www.openstreetmap.org/node/11866556381",
        "data_source": "openstreetmap",
        "verified_official": false,
        "position_type": "osm_recorded",
        "last_checked": "2026-10-09"
      },
      "geometry": {
        "type": "Point",
        "coordinates": [
          106.734921,
          10.7137763
        ]
      }
    },
    {
      "type": "Feature",
      "id": "node/11866556386",
      "properties": {
        "name": "UBND Phường Phú Mỹ",
        "category": "bus_stop",
        "osm_id": "node/11866556386",
        "operator": null,
        "osm_url": "https://www.openstreetmap.org/node/11866556386",
        "data_source": "openstreetmap",
        "verified_official": false,
        "position_type": "osm_recorded",
        "last_checked": "2026-10-09"
      },
      "geometry": {
        "type": "Point",
        "coordinates": [
          106.7348246,
          10.7139557
        ]
      }
    },
    {
      "type": "Feature",
      "id": "node/11866556387",
      "properties": {
        "name": "Trường Mầm non Cánh Thiên Thần",
        "category": "bus_stop",
        "osm_id": "node/11866556387",
        "operator": null,
        "osm_url": "https://www.openstreetmap.org/node/11866556387",
        "data_source": "openstreetmap",
        "verified_official": false,
        "position_type": "osm_recorded",
        "last_checked": "2026-10-09"
      },
      "geometry": {
        "type": "Point",
        "coordinates": [
          106.7326473,
          10.713452
        ]
      }
    },
    {
      "type": "Feature",
      "id": "node/11866556388",
      "properties": {
        "name": "Trường Nguyễn Thái Học",
        "category": "bus_stop",
        "osm_id": "node/11866556388",
        "operator": null,
        "osm_url": "https://www.openstreetmap.org/node/11866556388",
        "data_source": "openstreetmap",
        "verified_official": false,
        "position_type": "osm_recorded",
        "last_checked": "2026-10-09"
      },
      "geometry": {
        "type": "Point",
        "coordinates": [
          106.6962379,
          10.7676443
        ]
      }
    },
    {
      "type": "Feature",
      "id": "node/11868138076",
      "properties": {
        "name": "Câu cá Lan Anh",
        "category": "bus_stop",
        "osm_id": "node/11868138076",
        "operator": null,
        "osm_url": "https://www.openstreetmap.org/node/11868138076",
        "data_source": "openstreetmap",
        "verified_official": false,
        "position_type": "osm_recorded",
        "last_checked": "2026-10-09"
      },
      "geometry": {
        "type": "Point",
        "coordinates": [
          106.8157984,
          10.8089638
        ]
      }
    },
    {
      "type": "Feature",
      "id": "node/11868138077",
      "properties": {
        "name": "Quán Tây Tăng Long",
        "category": "bus_stop",
        "osm_id": "node/11868138077",
        "operator": null,
        "osm_url": "https://www.openstreetmap.org/node/11868138077",
        "data_source": "openstreetmap",
        "verified_official": false,
        "position_type": "osm_recorded",
        "last_checked": "2026-10-09"
      },
      "geometry": {
        "type": "Point",
        "coordinates": [
          106.8138631,
          10.8131168
        ]
      }
    },
    {
      "type": "Feature",
      "id": "node/11868138078",
      "properties": {
        "name": "Trường Trung học phổ thông Long Trường",
        "category": "bus_stop",
        "osm_id": "node/11868138078",
        "operator": null,
        "osm_url": "https://www.openstreetmap.org/node/11868138078",
        "data_source": "openstreetmap",
        "verified_official": false,
        "position_type": "osm_recorded",
        "last_checked": "2026-10-09"
      },
      "geometry": {
        "type": "Point",
        "coordinates": [
          106.8108697,
          10.8170406
        ]
      }
    },
    {
      "type": "Feature",
      "id": "node/11868138079",
      "properties": {
        "name": "Trạm xăng số 5 - 365B Lã Xuân Oai",
        "category": "bus_stop",
        "osm_id": "node/11868138079",
        "operator": null,
        "osm_url": "https://www.openstreetmap.org/node/11868138079",
        "data_source": "openstreetmap",
        "verified_official": false,
        "position_type": "osm_recorded",
        "last_checked": "2026-10-09"
      },
      "geometry": {
        "type": "Point",
        "coordinates": [
          106.80963,
          10.8199219
        ]
      }
    },
    {
      "type": "Feature",
      "id": "node/11868138080",
      "properties": {
        "name": "Ngã ba Lò Lu",
        "category": "bus_stop",
        "osm_id": "node/11868138080",
        "operator": null,
        "osm_url": "https://www.openstreetmap.org/node/11868138080",
        "data_source": "openstreetmap",
        "verified_official": false,
        "position_type": "osm_recorded",
        "last_checked": "2026-10-09"
      },
      "geometry": {
        "type": "Point",
        "coordinates": [
          106.8082249,
          10.8239098
        ]
      }
    },
    {
      "type": "Feature",
      "id": "node/11868138081",
      "properties": {
        "name": "Khu chế xuất Linh Trung II",
        "category": "bus_stop",
        "osm_id": "node/11868138081",
        "operator": null,
        "osm_url": "https://www.openstreetmap.org/node/11868138081",
        "data_source": "openstreetmap",
        "verified_official": false,
        "position_type": "osm_recorded",
        "last_checked": "2026-10-09"
      },
      "geometry": {
        "type": "Point",
        "coordinates": [
          106.7176706,
          10.8912222
        ]
      }
    },
    {
      "type": "Feature",
      "id": "node/11868138084",
      "properties": {
        "name": "Ngã ba Lò Lu",
        "category": "bus_stop",
        "osm_id": "node/11868138084",
        "operator": null,
        "osm_url": "https://www.openstreetmap.org/node/11868138084",
        "data_source": "openstreetmap",
        "verified_official": false,
        "position_type": "osm_recorded",
        "last_checked": "2026-10-09"
      },
      "geometry": {
        "type": "Point",
        "coordinates": [
          106.8081009,
          10.823951
        ]
      }
    },
    {
      "type": "Feature",
      "id": "node/11868138085",
      "properties": {
        "name": "Trạm xăng số 5 - 106 Lã Xuân Oai",
        "category": "bus_stop",
        "osm_id": "node/11868138085",
        "operator": null,
        "osm_url": "https://www.openstreetmap.org/node/11868138085",
        "data_source": "openstreetmap",
        "verified_official": false,
        "position_type": "osm_recorded",
        "last_checked": "2026-10-09"
      },
      "geometry": {
        "type": "Point",
        "coordinates": [
          106.8096236,
          10.8196535
        ]
      }
    },
    {
      "type": "Feature",
      "id": "node/11868138086",
      "properties": {
        "name": "Trường Trung học phổ thông Long Trường",
        "category": "bus_stop",
        "osm_id": "node/11868138086",
        "operator": null,
        "osm_url": "https://www.openstreetmap.org/node/11868138086",
        "data_source": "openstreetmap",
        "verified_official": false,
        "position_type": "osm_recorded",
        "last_checked": "2026-10-09"
      },
      "geometry": {
        "type": "Point",
        "coordinates": [
          106.8107887,
          10.8169864
        ]
      }
    },
    {
      "type": "Feature",
      "id": "node/11868138087",
      "properties": {
        "name": "Quán Tây Tăng Long",
        "category": "bus_stop",
        "osm_id": "node/11868138087",
        "operator": null,
        "osm_url": "https://www.openstreetmap.org/node/11868138087",
        "data_source": "openstreetmap",
        "verified_official": false,
        "position_type": "osm_recorded",
        "last_checked": "2026-10-09"
      },
      "geometry": {
        "type": "Point",
        "coordinates": [
          106.8137776,
          10.8130187
        ]
      }
    },
    {
      "type": "Feature",
      "id": "node/11868138088",
      "properties": {
        "name": "Câu cá Lan Anh",
        "category": "bus_stop",
        "osm_id": "node/11868138088",
        "operator": null,
        "osm_url": "https://www.openstreetmap.org/node/11868138088",
        "data_source": "openstreetmap",
        "verified_official": false,
        "position_type": "osm_recorded",
        "last_checked": "2026-10-09"
      },
      "geometry": {
        "type": "Point",
        "coordinates": [
          106.8155938,
          10.8091287
        ]
      }
    },
    {
      "type": "Feature",
      "id": "node/11868497857",
      "properties": {
        "name": "Khu dân cư Trung Sơn",
        "category": "bus_stop",
        "osm_id": "node/11868497857",
        "operator": null,
        "osm_url": "https://www.openstreetmap.org/node/11868497857",
        "data_source": "openstreetmap",
        "verified_official": false,
        "position_type": "osm_recorded",
        "last_checked": "2026-10-09"
      },
      "geometry": {
        "type": "Point",
        "coordinates": [
          106.6891895,
          10.7340589
        ]
      }
    },
    {
      "type": "Feature",
      "id": "node/11868497858",
      "properties": {
        "name": "Thảo Loan Plaza",
        "category": "bus_stop",
        "osm_id": "node/11868497858",
        "operator": null,
        "osm_url": "https://www.openstreetmap.org/node/11868497858",
        "data_source": "openstreetmap",
        "verified_official": false,
        "position_type": "osm_recorded",
        "last_checked": "2026-10-09"
      },
      "geometry": {
        "type": "Point",
        "coordinates": [
          106.6892637,
          10.7310067
        ]
      }
    },
    {
      "type": "Feature",
      "id": "node/11868497859",
      "properties": {
        "name": "Thảo Loan Plaza",
        "category": "bus_stop",
        "osm_id": "node/11868497859",
        "operator": null,
        "osm_url": "https://www.openstreetmap.org/node/11868497859",
        "data_source": "openstreetmap",
        "verified_official": false,
        "position_type": "osm_recorded",
        "last_checked": "2026-10-09"
      },
      "geometry": {
        "type": "Point",
        "coordinates": [
          106.6896493,
          10.7317013
        ]
      }
    },
    {
      "type": "Feature",
      "id": "node/11868700590",
      "properties": {
        "name": "Vinhomes Grand Park",
        "category": "bus_stop",
        "osm_id": "node/11868700590",
        "operator": null,
        "osm_url": "https://www.openstreetmap.org/node/11868700590",
        "data_source": "openstreetmap",
        "verified_official": false,
        "position_type": "osm_recorded",
        "last_checked": "2026-10-09"
      },
      "geometry": {
        "type": "Point",
        "coordinates": [
          106.8429272,
          10.8456143
        ]
      }
    },
    {
      "type": "Feature",
      "id": "node/11868700593",
      "properties": {
        "name": "Tòa nhà S6.01",
        "category": "bus_stop",
        "osm_id": "node/11868700593",
        "operator": null,
        "osm_url": "https://www.openstreetmap.org/node/11868700593",
        "data_source": "openstreetmap",
        "verified_official": false,
        "position_type": "osm_recorded",
        "last_checked": "2026-10-09"
      },
      "geometry": {
        "type": "Point",
        "coordinates": [
          106.8384672,
          10.8420317
        ]
      }
    },
    {
      "type": "Feature",
      "id": "node/11868700594",
      "properties": {
        "name": "Tòa nhà S2.05",
        "category": "bus_stop",
        "osm_id": "node/11868700594",
        "operator": null,
        "osm_url": "https://www.openstreetmap.org/node/11868700594",
        "data_source": "openstreetmap",
        "verified_official": false,
        "position_type": "osm_recorded",
        "last_checked": "2026-10-09"
      },
      "geometry": {
        "type": "Point",
        "coordinates": [
          106.8331494,
          10.8377218
        ]
      }
    },
    {
      "type": "Feature",
      "id": "node/11868700595",
      "properties": {
        "name": "UBND Phường Long Thạnh Mỹ",
        "category": "bus_stop",
        "osm_id": "node/11868700595",
        "operator": null,
        "osm_url": "https://www.openstreetmap.org/node/11868700595",
        "data_source": "openstreetmap",
        "verified_official": false,
        "position_type": "osm_recorded",
        "last_checked": "2026-10-09"
      },
      "geometry": {
        "type": "Point",
        "coordinates": [
          106.825426,
          10.8411687
        ]
      }
    },
    {
      "type": "Feature",
      "id": "node/11868700596",
      "properties": {
        "name": "Cao đẳng Cảnh sát Nhân dân 2",
        "category": "bus_stop",
        "osm_id": "node/11868700596",
        "operator": null,
        "osm_url": "https://www.openstreetmap.org/node/11868700596",
        "data_source": "openstreetmap",
        "verified_official": false,
        "position_type": "osm_recorded",
        "last_checked": "2026-10-09"
      },
      "geometry": {
        "type": "Point",
        "coordinates": [
          106.820468,
          10.8423293
        ]
      }
    },
    {
      "type": "Feature",
      "id": "node/11868700597",
      "properties": {
        "name": "Trường Trung học phổ thông Nguyễn Huệ",
        "category": "bus_stop",
        "osm_id": "node/11868700597",
        "operator": null,
        "osm_url": "https://www.openstreetmap.org/node/11868700597",
        "data_source": "openstreetmap",
        "verified_official": false,
        "position_type": "osm_recorded",
        "last_checked": "2026-10-09"
      },
      "geometry": {
        "type": "Point",
        "coordinates": [
          106.818411,
          10.8440179
        ]
      }
    },
    {
      "type": "Feature",
      "id": "node/11868700598",
      "properties": {
        "name": "Trạm y tế Phường Long Thạnh Mỹ",
        "category": "bus_stop",
        "osm_id": "node/11868700598",
        "operator": null,
        "osm_url": "https://www.openstreetmap.org/node/11868700598",
        "data_source": "openstreetmap",
        "verified_official": false,
        "position_type": "osm_recorded",
        "last_checked": "2026-10-09"
      },
      "geometry": {
        "type": "Point",
        "coordinates": [
          106.8165179,
          10.8465556
        ]
      }
    },
    {
      "type": "Feature",
      "id": "node/11868700599",
      "properties": {
        "name": "Ngã ba Mỹ Thạnh",
        "category": "bus_stop",
        "osm_id": "node/11868700599",
        "operator": null,
        "osm_url": "https://www.openstreetmap.org/node/11868700599",
        "data_source": "openstreetmap",
        "verified_official": false,
        "position_type": "osm_recorded",
        "last_checked": "2026-10-09"
      },
      "geometry": {
        "type": "Point",
        "coordinates": [
          106.8146628,
          10.8489316
        ]
      }
    },
    {
      "type": "Feature",
      "id": "node/11868700600",
      "properties": {
        "name": "Saigon Hi-tech Park",
        "category": "bus_stop",
        "osm_id": "node/11868700600",
        "operator": null,
        "osm_url": "https://www.openstreetmap.org/node/11868700600",
        "data_source": "openstreetmap",
        "verified_official": false,
        "position_type": "osm_recorded",
        "last_checked": "2026-10-09"
      },
      "geometry": {
        "type": "Point",
        "coordinates": [
          106.8124292,
          10.8401034
        ]
      }
    },
    {
      "type": "Feature",
      "id": "node/11868700601",
      "properties": {
        "name": "Trường Đại học Nguyễn Tất Thành",
        "category": "bus_stop",
        "osm_id": "node/11868700601",
        "operator": null,
        "osm_url": "https://www.openstreetmap.org/node/11868700601",
        "data_source": "openstreetmap",
        "verified_official": false,
        "position_type": "osm_recorded",
        "last_checked": "2026-10-09"
      },
      "geometry": {
        "type": "Point",
        "coordinates": [
          106.8087463,
          10.8362205
        ]
      }
    },
    {
      "type": "Feature",
      "id": "node/11868700602",
      "properties": {
        "name": "Công ty Platel Vina",
        "category": "bus_stop",
        "osm_id": "node/11868700602",
        "operator": null,
        "osm_url": "https://www.openstreetmap.org/node/11868700602",
        "data_source": "openstreetmap",
        "verified_official": false,
        "position_type": "osm_recorded",
        "last_checked": "2026-10-09"
      },
      "geometry": {
        "type": "Point",
        "coordinates": [
          106.8048761,
          10.8307437
        ]
      }
    },
    {
      "type": "Feature",
      "id": "node/11868700603",
      "properties": {
        "name": "Công ty Samsung",
        "category": "bus_stop",
        "osm_id": "node/11868700603",
        "operator": null,
        "osm_url": "https://www.openstreetmap.org/node/11868700603",
        "data_source": "openstreetmap",
        "verified_official": false,
        "position_type": "osm_recorded",
        "last_checked": "2026-10-09"
      },
      "geometry": {
        "type": "Point",
        "coordinates": [
          106.7968521,
          10.8246545
        ]
      }
    },
    {
      "type": "Feature",
      "id": "node/11868700604",
      "properties": {
        "name": "Vòng xoay Liên Phường",
        "category": "bus_stop",
        "osm_id": "node/11868700604",
        "operator": null,
        "osm_url": "https://www.openstreetmap.org/node/11868700604",
        "data_source": "openstreetmap",
        "verified_official": false,
        "position_type": "osm_recorded",
        "last_checked": "2026-10-09"
      },
      "geometry": {
        "type": "Point",
        "coordinates": [
          106.788569,
          10.806914
        ]
      }
    },
    {
      "type": "Feature",
      "id": "node/11868700605",
      "properties": {
        "name": "Trường Cao đẳng Sư phạm Trung ương 2",
        "category": "bus_stop",
        "osm_id": "node/11868700605",
        "operator": null,
        "osm_url": "https://www.openstreetmap.org/node/11868700605",
        "data_source": "openstreetmap",
        "verified_official": false,
        "position_type": "osm_recorded",
        "last_checked": "2026-10-09"
      },
      "geometry": {
        "type": "Point",
        "coordinates": [
          106.7834746,
          10.8068697
        ]
      }
    },
    {
      "type": "Feature",
      "id": "node/11868700606",
      "properties": {
        "name": "Đường Đồng Văn Cống",
        "category": "bus_stop",
        "osm_id": "node/11868700606",
        "operator": null,
        "osm_url": "https://www.openstreetmap.org/node/11868700606",
        "data_source": "openstreetmap",
        "verified_official": false,
        "position_type": "osm_recorded",
        "last_checked": "2026-10-09"
      },
      "geometry": {
        "type": "Point",
        "coordinates": [
          106.7507743,
          10.7896506
        ]
      }
    },
    {
      "type": "Feature",
      "id": "node/11868700607",
      "properties": {
        "name": "Tòa nhà Somerset",
        "category": "bus_stop",
        "osm_id": "node/11868700607",
        "operator": null,
        "osm_url": "https://www.openstreetmap.org/node/11868700607",
        "data_source": "openstreetmap",
        "verified_official": false,
        "position_type": "osm_recorded",
        "last_checked": "2026-10-09"
      },
      "geometry": {
        "type": "Point",
        "coordinates": [
          106.7564259,
          10.7777592
        ]
      }
    },
    {
      "type": "Feature",
      "id": "node/11868700608",
      "properties": {
        "name": "Tòa nhà One Verandah",
        "category": "bus_stop",
        "osm_id": "node/11868700608",
        "operator": null,
        "osm_url": "https://www.openstreetmap.org/node/11868700608",
        "data_source": "openstreetmap",
        "verified_official": false,
        "position_type": "osm_recorded",
        "last_checked": "2026-10-09"
      },
      "geometry": {
        "type": "Point",
        "coordinates": [
          106.7504031,
          10.7767631
        ]
      }
    },
    {
      "type": "Feature",
      "id": "node/11868700609",
      "properties": {
        "name": "Diamond Island",
        "category": "bus_stop",
        "osm_id": "node/11868700609",
        "operator": null,
        "osm_url": "https://www.openstreetmap.org/node/11868700609",
        "data_source": "openstreetmap",
        "verified_official": false,
        "position_type": "osm_recorded",
        "last_checked": "2026-10-09"
      },
      "geometry": {
        "type": "Point",
        "coordinates": [
          106.7465606,
          10.7774852
        ]
      }
    },
    {
      "type": "Feature",
      "id": "node/11868700610",
      "properties": {
        "name": "Chung cư NEWCITY",
        "category": "bus_stop",
        "osm_id": "node/11868700610",
        "operator": null,
        "osm_url": "https://www.openstreetmap.org/node/11868700610",
        "data_source": "openstreetmap",
        "verified_official": false,
        "position_type": "osm_recorded",
        "last_checked": "2026-10-09"
      },
      "geometry": {
        "type": "Point",
        "coordinates": [
          106.7364532,
          10.78071
        ]
      }
    },
    {
      "type": "Feature",
      "id": "node/11868700611",
      "properties": {
        "name": "Khu đô thị Sala",
        "category": "bus_stop",
        "osm_id": "node/11868700611",
        "operator": null,
        "osm_url": "https://www.openstreetmap.org/node/11868700611",
        "data_source": "openstreetmap",
        "verified_official": false,
        "position_type": "osm_recorded",
        "last_checked": "2026-10-09"
      },
      "geometry": {
        "type": "Point",
        "coordinates": [
          106.721597,
          10.7731932
        ]
      }
    },
    {
      "type": "Feature",
      "id": "node/11868700612",
      "properties": {
        "name": "Trung tâm Quản lý Điều hành Giao thông Đô thị",
        "category": "bus_stop",
        "osm_id": "node/11868700612",
        "operator": null,
        "osm_url": "https://www.openstreetmap.org/node/11868700612",
        "data_source": "openstreetmap",
        "verified_official": false,
        "position_type": "osm_recorded",
        "last_checked": "2026-10-09"
      },
      "geometry": {
        "type": "Point",
        "coordinates": [
          106.7178287,
          10.7718399
        ]
      }
    },
    {
      "type": "Feature",
      "id": "node/11868700613",
      "properties": {
        "name": "Chợ Dân Sinh",
        "category": "bus_stop",
        "osm_id": "node/11868700613",
        "operator": null,
        "osm_url": "https://www.openstreetmap.org/node/11868700613",
        "data_source": "openstreetmap",
        "verified_official": false,
        "position_type": "osm_recorded",
        "last_checked": "2026-10-09"
      },
      "geometry": {
        "type": "Point",
        "coordinates": [
          106.6994332,
          10.7662108
        ]
      }
    },
    {
      "type": "Feature",
      "id": "node/11868700614",
      "properties": {
        "name": "Sở Giao dịch Chứng khoán",
        "category": "bus_stop",
        "osm_id": "node/11868700614",
        "operator": null,
        "osm_url": "https://www.openstreetmap.org/node/11868700614",
        "data_source": "openstreetmap",
        "verified_official": false,
        "position_type": "osm_recorded",
        "last_checked": "2026-10-09"
      },
      "geometry": {
        "type": "Point",
        "coordinates": [
          106.70154,
          10.7687202
        ]
      }
    },
    {
      "type": "Feature",
      "id": "node/11868700617",
      "properties": {
        "name": "Trung tâm Quản lý Điều hành Giao thông Đô thị",
        "category": "bus_stop",
        "osm_id": "node/11868700617",
        "operator": null,
        "osm_url": "https://www.openstreetmap.org/node/11868700617",
        "data_source": "openstreetmap",
        "verified_official": false,
        "position_type": "osm_recorded",
        "last_checked": "2026-10-09"
      },
      "geometry": {
        "type": "Point",
        "coordinates": [
          106.7176945,
          10.7710461
        ]
      }
    },
    {
      "type": "Feature",
      "id": "node/11868700618",
      "properties": {
        "name": "Khu đô thị Sala",
        "category": "bus_stop",
        "osm_id": "node/11868700618",
        "operator": null,
        "osm_url": "https://www.openstreetmap.org/node/11868700618",
        "data_source": "openstreetmap",
        "verified_official": false,
        "position_type": "osm_recorded",
        "last_checked": "2026-10-09"
      },
      "geometry": {
        "type": "Point",
        "coordinates": [
          106.7234936,
          10.7733
        ]
      }
    },
    {
      "type": "Feature",
      "id": "node/11868700619",
      "properties": {
        "name": "Chung cư NEWCITY",
        "category": "bus_stop",
        "osm_id": "node/11868700619",
        "operator": null,
        "osm_url": "https://www.openstreetmap.org/node/11868700619",
        "data_source": "openstreetmap",
        "verified_official": false,
        "position_type": "osm_recorded",
        "last_checked": "2026-10-09"
      },
      "geometry": {
        "type": "Point",
        "coordinates": [
          106.7364027,
          10.7799196
        ]
      }
    },
    {
      "type": "Feature",
      "id": "node/11868700620",
      "properties": {
        "name": "Diamond Island",
        "category": "bus_stop",
        "osm_id": "node/11868700620",
        "operator": null,
        "osm_url": "https://www.openstreetmap.org/node/11868700620",
        "data_source": "openstreetmap",
        "verified_official": false,
        "position_type": "osm_recorded",
        "last_checked": "2026-10-09"
      },
      "geometry": {
        "type": "Point",
        "coordinates": [
          106.7468431,
          10.7770153
        ]
      }
    },
    {
      "type": "Feature",
      "id": "node/11868700621",
      "properties": {
        "name": "Tòa nhà One Verandah",
        "category": "bus_stop",
        "osm_id": "node/11868700621",
        "operator": null,
        "osm_url": "https://www.openstreetmap.org/node/11868700621",
        "data_source": "openstreetmap",
        "verified_official": false,
        "position_type": "osm_recorded",
        "last_checked": "2026-10-09"
      },
      "geometry": {
        "type": "Point",
        "coordinates": [
          106.7516356,
          10.7765879
        ]
      }
    },
    {
      "type": "Feature",
      "id": "node/11868700622",
      "properties": {
        "name": "Đường Đồng Văn Cống",
        "category": "bus_stop",
        "osm_id": "node/11868700622",
        "operator": null,
        "osm_url": "https://www.openstreetmap.org/node/11868700622",
        "data_source": "openstreetmap",
        "verified_official": false,
        "position_type": "osm_recorded",
        "last_checked": "2026-10-09"
      },
      "geometry": {
        "type": "Point",
        "coordinates": [
          106.7515529,
          10.7897134
        ]
      }
    },
    {
      "type": "Feature",
      "id": "node/11868700623",
      "properties": {
        "name": "Vòng xoay Liên Phường",
        "category": "bus_stop",
        "osm_id": "node/11868700623",
        "operator": null,
        "osm_url": "https://www.openstreetmap.org/node/11868700623",
        "data_source": "openstreetmap",
        "verified_official": false,
        "position_type": "osm_recorded",
        "last_checked": "2026-10-09"
      },
      "geometry": {
        "type": "Point",
        "coordinates": [
          106.7875685,
          10.8072454
        ]
      }
    },
    {
      "type": "Feature",
      "id": "node/11868700624",
      "properties": {
        "name": "Công ty Transimex",
        "category": "bus_stop",
        "osm_id": "node/11868700624",
        "operator": null,
        "osm_url": "https://www.openstreetmap.org/node/11868700624",
        "data_source": "openstreetmap",
        "verified_official": false,
        "position_type": "osm_recorded",
        "last_checked": "2026-10-09"
      },
      "geometry": {
        "type": "Point",
        "coordinates": [
          106.7933986,
          10.8217469
        ]
      }
    },
    {
      "type": "Feature",
      "id": "node/11868700625",
      "properties": {
        "name": "Công ty NEWHANAM",
        "category": "bus_stop",
        "osm_id": "node/11868700625",
        "operator": null,
        "osm_url": "https://www.openstreetmap.org/node/11868700625",
        "data_source": "openstreetmap",
        "verified_official": false,
        "position_type": "osm_recorded",
        "last_checked": "2026-10-09"
      },
      "geometry": {
        "type": "Point",
        "coordinates": [
          106.7974116,
          10.8246482
        ]
      }
    },
    {
      "type": "Feature",
      "id": "node/11868700626",
      "properties": {
        "name": "Công ty Mekophar",
        "category": "bus_stop",
        "osm_id": "node/11868700626",
        "operator": null,
        "osm_url": "https://www.openstreetmap.org/node/11868700626",
        "data_source": "openstreetmap",
        "verified_official": false,
        "position_type": "osm_recorded",
        "last_checked": "2026-10-09"
      },
      "geometry": {
        "type": "Point",
        "coordinates": [
          106.8049941,
          10.8304162
        ]
      }
    },
    {
      "type": "Feature",
      "id": "node/11868700627",
      "properties": {
        "name": "Trường Đại học Nguyễn Tất Thành",
        "category": "bus_stop",
        "osm_id": "node/11868700627",
        "operator": null,
        "osm_url": "https://www.openstreetmap.org/node/11868700627",
        "data_source": "openstreetmap",
        "verified_official": false,
        "position_type": "osm_recorded",
        "last_checked": "2026-10-09"
      },
      "geometry": {
        "type": "Point",
        "coordinates": [
          106.8099421,
          10.8371934
        ]
      }
    },
    {
      "type": "Feature",
      "id": "node/11868700628",
      "properties": {
        "name": "Saigon Hi-tech Park",
        "category": "bus_stop",
        "osm_id": "node/11868700628",
        "operator": null,
        "osm_url": "https://www.openstreetmap.org/node/11868700628",
        "data_source": "openstreetmap",
        "verified_official": false,
        "position_type": "osm_recorded",
        "last_checked": "2026-10-09"
      },
      "geometry": {
        "type": "Point",
        "coordinates": [
          106.812697,
          10.8401819
        ]
      }
    },
    {
      "type": "Feature",
      "id": "node/11868700629",
      "properties": {
        "name": "Ngã ba Mỹ Thạnh",
        "category": "bus_stop",
        "osm_id": "node/11868700629",
        "operator": null,
        "osm_url": "https://www.openstreetmap.org/node/11868700629",
        "data_source": "openstreetmap",
        "verified_official": false,
        "position_type": "osm_recorded",
        "last_checked": "2026-10-09"
      },
      "geometry": {
        "type": "Point",
        "coordinates": [
          106.8143563,
          10.8491951
        ]
      }
    },
    {
      "type": "Feature",
      "id": "node/11868700630",
      "properties": {
        "name": "Trạm y tế Phường Long Thạnh Mỹ",
        "category": "bus_stop",
        "osm_id": "node/11868700630",
        "operator": null,
        "osm_url": "https://www.openstreetmap.org/node/11868700630",
        "data_source": "openstreetmap",
        "verified_official": false,
        "position_type": "osm_recorded",
        "last_checked": "2026-10-09"
      },
      "geometry": {
        "type": "Point",
        "coordinates": [
          106.8164994,
          10.8464238
        ]
      }
    },
    {
      "type": "Feature",
      "id": "node/11868700631",
      "properties": {
        "name": "Trường Trung học phổ thông Nguyễn Huệ",
        "category": "bus_stop",
        "osm_id": "node/11868700631",
        "operator": null,
        "osm_url": "https://www.openstreetmap.org/node/11868700631",
        "data_source": "openstreetmap",
        "verified_official": false,
        "position_type": "osm_recorded",
        "last_checked": "2026-10-09"
      },
      "geometry": {
        "type": "Point",
        "coordinates": [
          106.8179835,
          10.84441
        ]
      }
    },
    {
      "type": "Feature",
      "id": "node/11868700632",
      "properties": {
        "name": "Cao đẳng Cảnh sát Nhân dân 2",
        "category": "bus_stop",
        "osm_id": "node/11868700632",
        "operator": null,
        "osm_url": "https://www.openstreetmap.org/node/11868700632",
        "data_source": "openstreetmap",
        "verified_official": false,
        "position_type": "osm_recorded",
        "last_checked": "2026-10-09"
      },
      "geometry": {
        "type": "Point",
        "coordinates": [
          106.8199362,
          10.8425593
        ]
      }
    },
    {
      "type": "Feature",
      "id": "node/11868700633",
      "properties": {
        "name": "UBND Phường Long Thạnh Mỹ",
        "category": "bus_stop",
        "osm_id": "node/11868700633",
        "operator": null,
        "osm_url": "https://www.openstreetmap.org/node/11868700633",
        "data_source": "openstreetmap",
        "verified_official": false,
        "position_type": "osm_recorded",
        "last_checked": "2026-10-09"
      },
      "geometry": {
        "type": "Point",
        "coordinates": [
          106.8243738,
          10.8411497
        ]
      }
    },
    {
      "type": "Feature",
      "id": "node/11868700634",
      "properties": {
        "name": "Tòa nhà S2.05",
        "category": "bus_stop",
        "osm_id": "node/11868700634",
        "operator": null,
        "osm_url": "https://www.openstreetmap.org/node/11868700634",
        "data_source": "openstreetmap",
        "verified_official": false,
        "position_type": "osm_recorded",
        "last_checked": "2026-10-09"
      },
      "geometry": {
        "type": "Point",
        "coordinates": [
          106.8330247,
          10.8374707
        ]
      }
    },
    {
      "type": "Feature",
      "id": "node/11868700635",
      "properties": {
        "name": "Phân khu Masteri",
        "category": "bus_stop",
        "osm_id": "node/11868700635",
        "operator": null,
        "osm_url": "https://www.openstreetmap.org/node/11868700635",
        "data_source": "openstreetmap",
        "verified_official": false,
        "position_type": "osm_recorded",
        "last_checked": "2026-10-09"
      },
      "geometry": {
        "type": "Point",
        "coordinates": [
          106.8409795,
          10.8432342
        ]
      }
    },
    {
      "type": "Feature",
      "id": "node/11868700637",
      "properties": {
        "name": "Công viên Ánh Sáng",
        "category": "bus_stop",
        "osm_id": "node/11868700637",
        "operator": null,
        "osm_url": "https://www.openstreetmap.org/node/11868700637",
        "data_source": "openstreetmap",
        "verified_official": false,
        "position_type": "osm_recorded",
        "last_checked": "2026-10-09"
      },
      "geometry": {
        "type": "Point",
        "coordinates": [
          106.8453742,
          10.8396491
        ]
      }
    },
    {
      "type": "Feature",
      "id": "node/11868700638",
      "properties": {
        "name": "Vòng xoay Công viên Ánh Sáng",
        "category": "bus_stop",
        "osm_id": "node/11868700638",
        "operator": null,
        "osm_url": "https://www.openstreetmap.org/node/11868700638",
        "data_source": "openstreetmap",
        "verified_official": false,
        "position_type": "osm_recorded",
        "last_checked": "2026-10-09"
      },
      "geometry": {
        "type": "Point",
        "coordinates": [
          106.8439392,
          10.8398678
        ]
      }
    },
    {
      "type": "Feature",
      "id": "node/11868700639",
      "properties": {
        "name": "TTTM Vincom",
        "category": "bus_stop",
        "osm_id": "node/11868700639",
        "operator": null,
        "osm_url": "https://www.openstreetmap.org/node/11868700639",
        "data_source": "openstreetmap",
        "verified_official": false,
        "position_type": "osm_recorded",
        "last_checked": "2026-10-09"
      },
      "geometry": {
        "type": "Point",
        "coordinates": [
          106.8424918,
          10.8426087
        ]
      }
    },
    {
      "type": "Feature",
      "id": "node/11868700640",
      "properties": {
        "name": "Đối diện tòa nhà BS11",
        "category": "bus_stop",
        "osm_id": "node/11868700640",
        "operator": null,
        "osm_url": "https://www.openstreetmap.org/node/11868700640",
        "data_source": "openstreetmap",
        "verified_official": false,
        "position_type": "osm_recorded",
        "last_checked": "2026-10-09"
      },
      "geometry": {
        "type": "Point",
        "coordinates": [
          106.845056,
          10.8468021
        ]
      }
    },
    {
      "type": "Feature",
      "id": "node/11868700641",
      "properties": {
        "name": "Đối diện tòa nhà BS16",
        "category": "bus_stop",
        "osm_id": "node/11868700641",
        "operator": null,
        "osm_url": "https://www.openstreetmap.org/node/11868700641",
        "data_source": "openstreetmap",
        "verified_official": false,
        "position_type": "osm_recorded",
        "last_checked": "2026-10-09"
      },
      "geometry": {
        "type": "Point",
        "coordinates": [
          106.8438575,
          10.8477863
        ]
      }
    },
    {
      "type": "Feature",
      "id": "node/11868700642",
      "properties": {
        "name": "Đối diện tòa nhà S10.07",
        "category": "bus_stop",
        "osm_id": "node/11868700642",
        "operator": null,
        "osm_url": "https://www.openstreetmap.org/node/11868700642",
        "data_source": "openstreetmap",
        "verified_official": false,
        "position_type": "osm_recorded",
        "last_checked": "2026-10-09"
      },
      "geometry": {
        "type": "Point",
        "coordinates": [
          106.8400432,
          10.845684
        ]
      }
    },
    {
      "type": "Feature",
      "id": "node/11868700643",
      "properties": {
        "name": "Đối diện tòa nhà S10.05",
        "category": "bus_stop",
        "osm_id": "node/11868700643",
        "operator": null,
        "osm_url": "https://www.openstreetmap.org/node/11868700643",
        "data_source": "openstreetmap",
        "verified_official": false,
        "position_type": "osm_recorded",
        "last_checked": "2026-10-09"
      },
      "geometry": {
        "type": "Point",
        "coordinates": [
          106.8395208,
          10.8474052
        ]
      }
    },
    {
      "type": "Feature",
      "id": "node/11868700644",
      "properties": {
        "name": "Tòa nhà S10.03",
        "category": "bus_stop",
        "osm_id": "node/11868700644",
        "operator": null,
        "osm_url": "https://www.openstreetmap.org/node/11868700644",
        "data_source": "openstreetmap",
        "verified_official": false,
        "position_type": "osm_recorded",
        "last_checked": "2026-10-09"
      },
      "geometry": {
        "type": "Point",
        "coordinates": [
          106.8387593,
          10.8467004
        ]
      }
    },
    {
      "type": "Feature",
      "id": "node/11868700645",
      "properties": {
        "name": "Tòa nhà S9.01",
        "category": "bus_stop",
        "osm_id": "node/11868700645",
        "operator": null,
        "osm_url": "https://www.openstreetmap.org/node/11868700645",
        "data_source": "openstreetmap",
        "verified_official": false,
        "position_type": "osm_recorded",
        "last_checked": "2026-10-09"
      },
      "geometry": {
        "type": "Point",
        "coordinates": [
          106.8365089,
          10.8454221
        ]
      }
    },
    {
      "type": "Feature",
      "id": "node/11868700646",
      "properties": {
        "name": "Đối diện tòa nhà S8.01",
        "category": "bus_stop",
        "osm_id": "node/11868700646",
        "operator": null,
        "osm_url": "https://www.openstreetmap.org/node/11868700646",
        "data_source": "openstreetmap",
        "verified_official": false,
        "position_type": "osm_recorded",
        "last_checked": "2026-10-09"
      },
      "geometry": {
        "type": "Point",
        "coordinates": [
          106.8359571,
          10.8433825
        ]
      }
    },
    {
      "type": "Feature",
      "id": "node/11868700647",
      "properties": {
        "name": "Tòa nhà S1.07",
        "category": "bus_stop",
        "osm_id": "node/11868700647",
        "operator": null,
        "osm_url": "https://www.openstreetmap.org/node/11868700647",
        "data_source": "openstreetmap",
        "verified_official": false,
        "position_type": "osm_recorded",
        "last_checked": "2026-10-09"
      },
      "geometry": {
        "type": "Point",
        "coordinates": [
          106.831622,
          10.8376481
        ]
      }
    },
    {
      "type": "Feature",
      "id": "node/11868700648",
      "properties": {
        "name": "Tòa nhà Văn phòng",
        "category": "bus_stop",
        "osm_id": "node/11868700648",
        "operator": null,
        "osm_url": "https://www.openstreetmap.org/node/11868700648",
        "data_source": "openstreetmap",
        "verified_official": false,
        "position_type": "osm_recorded",
        "last_checked": "2026-10-09"
      },
      "geometry": {
        "type": "Point",
        "coordinates": [
          106.8395175,
          10.8370274
        ]
      }
    },
    {
      "type": "Feature",
      "id": "node/11868700652",
      "properties": {
        "name": "Đại lộ Ánh sáng",
        "category": "bus_stop",
        "osm_id": "node/11868700652",
        "operator": null,
        "osm_url": "https://www.openstreetmap.org/node/11868700652",
        "data_source": "openstreetmap",
        "verified_official": false,
        "position_type": "osm_recorded",
        "last_checked": "2026-10-09"
      },
      "geometry": {
        "type": "Point",
        "coordinates": [
          106.8432847,
          10.8370104
        ]
      }
    },
    {
      "type": "Feature",
      "id": "node/11868700653",
      "properties": {
        "name": "Công viên Thể chất Sáng tạo",
        "category": "bus_stop",
        "osm_id": "node/11868700653",
        "operator": null,
        "osm_url": "https://www.openstreetmap.org/node/11868700653",
        "data_source": "openstreetmap",
        "verified_official": false,
        "position_type": "osm_recorded",
        "last_checked": "2026-10-09"
      },
      "geometry": {
        "type": "Point",
        "coordinates": [
          106.8445618,
          10.8374813
        ]
      }
    },
    {
      "type": "Feature",
      "id": "node/11868700654",
      "properties": {
        "name": "Công viên Ánh Sáng",
        "category": "bus_stop",
        "osm_id": "node/11868700654",
        "operator": null,
        "osm_url": "https://www.openstreetmap.org/node/11868700654",
        "data_source": "openstreetmap",
        "verified_official": false,
        "position_type": "osm_recorded",
        "last_checked": "2026-10-09"
      },
      "geometry": {
        "type": "Point",
        "coordinates": [
          106.8458425,
          10.8386286
        ]
      }
    },
    {
      "type": "Feature",
      "id": "node/11868700658",
      "properties": {
        "name": "Tòa nhà Văn phòng",
        "category": "bus_stop",
        "osm_id": "node/11868700658",
        "operator": null,
        "osm_url": "https://www.openstreetmap.org/node/11868700658",
        "data_source": "openstreetmap",
        "verified_official": false,
        "position_type": "osm_recorded",
        "last_checked": "2026-10-09"
      },
      "geometry": {
        "type": "Point",
        "coordinates": [
          106.8390011,
          10.8374649
        ]
      }
    },
    {
      "type": "Feature",
      "id": "node/11868700659",
      "properties": {
        "name": "Vincom Mega Mall Thảo Điền",
        "category": "bus_stop",
        "osm_id": "node/11868700659",
        "operator": null,
        "osm_url": "https://www.openstreetmap.org/node/11868700659",
        "data_source": "openstreetmap",
        "verified_official": false,
        "position_type": "osm_recorded",
        "last_checked": "2026-10-09"
      },
      "geometry": {
        "type": "Point",
        "coordinates": [
          106.7406138,
          10.8020001
        ]
      }
    },
    {
      "type": "Feature",
      "id": "node/11868700660",
      "properties": {
        "name": "Vinhomes Central Park - Tòa nhà Landmark 81",
        "category": "bus_stop",
        "osm_id": "node/11868700660",
        "operator": null,
        "osm_url": "https://www.openstreetmap.org/node/11868700660",
        "data_source": "openstreetmap",
        "verified_official": false,
        "position_type": "osm_recorded",
        "last_checked": "2026-10-09"
      },
      "geometry": {
        "type": "Point",
        "coordinates": [
          106.7225902,
          10.795827
        ]
      }
    },
    {
      "type": "Feature",
      "id": "node/11868700661",
      "properties": {
        "name": "Đối diện Tòa nhà Park 3 VInhomes Central Park",
        "category": "bus_stop",
        "osm_id": "node/11868700661",
        "operator": null,
        "osm_url": "https://www.openstreetmap.org/node/11868700661",
        "data_source": "openstreetmap",
        "verified_official": false,
        "position_type": "osm_recorded",
        "last_checked": "2026-10-09"
      },
      "geometry": {
        "type": "Point",
        "coordinates": [
          106.7233192,
          10.7916164
        ]
      }
    },
    {
      "type": "Feature",
      "id": "node/11868700662",
      "properties": {
        "name": "Vinhomes Golden River - Khu phức hợp Ba Son",
        "category": "bus_stop",
        "osm_id": "node/11868700662",
        "operator": null,
        "osm_url": "https://www.openstreetmap.org/node/11868700662",
        "data_source": "openstreetmap",
        "verified_official": false,
        "position_type": "osm_recorded",
        "last_checked": "2026-10-09"
      },
      "geometry": {
        "type": "Point",
        "coordinates": [
          106.7089584,
          10.7834393
        ]
      }
    },
    {
      "type": "Feature",
      "id": "node/11868700665",
      "properties": {
        "name": "Vinhomes Golden River - Khu phúc hợp Ba Son",
        "category": "bus_stop",
        "osm_id": "node/11868700665",
        "operator": null,
        "osm_url": "https://www.openstreetmap.org/node/11868700665",
        "data_source": "openstreetmap",
        "verified_official": false,
        "position_type": "osm_recorded",
        "last_checked": "2026-10-09"
      },
      "geometry": {
        "type": "Point",
        "coordinates": [
          106.7090633,
          10.7835393
        ]
      }
    },
    {
      "type": "Feature",
      "id": "node/11898041250",
      "properties": {
        "name": "Đối diện TTTM Vincom",
        "category": "bus_stop",
        "osm_id": "node/11898041250",
        "operator": null,
        "osm_url": "https://www.openstreetmap.org/node/11898041250",
        "data_source": "openstreetmap",
        "verified_official": false,
        "position_type": "osm_recorded",
        "last_checked": "2026-10-09"
      },
      "geometry": {
        "type": "Point",
        "coordinates": [
          106.8426804,
          10.8419018
        ]
      }
    },
    {
      "type": "Feature",
      "id": "node/11898041251",
      "properties": {
        "name": "Vòng xoay Công viên Ánh Sáng",
        "category": "bus_stop",
        "osm_id": "node/11898041251",
        "operator": null,
        "osm_url": "https://www.openstreetmap.org/node/11898041251",
        "data_source": "openstreetmap",
        "verified_official": false,
        "position_type": "osm_recorded",
        "last_checked": "2026-10-09"
      },
      "geometry": {
        "type": "Point",
        "coordinates": [
          106.8437277,
          10.8398975
        ]
      }
    },
    {
      "type": "Feature",
      "id": "node/11898041252",
      "properties": {
        "name": "Đại lộ Ánh sáng",
        "category": "bus_stop",
        "osm_id": "node/11898041252",
        "operator": null,
        "osm_url": "https://www.openstreetmap.org/node/11898041252",
        "data_source": "openstreetmap",
        "verified_official": false,
        "position_type": "osm_recorded",
        "last_checked": "2026-10-09"
      },
      "geometry": {
        "type": "Point",
        "coordinates": [
          106.8431641,
          10.837075
        ]
      }
    },
    {
      "type": "Feature",
      "id": "node/11898041253",
      "properties": {
        "name": "Bến Bạch Đằng",
        "category": "bus_stop",
        "osm_id": "node/11898041253",
        "operator": null,
        "osm_url": "https://www.openstreetmap.org/node/11898041253",
        "data_source": "openstreetmap",
        "verified_official": false,
        "position_type": "osm_recorded",
        "last_checked": "2026-10-09"
      },
      "geometry": {
        "type": "Point",
        "coordinates": [
          106.7068992,
          10.7764276
        ]
      }
    },
    {
      "type": "Feature",
      "id": "node/12212047745",
      "properties": {
        "name": "Chợ Cây Xoài",
        "category": "bus_stop",
        "osm_id": "node/12212047745",
        "operator": null,
        "osm_url": "https://www.openstreetmap.org/node/12212047745",
        "data_source": "openstreetmap",
        "verified_official": false,
        "position_type": "osm_recorded",
        "last_checked": "2026-10-09"
      },
      "geometry": {
        "type": "Point",
        "coordinates": [
          106.7670136,
          10.7772674
        ]
      }
    },
    {
      "type": "Feature",
      "id": "node/12212047748",
      "properties": {
        "name": "Trường Mầm non Tân Thuận Tây",
        "category": "bus_stop",
        "osm_id": "node/12212047748",
        "operator": null,
        "osm_url": "https://www.openstreetmap.org/node/12212047748",
        "data_source": "openstreetmap",
        "verified_official": false,
        "position_type": "osm_recorded",
        "last_checked": "2026-10-09"
      },
      "geometry": {
        "type": "Point",
        "coordinates": [
          106.72134,
          10.7523747
        ]
      }
    },
    {
      "type": "Feature",
      "id": "node/12212047751",
      "properties": {
        "name": "Hẻm 36 Nguyễn Gia Tri",
        "category": "bus_stop",
        "osm_id": "node/12212047751",
        "operator": null,
        "osm_url": "https://www.openstreetmap.org/node/12212047751",
        "data_source": "openstreetmap",
        "verified_official": false,
        "position_type": "osm_recorded",
        "last_checked": "2026-10-09"
      },
      "geometry": {
        "type": "Point",
        "coordinates": [
          106.7157936,
          10.8026872
        ]
      }
    },
    {
      "type": "Feature",
      "id": "node/12212047752",
      "properties": {
        "name": "Đường Võ Oanh",
        "category": "bus_stop",
        "osm_id": "node/12212047752",
        "operator": null,
        "osm_url": "https://www.openstreetmap.org/node/12212047752",
        "data_source": "openstreetmap",
        "verified_official": false,
        "position_type": "osm_recorded",
        "last_checked": "2026-10-09"
      },
      "geometry": {
        "type": "Point",
        "coordinates": [
          106.715966,
          10.8047304
        ]
      }
    },
    {
      "type": "Feature",
      "id": "node/12212047753",
      "properties": {
        "name": "Đại học Ngoại thương - Cơ sở 2",
        "category": "bus_stop",
        "osm_id": "node/12212047753",
        "operator": null,
        "osm_url": "https://www.openstreetmap.org/node/12212047753",
        "data_source": "openstreetmap",
        "verified_official": false,
        "position_type": "osm_recorded",
        "last_checked": "2026-10-09"
      },
      "geometry": {
        "type": "Point",
        "coordinates": [
          106.713867,
          10.8064002
        ]
      }
    },
    {
      "type": "Feature",
      "id": "node/12212047755",
      "properties": {
        "name": "Rạp Trần Hưng Đạo",
        "category": "bus_stop",
        "osm_id": "node/12212047755",
        "operator": null,
        "osm_url": "https://www.openstreetmap.org/node/12212047755",
        "data_source": "openstreetmap",
        "verified_official": false,
        "position_type": "osm_recorded",
        "last_checked": "2026-10-09"
      },
      "geometry": {
        "type": "Point",
        "coordinates": [
          106.6926828,
          10.7648329
        ]
      }
    },
    {
      "type": "Feature",
      "id": "node/12216140078",
      "properties": {
        "name": "Tôn Đản",
        "category": "bus_stop",
        "osm_id": "node/12216140078",
        "operator": null,
        "osm_url": "https://www.openstreetmap.org/node/12216140078",
        "data_source": "openstreetmap",
        "verified_official": false,
        "position_type": "osm_recorded",
        "last_checked": "2026-10-09"
      },
      "geometry": {
        "type": "Point",
        "coordinates": [
          106.7060535,
          10.7532191
        ]
      }
    },
    {
      "type": "Feature",
      "id": "node/12216140079",
      "properties": {
        "name": "Trường Đại học Nguyễn Tất Thành",
        "category": "bus_stop",
        "osm_id": "node/12216140079",
        "operator": null,
        "osm_url": "https://www.openstreetmap.org/node/12216140079",
        "data_source": "openstreetmap",
        "verified_official": false,
        "position_type": "osm_recorded",
        "last_checked": "2026-10-09"
      },
      "geometry": {
        "type": "Point",
        "coordinates": [
          106.7090071,
          10.7532515
        ]
      }
    },
    {
      "type": "Feature",
      "id": "node/12216140080",
      "properties": {
        "name": "Khu vui chơi thiếu nhi",
        "category": "bus_stop",
        "osm_id": "node/12216140080",
        "operator": null,
        "osm_url": "https://www.openstreetmap.org/node/12216140080",
        "data_source": "openstreetmap",
        "verified_official": false,
        "position_type": "osm_recorded",
        "last_checked": "2026-10-09"
      },
      "geometry": {
        "type": "Point",
        "coordinates": [
          106.7135143,
          10.7532724
        ]
      }
    },
    {
      "type": "Feature",
      "id": "node/12216140081",
      "properties": {
        "name": "Nguyễn Thần Hiến",
        "category": "bus_stop",
        "osm_id": "node/12216140081",
        "operator": null,
        "osm_url": "https://www.openstreetmap.org/node/12216140081",
        "data_source": "openstreetmap",
        "verified_official": false,
        "position_type": "osm_recorded",
        "last_checked": "2026-10-09"
      },
      "geometry": {
        "type": "Point",
        "coordinates": [
          106.7152474,
          10.7533118
        ]
      }
    },
    {
      "type": "Feature",
      "id": "node/12216140082",
      "properties": {
        "name": "Nguyễn Thần Hiến",
        "category": "bus_stop",
        "osm_id": "node/12216140082",
        "operator": null,
        "osm_url": "https://www.openstreetmap.org/node/12216140082",
        "data_source": "openstreetmap",
        "verified_official": false,
        "position_type": "osm_recorded",
        "last_checked": "2026-10-09"
      },
      "geometry": {
        "type": "Point",
        "coordinates": [
          106.7166144,
          10.7535461
        ]
      }
    },
    {
      "type": "Feature",
      "id": "node/12216140083",
      "properties": {
        "name": "Khu vui chơi thiếu nhi",
        "category": "bus_stop",
        "osm_id": "node/12216140083",
        "operator": null,
        "osm_url": "https://www.openstreetmap.org/node/12216140083",
        "data_source": "openstreetmap",
        "verified_official": false,
        "position_type": "osm_recorded",
        "last_checked": "2026-10-09"
      },
      "geometry": {
        "type": "Point",
        "coordinates": [
          106.7135757,
          10.7533675
        ]
      }
    },
    {
      "type": "Feature",
      "id": "node/12216140084",
      "properties": {
        "name": "Trường Đại học Nguyễn Tất Thành",
        "category": "bus_stop",
        "osm_id": "node/12216140084",
        "operator": null,
        "osm_url": "https://www.openstreetmap.org/node/12216140084",
        "data_source": "openstreetmap",
        "verified_official": false,
        "position_type": "osm_recorded",
        "last_checked": "2026-10-09"
      },
      "geometry": {
        "type": "Point",
        "coordinates": [
          106.709307,
          10.7533118
        ]
      }
    },
    {
      "type": "Feature",
      "id": "node/12216140085",
      "properties": {
        "name": "Tôn Đản",
        "category": "bus_stop",
        "osm_id": "node/12216140085",
        "operator": null,
        "osm_url": "https://www.openstreetmap.org/node/12216140085",
        "data_source": "openstreetmap",
        "verified_official": false,
        "position_type": "osm_recorded",
        "last_checked": "2026-10-09"
      },
      "geometry": {
        "type": "Point",
        "coordinates": [
          106.7063085,
          10.7533095
        ]
      }
    },
    {
      "type": "Feature",
      "id": "node/12216140086",
      "properties": {
        "name": "Ký túc xá Đại học Sư phạm Kỹ thuật",
        "category": "bus_stop",
        "osm_id": "node/12216140086",
        "operator": null,
        "osm_url": "https://www.openstreetmap.org/node/12216140086",
        "data_source": "openstreetmap",
        "verified_official": false,
        "position_type": "osm_recorded",
        "last_checked": "2026-10-09"
      },
      "geometry": {
        "type": "Point",
        "coordinates": [
          106.7963688,
          10.8458454
        ]
      }
    },
    {
      "type": "Feature",
      "id": "node/12216140093",
      "properties": {
        "name": "Siêu thị Phú Lâm",
        "category": "bus_stop",
        "osm_id": "node/12216140093",
        "operator": null,
        "osm_url": "https://www.openstreetmap.org/node/12216140093",
        "data_source": "openstreetmap",
        "verified_official": false,
        "position_type": "osm_recorded",
        "last_checked": "2026-10-09"
      },
      "geometry": {
        "type": "Point",
        "coordinates": [
          106.6234359,
          10.7564094
        ]
      }
    },
    {
      "type": "Feature",
      "id": "node/12241385886",
      "properties": {
        "name": "UBND Phường Thạnh Mỹ Lợi",
        "category": "bus_stop",
        "osm_id": "node/12241385886",
        "operator": null,
        "osm_url": "https://www.openstreetmap.org/node/12241385886",
        "data_source": "openstreetmap",
        "verified_official": false,
        "position_type": "osm_recorded",
        "last_checked": "2026-10-09"
      },
      "geometry": {
        "type": "Point",
        "coordinates": [
          106.7697857,
          10.7699608
        ]
      }
    },
    {
      "type": "Feature",
      "id": "node/12241385887",
      "properties": {
        "name": "Chợ Thạnh Mỹ Lợi",
        "category": "bus_stop",
        "osm_id": "node/12241385887",
        "operator": null,
        "osm_url": "https://www.openstreetmap.org/node/12241385887",
        "data_source": "openstreetmap",
        "verified_official": false,
        "position_type": "osm_recorded",
        "last_checked": "2026-10-09"
      },
      "geometry": {
        "type": "Point",
        "coordinates": [
          106.767489,
          10.769255
        ]
      }
    },
    {
      "type": "Feature",
      "id": "node/12241385888",
      "properties": {
        "name": "Chung cư Vista Verde",
        "category": "bus_stop",
        "osm_id": "node/12241385888",
        "operator": null,
        "osm_url": "https://www.openstreetmap.org/node/12241385888",
        "data_source": "openstreetmap",
        "verified_official": false,
        "position_type": "osm_recorded",
        "last_checked": "2026-10-09"
      },
      "geometry": {
        "type": "Point",
        "coordinates": [
          106.7558717,
          10.7757754
        ]
      }
    },
    {
      "type": "Feature",
      "id": "node/12241385889",
      "properties": {
        "name": "Ban điều hành KP3",
        "category": "bus_stop",
        "osm_id": "node/12241385889",
        "operator": null,
        "osm_url": "https://www.openstreetmap.org/node/12241385889",
        "data_source": "openstreetmap",
        "verified_official": false,
        "position_type": "osm_recorded",
        "last_checked": "2026-10-09"
      },
      "geometry": {
        "type": "Point",
        "coordinates": [
          106.752966,
          10.7972424
        ]
      }
    },
    {
      "type": "Feature",
      "id": "node/12241385890",
      "properties": {
        "name": "Ga Metro Rạch Chiếc",
        "category": "bus_stop",
        "osm_id": "node/12241385890",
        "operator": null,
        "osm_url": "https://www.openstreetmap.org/node/12241385890",
        "data_source": "openstreetmap",
        "verified_official": false,
        "position_type": "osm_recorded",
        "last_checked": "2026-10-09"
      },
      "geometry": {
        "type": "Point",
        "coordinates": [
          106.756391,
          10.808049
        ]
      }
    },
    {
      "type": "Feature",
      "id": "node/12241385891",
      "properties": {
        "name": "Ga Metro Rạch Chiếc",
        "category": "bus_stop",
        "osm_id": "node/12241385891",
        "operator": null,
        "osm_url": "https://www.openstreetmap.org/node/12241385891",
        "data_source": "openstreetmap",
        "verified_official": false,
        "position_type": "osm_recorded",
        "last_checked": "2026-10-09"
      },
      "geometry": {
        "type": "Point",
        "coordinates": [
          106.7554086,
          10.8092999
        ]
      }
    },
    {
      "type": "Feature",
      "id": "node/12241385892",
      "properties": {
        "name": "Lexington Residence",
        "category": "bus_stop",
        "osm_id": "node/12241385892",
        "operator": null,
        "osm_url": "https://www.openstreetmap.org/node/12241385892",
        "data_source": "openstreetmap",
        "verified_official": false,
        "position_type": "osm_recorded",
        "last_checked": "2026-10-09"
      },
      "geometry": {
        "type": "Point",
        "coordinates": [
          106.752375,
          10.7980708
        ]
      }
    },
    {
      "type": "Feature",
      "id": "node/12241385893",
      "properties": {
        "name": "Đường số 52 - BTT",
        "category": "bus_stop",
        "osm_id": "node/12241385893",
        "operator": null,
        "osm_url": "https://www.openstreetmap.org/node/12241385893",
        "data_source": "openstreetmap",
        "verified_official": false,
        "position_type": "osm_recorded",
        "last_checked": "2026-10-09"
      },
      "geometry": {
        "type": "Point",
        "coordinates": [
          106.7525294,
          10.7802244
        ]
      }
    },
    {
      "type": "Feature",
      "id": "node/12241385894",
      "properties": {
        "name": "Ban bồi thường GPMB Thành phố Thủ Đức",
        "category": "bus_stop",
        "osm_id": "node/12241385894",
        "operator": null,
        "osm_url": "https://www.openstreetmap.org/node/12241385894",
        "data_source": "openstreetmap",
        "verified_official": false,
        "position_type": "osm_recorded",
        "last_checked": "2026-10-09"
      },
      "geometry": {
        "type": "Point",
        "coordinates": [
          106.7535314,
          10.7779604
        ]
      }
    },
    {
      "type": "Feature",
      "id": "node/12241385895",
      "properties": {
        "name": "Chợ Thạnh Mỹ Lợi",
        "category": "bus_stop",
        "osm_id": "node/12241385895",
        "operator": null,
        "osm_url": "https://www.openstreetmap.org/node/12241385895",
        "data_source": "openstreetmap",
        "verified_official": false,
        "position_type": "osm_recorded",
        "last_checked": "2026-10-09"
      },
      "geometry": {
        "type": "Point",
        "coordinates": [
          106.7669788,
          10.7696401
        ]
      }
    },
    {
      "type": "Feature",
      "id": "node/12241385898",
      "properties": {
        "name": "Phạm Hùng",
        "category": "bus_stop",
        "osm_id": "node/12241385898",
        "operator": null,
        "osm_url": "https://www.openstreetmap.org/node/12241385898",
        "data_source": "openstreetmap",
        "verified_official": false,
        "position_type": "osm_recorded",
        "last_checked": "2026-10-09"
      },
      "geometry": {
        "type": "Point",
        "coordinates": [
          106.6767652,
          10.7284885
        ]
      }
    },
    {
      "type": "Feature",
      "id": "node/12241505431",
      "properties": {
        "name": "Đối diện tòa nhà BS9",
        "category": "bus_stop",
        "osm_id": "node/12241505431",
        "operator": null,
        "osm_url": "https://www.openstreetmap.org/node/12241505431",
        "data_source": "openstreetmap",
        "verified_official": false,
        "position_type": "osm_recorded",
        "last_checked": "2026-10-09"
      },
      "geometry": {
        "type": "Point",
        "coordinates": [
          106.8421464,
          10.8475561
        ]
      }
    },
    {
      "type": "Feature",
      "id": "node/12241505432",
      "properties": {
        "name": "Đối diện tòa nhà BS8 và GH3",
        "category": "bus_stop",
        "osm_id": "node/12241505432",
        "operator": null,
        "osm_url": "https://www.openstreetmap.org/node/12241505432",
        "data_source": "openstreetmap",
        "verified_official": false,
        "position_type": "osm_recorded",
        "last_checked": "2026-10-09"
      },
      "geometry": {
        "type": "Point",
        "coordinates": [
          106.8412578,
          10.8455506
        ]
      }
    },
    {
      "type": "Feature",
      "id": "node/12241505433",
      "properties": {
        "name": "Phân khu Masteri",
        "category": "bus_stop",
        "osm_id": "node/12241505433",
        "operator": null,
        "osm_url": "https://www.openstreetmap.org/node/12241505433",
        "data_source": "openstreetmap",
        "verified_official": false,
        "position_type": "osm_recorded",
        "last_checked": "2026-10-09"
      },
      "geometry": {
        "type": "Point",
        "coordinates": [
          106.8403265,
          10.8436708
        ]
      }
    },
    {
      "type": "Feature",
      "id": "node/12241505434",
      "properties": {
        "name": "Đối diện bãi xe nổi P01",
        "category": "bus_stop",
        "osm_id": "node/12241505434",
        "operator": null,
        "osm_url": "https://www.openstreetmap.org/node/12241505434",
        "data_source": "openstreetmap",
        "verified_official": false,
        "position_type": "osm_recorded",
        "last_checked": "2026-10-09"
      },
      "geometry": {
        "type": "Point",
        "coordinates": [
          106.8418111,
          10.8362158
        ]
      }
    },
    {
      "type": "Feature",
      "id": "node/12241505436",
      "properties": {
        "name": "Công viên 36 hecta Vinhome Grand Park",
        "category": "bus_stop",
        "osm_id": "node/12241505436",
        "operator": null,
        "osm_url": "https://www.openstreetmap.org/node/12241505436",
        "data_source": "openstreetmap",
        "verified_official": false,
        "position_type": "osm_recorded",
        "last_checked": "2026-10-09"
      },
      "geometry": {
        "type": "Point",
        "coordinates": [
          106.8457615,
          10.839435
        ]
      }
    },
    {
      "type": "Feature",
      "id": "node/12345973822",
      "properties": {
        "name": "Siêu thị GO! Dĩ An",
        "category": "bus_stop",
        "osm_id": "node/12345973822",
        "operator": null,
        "osm_url": "https://www.openstreetmap.org/node/12345973822",
        "data_source": "openstreetmap",
        "verified_official": false,
        "position_type": "osm_recorded",
        "last_checked": "2026-10-09"
      },
      "geometry": {
        "type": "Point",
        "coordinates": [
          106.7754162,
          10.8887737
        ]
      }
    },
    {
      "type": "Feature",
      "id": "node/12345973829",
      "properties": {
        "name": "Công Viên Dĩ An",
        "category": "bus_stop",
        "osm_id": "node/12345973829",
        "operator": null,
        "osm_url": "https://www.openstreetmap.org/node/12345973829",
        "data_source": "openstreetmap",
        "verified_official": false,
        "position_type": "osm_recorded",
        "last_checked": "2026-10-09"
      },
      "geometry": {
        "type": "Point",
        "coordinates": [
          106.7677615,
          10.8969428
        ]
      }
    },
    {
      "type": "Feature",
      "id": "node/12345973849",
      "properties": {
        "name": "Công Viên Dĩ An",
        "category": "bus_stop",
        "osm_id": "node/12345973849",
        "operator": null,
        "osm_url": "https://www.openstreetmap.org/node/12345973849",
        "data_source": "openstreetmap",
        "verified_official": false,
        "position_type": "osm_recorded",
        "last_checked": "2026-10-09"
      },
      "geometry": {
        "type": "Point",
        "coordinates": [
          106.7677386,
          10.8984291
        ]
      }
    },
    {
      "type": "Feature",
      "id": "node/12422921828",
      "properties": {
        "name": "Điểm dừng xe buýt 12422921828",
        "category": "bus_stop",
        "osm_id": "node/12422921828",
        "operator": null,
        "osm_url": "https://www.openstreetmap.org/node/12422921828",
        "data_source": "openstreetmap",
        "verified_official": false,
        "position_type": "osm_recorded",
        "last_checked": "2026-10-09"
      },
      "geometry": {
        "type": "Point",
        "coordinates": [
          106.6964944,
          10.7710029
        ]
      }
    },
    {
      "type": "Feature",
      "id": "node/12435161715",
      "properties": {
        "name": "Ga tàu thuỷ Bình An",
        "category": "bus_stop",
        "osm_id": "node/12435161715",
        "operator": null,
        "osm_url": "https://www.openstreetmap.org/node/12435161715",
        "data_source": "openstreetmap",
        "verified_official": false,
        "position_type": "osm_recorded",
        "last_checked": "2026-10-09"
      },
      "geometry": {
        "type": "Point",
        "coordinates": [
          106.7287739,
          10.7973649
        ]
      }
    },
    {
      "type": "Feature",
      "id": "node/12435161718",
      "properties": {
        "name": "Công viên bờ sông Sài Gòn - Thảo Điền",
        "category": "bus_stop",
        "osm_id": "node/12435161718",
        "operator": null,
        "osm_url": "https://www.openstreetmap.org/node/12435161718",
        "data_source": "openstreetmap",
        "verified_official": false,
        "position_type": "osm_recorded",
        "last_checked": "2026-10-09"
      },
      "geometry": {
        "type": "Point",
        "coordinates": [
          106.7285652,
          10.8015991
        ]
      }
    },
    {
      "type": "Feature",
      "id": "node/12435161719",
      "properties": {
        "name": "Căn hộ Hoàng Anh",
        "category": "bus_stop",
        "osm_id": "node/12435161719",
        "operator": null,
        "osm_url": "https://www.openstreetmap.org/node/12435161719",
        "data_source": "openstreetmap",
        "verified_official": false,
        "position_type": "osm_recorded",
        "last_checked": "2026-10-09"
      },
      "geometry": {
        "type": "Point",
        "coordinates": [
          106.726876,
          10.8041985
        ]
      }
    },
    {
      "type": "Feature",
      "id": "node/12435161720",
      "properties": {
        "name": "Khu biệt thự cao cấp Thảo Điền",
        "category": "bus_stop",
        "osm_id": "node/12435161720",
        "operator": null,
        "osm_url": "https://www.openstreetmap.org/node/12435161720",
        "data_source": "openstreetmap",
        "verified_official": false,
        "position_type": "osm_recorded",
        "last_checked": "2026-10-09"
      },
      "geometry": {
        "type": "Point",
        "coordinates": [
          106.7250772,
          10.8108131
        ]
      }
    },
    {
      "type": "Feature",
      "id": "node/12435161721",
      "properties": {
        "name": "Toà nhà River Garden",
        "category": "bus_stop",
        "osm_id": "node/12435161721",
        "operator": null,
        "osm_url": "https://www.openstreetmap.org/node/12435161721",
        "data_source": "openstreetmap",
        "verified_official": false,
        "position_type": "osm_recorded",
        "last_checked": "2026-10-09"
      },
      "geometry": {
        "type": "Point",
        "coordinates": [
          106.7272161,
          10.8154284
        ]
      }
    },
    {
      "type": "Feature",
      "id": "node/12435161722",
      "properties": {
        "name": "Chung cư XI Riverview Palace",
        "category": "bus_stop",
        "osm_id": "node/12435161722",
        "operator": null,
        "osm_url": "https://www.openstreetmap.org/node/12435161722",
        "data_source": "openstreetmap",
        "verified_official": false,
        "position_type": "osm_recorded",
        "last_checked": "2026-10-09"
      },
      "geometry": {
        "type": "Point",
        "coordinates": [
          106.7307157,
          10.8173991
        ]
      }
    },
    {
      "type": "Feature",
      "id": "node/12435161723",
      "properties": {
        "name": "BIS HCMC, Junior Campus",
        "category": "bus_stop",
        "osm_id": "node/12435161723",
        "operator": null,
        "osm_url": "https://www.openstreetmap.org/node/12435161723",
        "data_source": "openstreetmap",
        "verified_official": false,
        "position_type": "osm_recorded",
        "last_checked": "2026-10-09"
      },
      "geometry": {
        "type": "Point",
        "coordinates": [
          106.7325433,
          10.8130896
        ]
      }
    },
    {
      "type": "Feature",
      "id": "node/12435161724",
      "properties": {
        "name": "Ban điều hành khu phố 4",
        "category": "bus_stop",
        "osm_id": "node/12435161724",
        "operator": null,
        "osm_url": "https://www.openstreetmap.org/node/12435161724",
        "data_source": "openstreetmap",
        "verified_official": false,
        "position_type": "osm_recorded",
        "last_checked": "2026-10-09"
      },
      "geometry": {
        "type": "Point",
        "coordinates": [
          106.731961,
          10.8093576
        ]
      }
    },
    {
      "type": "Feature",
      "id": "node/12435161725",
      "properties": {
        "name": "Làng báo chí",
        "category": "bus_stop",
        "osm_id": "node/12435161725",
        "operator": null,
        "osm_url": "https://www.openstreetmap.org/node/12435161725",
        "data_source": "openstreetmap",
        "verified_official": false,
        "position_type": "osm_recorded",
        "last_checked": "2026-10-09"
      },
      "geometry": {
        "type": "Point",
        "coordinates": [
          106.7342038,
          10.807217
        ]
      }
    },
    {
      "type": "Feature",
      "id": "node/12435161726",
      "properties": {
        "name": "Ga An Phú",
        "category": "bus_stop",
        "osm_id": "node/12435161726",
        "operator": null,
        "osm_url": "https://www.openstreetmap.org/node/12435161726",
        "data_source": "openstreetmap",
        "verified_official": false,
        "position_type": "osm_recorded",
        "last_checked": "2026-10-09"
      },
      "geometry": {
        "type": "Point",
        "coordinates": [
          106.7420687,
          10.8019861
        ]
      }
    },
    {
      "type": "Feature",
      "id": "node/12435161727",
      "properties": {
        "name": "The Estella",
        "category": "bus_stop",
        "osm_id": "node/12435161727",
        "operator": null,
        "osm_url": "https://www.openstreetmap.org/node/12435161727",
        "data_source": "openstreetmap",
        "verified_official": false,
        "position_type": "osm_recorded",
        "last_checked": "2026-10-09"
      },
      "geometry": {
        "type": "Point",
        "coordinates": [
          106.7480658,
          10.8000113
        ]
      }
    },
    {
      "type": "Feature",
      "id": "node/12435161728",
      "properties": {
        "name": "Chung cư Imperia An Phú",
        "category": "bus_stop",
        "osm_id": "node/12435161728",
        "operator": null,
        "osm_url": "https://www.openstreetmap.org/node/12435161728",
        "data_source": "openstreetmap",
        "verified_official": false,
        "position_type": "osm_recorded",
        "last_checked": "2026-10-09"
      },
      "geometry": {
        "type": "Point",
        "coordinates": [
          106.7508728,
          10.7993928
        ]
      }
    },
    {
      "type": "Feature",
      "id": "node/12435161729",
      "properties": {
        "name": "Trường Tiểu học Nguyễn Văn Trỗi",
        "category": "bus_stop",
        "osm_id": "node/12435161729",
        "operator": null,
        "osm_url": "https://www.openstreetmap.org/node/12435161729",
        "data_source": "openstreetmap",
        "verified_official": false,
        "position_type": "osm_recorded",
        "last_checked": "2026-10-09"
      },
      "geometry": {
        "type": "Point",
        "coordinates": [
          106.7770702,
          10.7896928
        ]
      }
    },
    {
      "type": "Feature",
      "id": "node/12435161731",
      "properties": {
        "name": "Chung cư Thủ Thiêm Xanh",
        "category": "bus_stop",
        "osm_id": "node/12435161731",
        "operator": null,
        "osm_url": "https://www.openstreetmap.org/node/12435161731",
        "data_source": "openstreetmap",
        "verified_official": false,
        "position_type": "osm_recorded",
        "last_checked": "2026-10-09"
      },
      "geometry": {
        "type": "Point",
        "coordinates": [
          106.7768926,
          10.7897391
        ]
      }
    },
    {
      "type": "Feature",
      "id": "node/12435161733",
      "properties": {
        "name": "The Estella",
        "category": "bus_stop",
        "osm_id": "node/12435161733",
        "operator": null,
        "osm_url": "https://www.openstreetmap.org/node/12435161733",
        "data_source": "openstreetmap",
        "verified_official": false,
        "position_type": "osm_recorded",
        "last_checked": "2026-10-09"
      },
      "geometry": {
        "type": "Point",
        "coordinates": [
          106.7485636,
          10.8006927
        ]
      }
    },
    {
      "type": "Feature",
      "id": "node/12435161734",
      "properties": {
        "name": "Làng báo chí",
        "category": "bus_stop",
        "osm_id": "node/12435161734",
        "operator": null,
        "osm_url": "https://www.openstreetmap.org/node/12435161734",
        "data_source": "openstreetmap",
        "verified_official": false,
        "position_type": "osm_recorded",
        "last_checked": "2026-10-09"
      },
      "geometry": {
        "type": "Point",
        "coordinates": [
          106.7342179,
          10.8073445
        ]
      }
    },
    {
      "type": "Feature",
      "id": "node/12435161735",
      "properties": {
        "name": "Nhà văn hóa Thảo Điền",
        "category": "bus_stop",
        "osm_id": "node/12435161735",
        "operator": null,
        "osm_url": "https://www.openstreetmap.org/node/12435161735",
        "data_source": "openstreetmap",
        "verified_official": false,
        "position_type": "osm_recorded",
        "last_checked": "2026-10-09"
      },
      "geometry": {
        "type": "Point",
        "coordinates": [
          106.7325052,
          10.8090283
        ]
      }
    },
    {
      "type": "Feature",
      "id": "node/12435161736",
      "properties": {
        "name": "BIS HCMC, Junior Campus",
        "category": "bus_stop",
        "osm_id": "node/12435161736",
        "operator": null,
        "osm_url": "https://www.openstreetmap.org/node/12435161736",
        "data_source": "openstreetmap",
        "verified_official": false,
        "position_type": "osm_recorded",
        "last_checked": "2026-10-09"
      },
      "geometry": {
        "type": "Point",
        "coordinates": [
          106.7315731,
          10.8116138
        ]
      }
    },
    {
      "type": "Feature",
      "id": "node/12435161737",
      "properties": {
        "name": "Chung cư XI Riverview Palace",
        "category": "bus_stop",
        "osm_id": "node/12435161737",
        "operator": null,
        "osm_url": "https://www.openstreetmap.org/node/12435161737",
        "data_source": "openstreetmap",
        "verified_official": false,
        "position_type": "osm_recorded",
        "last_checked": "2026-10-09"
      },
      "geometry": {
        "type": "Point",
        "coordinates": [
          106.7316192,
          10.8174353
        ]
      }
    },
    {
      "type": "Feature",
      "id": "node/12435161738",
      "properties": {
        "name": "Trường Quốc tế Á Châu - Nguyen Van Huong Campus",
        "category": "bus_stop",
        "osm_id": "node/12435161738",
        "operator": null,
        "osm_url": "https://www.openstreetmap.org/node/12435161738",
        "data_source": "openstreetmap",
        "verified_official": false,
        "position_type": "osm_recorded",
        "last_checked": "2026-10-09"
      },
      "geometry": {
        "type": "Point",
        "coordinates": [
          106.7278637,
          10.8161316
        ]
      }
    },
    {
      "type": "Feature",
      "id": "node/12435161739",
      "properties": {
        "name": "Khu biệt thự cao cấp Thảo Điền",
        "category": "bus_stop",
        "osm_id": "node/12435161739",
        "operator": null,
        "osm_url": "https://www.openstreetmap.org/node/12435161739",
        "data_source": "openstreetmap",
        "verified_official": false,
        "position_type": "osm_recorded",
        "last_checked": "2026-10-09"
      },
      "geometry": {
        "type": "Point",
        "coordinates": [
          106.7252553,
          10.8114723
        ]
      }
    },
    {
      "type": "Feature",
      "id": "node/12435161740",
      "properties": {
        "name": "Khu nhà biệt thự 38 Nguyễn Văn Hưởng",
        "category": "bus_stop",
        "osm_id": "node/12435161740",
        "operator": null,
        "osm_url": "https://www.openstreetmap.org/node/12435161740",
        "data_source": "openstreetmap",
        "verified_official": false,
        "position_type": "osm_recorded",
        "last_checked": "2026-10-09"
      },
      "geometry": {
        "type": "Point",
        "coordinates": [
          106.7264148,
          10.8048623
        ]
      }
    },
    {
      "type": "Feature",
      "id": "node/12435161741",
      "properties": {
        "name": "Công viên bờ sông Sài Gòn - Thảo Điền",
        "category": "bus_stop",
        "osm_id": "node/12435161741",
        "operator": null,
        "osm_url": "https://www.openstreetmap.org/node/12435161741",
        "data_source": "openstreetmap",
        "verified_official": false,
        "position_type": "osm_recorded",
        "last_checked": "2026-10-09"
      },
      "geometry": {
        "type": "Point",
        "coordinates": [
          106.7281821,
          10.8019403
        ]
      }
    },
    {
      "type": "Feature",
      "id": "node/12435161742",
      "properties": {
        "name": "Siêu thị Mega Market An Phú",
        "category": "bus_stop",
        "osm_id": "node/12435161742",
        "operator": null,
        "osm_url": "https://www.openstreetmap.org/node/12435161742",
        "data_source": "openstreetmap",
        "verified_official": false,
        "position_type": "osm_recorded",
        "last_checked": "2026-10-09"
      },
      "geometry": {
        "type": "Point",
        "coordinates": [
          106.7422907,
          10.8010189
        ]
      }
    },
    {
      "type": "Feature",
      "id": "node/12435161743",
      "properties": {
        "name": "Chung cư cao ốc An Cư",
        "category": "bus_stop",
        "osm_id": "node/12435161743",
        "operator": null,
        "osm_url": "https://www.openstreetmap.org/node/12435161743",
        "data_source": "openstreetmap",
        "verified_official": false,
        "position_type": "osm_recorded",
        "last_checked": "2026-10-09"
      },
      "geometry": {
        "type": "Point",
        "coordinates": [
          106.7390462,
          10.7982123
        ]
      }
    },
    {
      "type": "Feature",
      "id": "node/12435161744",
      "properties": {
        "name": "Trường Trung học phổ thông Thủ Thiêm",
        "category": "bus_stop",
        "osm_id": "node/12435161744",
        "operator": null,
        "osm_url": "https://www.openstreetmap.org/node/12435161744",
        "data_source": "openstreetmap",
        "verified_official": false,
        "position_type": "osm_recorded",
        "last_checked": "2026-10-09"
      },
      "geometry": {
        "type": "Point",
        "coordinates": [
          106.7433276,
          10.7964648
        ]
      }
    },
    {
      "type": "Feature",
      "id": "node/12435161745",
      "properties": {
        "name": "Chung cư Bình Khánh",
        "category": "bus_stop",
        "osm_id": "node/12435161745",
        "operator": null,
        "osm_url": "https://www.openstreetmap.org/node/12435161745",
        "data_source": "openstreetmap",
        "verified_official": false,
        "position_type": "osm_recorded",
        "last_checked": "2026-10-09"
      },
      "geometry": {
        "type": "Point",
        "coordinates": [
          106.7451428,
          10.7953762
        ]
      }
    },
    {
      "type": "Feature",
      "id": "node/12435161746",
      "properties": {
        "name": "Công an phường An Phú",
        "category": "bus_stop",
        "osm_id": "node/12435161746",
        "operator": null,
        "osm_url": "https://www.openstreetmap.org/node/12435161746",
        "data_source": "openstreetmap",
        "verified_official": false,
        "position_type": "osm_recorded",
        "last_checked": "2026-10-09"
      },
      "geometry": {
        "type": "Point",
        "coordinates": [
          106.7457908,
          10.792051
        ]
      }
    },
    {
      "type": "Feature",
      "id": "node/12435161747",
      "properties": {
        "name": "Trung tâm VinCom",
        "category": "bus_stop",
        "osm_id": "node/12435161747",
        "operator": null,
        "osm_url": "https://www.openstreetmap.org/node/12435161747",
        "data_source": "openstreetmap",
        "verified_official": false,
        "position_type": "osm_recorded",
        "last_checked": "2026-10-09"
      },
      "geometry": {
        "type": "Point",
        "coordinates": [
          106.7022438,
          10.776776
        ]
      }
    },
    {
      "type": "Feature",
      "id": "node/12435161748",
      "properties": {
        "name": "Nhà hát Thành phố",
        "category": "bus_stop",
        "osm_id": "node/12435161748",
        "operator": null,
        "osm_url": "https://www.openstreetmap.org/node/12435161748",
        "data_source": "openstreetmap",
        "verified_official": false,
        "position_type": "osm_recorded",
        "last_checked": "2026-10-09"
      },
      "geometry": {
        "type": "Point",
        "coordinates": [
          106.7038026,
          10.7753669
        ]
      }
    },
    {
      "type": "Feature",
      "id": "node/12435161749",
      "properties": {
        "name": "Dinh Độc Lập",
        "category": "bus_stop",
        "osm_id": "node/12435161749",
        "operator": null,
        "osm_url": "https://www.openstreetmap.org/node/12435161749",
        "data_source": "openstreetmap",
        "verified_official": false,
        "position_type": "osm_recorded",
        "last_checked": "2026-10-09"
      },
      "geometry": {
        "type": "Point",
        "coordinates": [
          106.6965283,
          10.778308
        ]
      }
    },
    {
      "type": "Feature",
      "id": "node/12435545036",
      "properties": {
        "name": "Công an phường An Phú",
        "category": "bus_stop",
        "osm_id": "node/12435545036",
        "operator": null,
        "osm_url": "https://www.openstreetmap.org/node/12435545036",
        "data_source": "openstreetmap",
        "verified_official": false,
        "position_type": "osm_recorded",
        "last_checked": "2026-10-09"
      },
      "geometry": {
        "type": "Point",
        "coordinates": [
          106.7459013,
          10.7919597
        ]
      }
    },
    {
      "type": "Feature",
      "id": "node/12435545037",
      "properties": {
        "name": "Chung cư Bình Khánh",
        "category": "bus_stop",
        "osm_id": "node/12435545037",
        "operator": null,
        "osm_url": "https://www.openstreetmap.org/node/12435545037",
        "data_source": "openstreetmap",
        "verified_official": false,
        "position_type": "osm_recorded",
        "last_checked": "2026-10-09"
      },
      "geometry": {
        "type": "Point",
        "coordinates": [
          106.7453541,
          10.794889
        ]
      }
    },
    {
      "type": "Feature",
      "id": "node/12435545038",
      "properties": {
        "name": "Trường Trung học phổ thông Thủ Thiêm",
        "category": "bus_stop",
        "osm_id": "node/12435545038",
        "operator": null,
        "osm_url": "https://www.openstreetmap.org/node/12435545038",
        "data_source": "openstreetmap",
        "verified_official": false,
        "position_type": "osm_recorded",
        "last_checked": "2026-10-09"
      },
      "geometry": {
        "type": "Point",
        "coordinates": [
          106.7432701,
          10.7967282
        ]
      }
    },
    {
      "type": "Feature",
      "id": "node/12435545039",
      "properties": {
        "name": "Chung cư cao ốc An Cư",
        "category": "bus_stop",
        "osm_id": "node/12435545039",
        "operator": null,
        "osm_url": "https://www.openstreetmap.org/node/12435545039",
        "data_source": "openstreetmap",
        "verified_official": false,
        "position_type": "osm_recorded",
        "last_checked": "2026-10-09"
      },
      "geometry": {
        "type": "Point",
        "coordinates": [
          106.7395019,
          10.7984468
        ]
      }
    },
    {
      "type": "Feature",
      "id": "node/12435545040",
      "properties": {
        "name": "Siêu thị Mega Market An Phú",
        "category": "bus_stop",
        "osm_id": "node/12435545040",
        "operator": null,
        "osm_url": "https://www.openstreetmap.org/node/12435545040",
        "data_source": "openstreetmap",
        "verified_official": false,
        "position_type": "osm_recorded",
        "last_checked": "2026-10-09"
      },
      "geometry": {
        "type": "Point",
        "coordinates": [
          106.7427442,
          10.8010239
        ]
      }
    },
    {
      "type": "Feature",
      "id": "node/12435545041",
      "properties": {
        "name": "The Vista",
        "category": "bus_stop",
        "osm_id": "node/12435545041",
        "operator": null,
        "osm_url": "https://www.openstreetmap.org/node/12435545041",
        "data_source": "openstreetmap",
        "verified_official": false,
        "position_type": "osm_recorded",
        "last_checked": "2026-10-09"
      },
      "geometry": {
        "type": "Point",
        "coordinates": [
          106.7506792,
          10.8048503
        ]
      }
    },
    {
      "type": "Feature",
      "id": "node/12435545047",
      "properties": {
        "name": "Sân vận động Tao Đàn",
        "category": "bus_stop",
        "osm_id": "node/12435545047",
        "operator": null,
        "osm_url": "https://www.openstreetmap.org/node/12435545047",
        "data_source": "openstreetmap",
        "verified_official": false,
        "position_type": "osm_recorded",
        "last_checked": "2026-10-09"
      },
      "geometry": {
        "type": "Point",
        "coordinates": [
          106.6943088,
          10.7762661
        ]
      }
    },
    {
      "type": "Feature",
      "id": "node/12435545048",
      "properties": {
        "name": "Thủ Khoa Huân",
        "category": "bus_stop",
        "osm_id": "node/12435545048",
        "operator": null,
        "osm_url": "https://www.openstreetmap.org/node/12435545048",
        "data_source": "openstreetmap",
        "verified_official": false,
        "position_type": "osm_recorded",
        "last_checked": "2026-10-09"
      },
      "geometry": {
        "type": "Point",
        "coordinates": [
          106.6967129,
          10.7743451
        ]
      }
    },
    {
      "type": "Feature",
      "id": "node/12435545049",
      "properties": {
        "name": "Chùa Bà Ấn",
        "category": "bus_stop",
        "osm_id": "node/12435545049",
        "operator": null,
        "osm_url": "https://www.openstreetmap.org/node/12435545049",
        "data_source": "openstreetmap",
        "verified_official": false,
        "position_type": "osm_recorded",
        "last_checked": "2026-10-09"
      },
      "geometry": {
        "type": "Point",
        "coordinates": [
          106.695901,
          10.772314
        ]
      }
    },
    {
      "type": "Feature",
      "id": "node/12435545051",
      "properties": {
        "name": "Cầu Đen",
        "category": "bus_stop",
        "osm_id": "node/12435545051",
        "operator": null,
        "osm_url": "https://www.openstreetmap.org/node/12435545051",
        "data_source": "openstreetmap",
        "verified_official": false,
        "position_type": "osm_recorded",
        "last_checked": "2026-10-09"
      },
      "geometry": {
        "type": "Point",
        "coordinates": [
          106.7345236,
          10.7994437
        ]
      }
    },
    {
      "type": "Feature",
      "id": "node/12435545052",
      "properties": {
        "name": "Khu đô thị An Phú",
        "category": "bus_stop",
        "osm_id": "node/12435545052",
        "operator": null,
        "osm_url": "https://www.openstreetmap.org/node/12435545052",
        "data_source": "openstreetmap",
        "verified_official": false,
        "position_type": "osm_recorded",
        "last_checked": "2026-10-09"
      },
      "geometry": {
        "type": "Point",
        "coordinates": [
          106.736848,
          10.7985933
        ]
      }
    },
    {
      "type": "Feature",
      "id": "node/12435545053",
      "properties": {
        "name": "Cục thuế Thành phố Hồ Chí Minh",
        "category": "bus_stop",
        "osm_id": "node/12435545053",
        "operator": null,
        "osm_url": "https://www.openstreetmap.org/node/12435545053",
        "data_source": "openstreetmap",
        "verified_official": false,
        "position_type": "osm_recorded",
        "last_checked": "2026-10-09"
      },
      "geometry": {
        "type": "Point",
        "coordinates": [
          106.7411188,
          10.795769
        ]
      }
    },
    {
      "type": "Feature",
      "id": "node/12435545054",
      "properties": {
        "name": "Chung cư Screc II",
        "category": "bus_stop",
        "osm_id": "node/12435545054",
        "operator": null,
        "osm_url": "https://www.openstreetmap.org/node/12435545054",
        "data_source": "openstreetmap",
        "verified_official": false,
        "position_type": "osm_recorded",
        "last_checked": "2026-10-09"
      },
      "geometry": {
        "type": "Point",
        "coordinates": [
          106.7396969,
          10.7918932
        ]
      }
    },
    {
      "type": "Feature",
      "id": "node/12435545055",
      "properties": {
        "name": "Đường H",
        "category": "bus_stop",
        "osm_id": "node/12435545055",
        "operator": null,
        "osm_url": "https://www.openstreetmap.org/node/12435545055",
        "data_source": "openstreetmap",
        "verified_official": false,
        "position_type": "osm_recorded",
        "last_checked": "2026-10-09"
      },
      "geometry": {
        "type": "Point",
        "coordinates": [
          106.7447128,
          10.7890689
        ]
      }
    },
    {
      "type": "Feature",
      "id": "node/12435545056",
      "properties": {
        "name": "Trường An Khánh",
        "category": "bus_stop",
        "osm_id": "node/12435545056",
        "operator": null,
        "osm_url": "https://www.openstreetmap.org/node/12435545056",
        "data_source": "openstreetmap",
        "verified_official": false,
        "position_type": "osm_recorded",
        "last_checked": "2026-10-09"
      },
      "geometry": {
        "type": "Point",
        "coordinates": [
          106.7437579,
          10.7881205
        ]
      }
    },
    {
      "type": "Feature",
      "id": "node/12435545057",
      "properties": {
        "name": "Công viên lô E",
        "category": "bus_stop",
        "osm_id": "node/12435545057",
        "operator": null,
        "osm_url": "https://www.openstreetmap.org/node/12435545057",
        "data_source": "openstreetmap",
        "verified_official": false,
        "position_type": "osm_recorded",
        "last_checked": "2026-10-09"
      },
      "geometry": {
        "type": "Point",
        "coordinates": [
          106.741684,
          10.7870602
        ]
      }
    },
    {
      "type": "Feature",
      "id": "node/12435545058",
      "properties": {
        "name": "Chung cư Bình Minh",
        "category": "bus_stop",
        "osm_id": "node/12435545058",
        "operator": null,
        "osm_url": "https://www.openstreetmap.org/node/12435545058",
        "data_source": "openstreetmap",
        "verified_official": false,
        "position_type": "osm_recorded",
        "last_checked": "2026-10-09"
      },
      "geometry": {
        "type": "Point",
        "coordinates": [
          106.7355239,
          10.7896262
        ]
      }
    },
    {
      "type": "Feature",
      "id": "node/12435545059",
      "properties": {
        "name": "Chung cư Bộ Công An - Lô A",
        "category": "bus_stop",
        "osm_id": "node/12435545059",
        "operator": null,
        "osm_url": "https://www.openstreetmap.org/node/12435545059",
        "data_source": "openstreetmap",
        "verified_official": false,
        "position_type": "osm_recorded",
        "last_checked": "2026-10-09"
      },
      "geometry": {
        "type": "Point",
        "coordinates": [
          106.7355893,
          10.7946494
        ]
      }
    },
    {
      "type": "Feature",
      "id": "node/12435545060",
      "properties": {
        "name": "Đường số 2",
        "category": "bus_stop",
        "osm_id": "node/12435545060",
        "operator": null,
        "osm_url": "https://www.openstreetmap.org/node/12435545060",
        "data_source": "openstreetmap",
        "verified_official": false,
        "position_type": "osm_recorded",
        "last_checked": "2026-10-09"
      },
      "geometry": {
        "type": "Point",
        "coordinates": [
          106.7334422,
          10.7962298
        ]
      }
    },
    {
      "type": "Feature",
      "id": "node/12435545062",
      "properties": {
        "name": "Công ty TNHH MTV Tài nguyên và Môi trường Miền Nam",
        "category": "bus_stop",
        "osm_id": "node/12435545062",
        "operator": null,
        "osm_url": "https://www.openstreetmap.org/node/12435545062",
        "data_source": "openstreetmap",
        "verified_official": false,
        "position_type": "osm_recorded",
        "last_checked": "2026-10-09"
      },
      "geometry": {
        "type": "Point",
        "coordinates": [
          106.7341337,
          10.7952492
        ]
      }
    },
    {
      "type": "Feature",
      "id": "node/12435545063",
      "properties": {
        "name": "Trụ sở Ban điều hành Khu phố 4",
        "category": "bus_stop",
        "osm_id": "node/12435545063",
        "operator": null,
        "osm_url": "https://www.openstreetmap.org/node/12435545063",
        "data_source": "openstreetmap",
        "verified_official": false,
        "position_type": "osm_recorded",
        "last_checked": "2026-10-09"
      },
      "geometry": {
        "type": "Point",
        "coordinates": [
          106.7352895,
          10.7938107
        ]
      }
    },
    {
      "type": "Feature",
      "id": "node/12435545064",
      "properties": {
        "name": "Chung cư Bình Minh",
        "category": "bus_stop",
        "osm_id": "node/12435545064",
        "operator": null,
        "osm_url": "https://www.openstreetmap.org/node/12435545064",
        "data_source": "openstreetmap",
        "verified_official": false,
        "position_type": "osm_recorded",
        "last_checked": "2026-10-09"
      },
      "geometry": {
        "type": "Point",
        "coordinates": [
          106.7355241,
          10.7894528
        ]
      }
    },
    {
      "type": "Feature",
      "id": "node/12435545065",
      "properties": {
        "name": "Khu cư xá Thời báo Kinh tế Sài Gòn",
        "category": "bus_stop",
        "osm_id": "node/12435545065",
        "operator": null,
        "osm_url": "https://www.openstreetmap.org/node/12435545065",
        "data_source": "openstreetmap",
        "verified_official": false,
        "position_type": "osm_recorded",
        "last_checked": "2026-10-09"
      },
      "geometry": {
        "type": "Point",
        "coordinates": [
          106.7340244,
          10.7865722
        ]
      }
    },
    {
      "type": "Feature",
      "id": "node/12435545066",
      "properties": {
        "name": "New City Thủ Thiêm",
        "category": "bus_stop",
        "osm_id": "node/12435545066",
        "operator": null,
        "osm_url": "https://www.openstreetmap.org/node/12435545066",
        "data_source": "openstreetmap",
        "verified_official": false,
        "position_type": "osm_recorded",
        "last_checked": "2026-10-09"
      },
      "geometry": {
        "type": "Point",
        "coordinates": [
          106.7343288,
          10.78131
        ]
      }
    },
    {
      "type": "Feature",
      "id": "node/12435545068",
      "properties": {
        "name": "Nút giao Trần Não - Mai Chí Thọ",
        "category": "bus_stop",
        "osm_id": "node/12435545068",
        "operator": null,
        "osm_url": "https://www.openstreetmap.org/node/12435545068",
        "data_source": "openstreetmap",
        "verified_official": false,
        "position_type": "osm_recorded",
        "last_checked": "2026-10-09"
      },
      "geometry": {
        "type": "Point",
        "coordinates": [
          106.7292857,
          10.7770572
        ]
      }
    },
    {
      "type": "Feature",
      "id": "node/12435545069",
      "properties": {
        "name": "Trường chuyên Trần Đại Nghĩa",
        "category": "bus_stop",
        "osm_id": "node/12435545069",
        "operator": null,
        "osm_url": "https://www.openstreetmap.org/node/12435545069",
        "data_source": "openstreetmap",
        "verified_official": false,
        "position_type": "osm_recorded",
        "last_checked": "2026-10-09"
      },
      "geometry": {
        "type": "Point",
        "coordinates": [
          106.7376599,
          10.784139
        ]
      }
    },
    {
      "type": "Feature",
      "id": "node/12435545070",
      "properties": {
        "name": "Công viên lô E",
        "category": "bus_stop",
        "osm_id": "node/12435545070",
        "operator": null,
        "osm_url": "https://www.openstreetmap.org/node/12435545070",
        "data_source": "openstreetmap",
        "verified_official": false,
        "position_type": "osm_recorded",
        "last_checked": "2026-10-09"
      },
      "geometry": {
        "type": "Point",
        "coordinates": [
          106.7420246,
          10.7871363
        ]
      }
    },
    {
      "type": "Feature",
      "id": "node/12435545071",
      "properties": {
        "name": "Trường An Khánh",
        "category": "bus_stop",
        "osm_id": "node/12435545071",
        "operator": null,
        "osm_url": "https://www.openstreetmap.org/node/12435545071",
        "data_source": "openstreetmap",
        "verified_official": false,
        "position_type": "osm_recorded",
        "last_checked": "2026-10-09"
      },
      "geometry": {
        "type": "Point",
        "coordinates": [
          106.7434497,
          10.7878633
        ]
      }
    },
    {
      "type": "Feature",
      "id": "node/12435545072",
      "properties": {
        "name": "Đường H",
        "category": "bus_stop",
        "osm_id": "node/12435545072",
        "operator": null,
        "osm_url": "https://www.openstreetmap.org/node/12435545072",
        "data_source": "openstreetmap",
        "verified_official": false,
        "position_type": "osm_recorded",
        "last_checked": "2026-10-09"
      },
      "geometry": {
        "type": "Point",
        "coordinates": [
          106.7446235,
          10.7894659
        ]
      }
    },
    {
      "type": "Feature",
      "id": "node/12435545073",
      "properties": {
        "name": "Chung cư Screc II",
        "category": "bus_stop",
        "osm_id": "node/12435545073",
        "operator": null,
        "osm_url": "https://www.openstreetmap.org/node/12435545073",
        "data_source": "openstreetmap",
        "verified_official": false,
        "position_type": "osm_recorded",
        "last_checked": "2026-10-09"
      },
      "geometry": {
        "type": "Point",
        "coordinates": [
          106.73994,
          10.7918571
        ]
      }
    },
    {
      "type": "Feature",
      "id": "node/12435545074",
      "properties": {
        "name": "Cục thuế Thành phố Hồ Chí Minh",
        "category": "bus_stop",
        "osm_id": "node/12435545074",
        "operator": null,
        "osm_url": "https://www.openstreetmap.org/node/12435545074",
        "data_source": "openstreetmap",
        "verified_official": false,
        "position_type": "osm_recorded",
        "last_checked": "2026-10-09"
      },
      "geometry": {
        "type": "Point",
        "coordinates": [
          106.7412141,
          10.7955453
        ]
      }
    },
    {
      "type": "Feature",
      "id": "node/12435545075",
      "properties": {
        "name": "Khu đô thị An Phú",
        "category": "bus_stop",
        "osm_id": "node/12435545075",
        "operator": null,
        "osm_url": "https://www.openstreetmap.org/node/12435545075",
        "data_source": "openstreetmap",
        "verified_official": false,
        "position_type": "osm_recorded",
        "last_checked": "2026-10-09"
      },
      "geometry": {
        "type": "Point",
        "coordinates": [
          106.7369968,
          10.7983945
        ]
      }
    },
    {
      "type": "Feature",
      "id": "node/12435545076",
      "properties": {
        "name": "UBND Phường 27",
        "category": "bus_stop",
        "osm_id": "node/12435545076",
        "operator": null,
        "osm_url": "https://www.openstreetmap.org/node/12435545076",
        "data_source": "openstreetmap",
        "verified_official": false,
        "position_type": "osm_recorded",
        "last_checked": "2026-10-09"
      },
      "geometry": {
        "type": "Point",
        "coordinates": [
          106.7207757,
          10.8155308
        ]
      }
    },
    {
      "type": "Feature",
      "id": "node/12435545077",
      "properties": {
        "name": "Cư xá Thanh Đa - Lô P",
        "category": "bus_stop",
        "osm_id": "node/12435545077",
        "operator": null,
        "osm_url": "https://www.openstreetmap.org/node/12435545077",
        "data_source": "openstreetmap",
        "verified_official": false,
        "position_type": "osm_recorded",
        "last_checked": "2026-10-09"
      },
      "geometry": {
        "type": "Point",
        "coordinates": [
          106.7205418,
          10.8131577
        ]
      }
    },
    {
      "type": "Feature",
      "id": "node/12435545078",
      "properties": {
        "name": "Trường Đại học Giao thông Vận tải Thành phố Hồ Chí Minh",
        "category": "bus_stop",
        "osm_id": "node/12435545078",
        "operator": null,
        "osm_url": "https://www.openstreetmap.org/node/12435545078",
        "data_source": "openstreetmap",
        "verified_official": false,
        "position_type": "osm_recorded",
        "last_checked": "2026-10-09"
      },
      "geometry": {
        "type": "Point",
        "coordinates": [
          106.7171803,
          10.8040685
        ]
      }
    },
    {
      "type": "Feature",
      "id": "node/12435545079",
      "properties": {
        "name": "Chung cư Thế kỷ 21",
        "category": "bus_stop",
        "osm_id": "node/12435545079",
        "operator": null,
        "osm_url": "https://www.openstreetmap.org/node/12435545079",
        "data_source": "openstreetmap",
        "verified_official": false,
        "position_type": "osm_recorded",
        "last_checked": "2026-10-09"
      },
      "geometry": {
        "type": "Point",
        "coordinates": [
          106.7228432,
          10.8016108
        ]
      }
    },
    {
      "type": "Feature",
      "id": "node/12435545080",
      "properties": {
        "name": "Công viên Cầu Sài Gòn",
        "category": "bus_stop",
        "osm_id": "node/12435545080",
        "operator": null,
        "osm_url": "https://www.openstreetmap.org/node/12435545080",
        "data_source": "openstreetmap",
        "verified_official": false,
        "position_type": "osm_recorded",
        "last_checked": "2026-10-09"
      },
      "geometry": {
        "type": "Point",
        "coordinates": [
          106.7222115,
          10.7990721
        ]
      }
    },
    {
      "type": "Feature",
      "id": "node/12435545081",
      "properties": {
        "name": "Ga Văn Thánh",
        "category": "bus_stop",
        "osm_id": "node/12435545081",
        "operator": null,
        "osm_url": "https://www.openstreetmap.org/node/12435545081",
        "data_source": "openstreetmap",
        "verified_official": false,
        "position_type": "osm_recorded",
        "last_checked": "2026-10-09"
      },
      "geometry": {
        "type": "Point",
        "coordinates": [
          106.7174307,
          10.7974491
        ]
      }
    },
    {
      "type": "Feature",
      "id": "node/12435545083",
      "properties": {
        "name": "113 Nguyễn Hữu Cảnh",
        "category": "bus_stop",
        "osm_id": "node/12435545083",
        "operator": null,
        "osm_url": "https://www.openstreetmap.org/node/12435545083",
        "data_source": "openstreetmap",
        "verified_official": false,
        "position_type": "osm_recorded",
        "last_checked": "2026-10-09"
      },
      "geometry": {
        "type": "Point",
        "coordinates": [
          106.7180798,
          10.795123
        ]
      }
    },
    {
      "type": "Feature",
      "id": "node/12435545084",
      "properties": {
        "name": "Trần Văn Khê",
        "category": "bus_stop",
        "osm_id": "node/12435545084",
        "operator": null,
        "osm_url": "https://www.openstreetmap.org/node/12435545084",
        "data_source": "openstreetmap",
        "verified_official": false,
        "position_type": "osm_recorded",
        "last_checked": "2026-10-09"
      },
      "geometry": {
        "type": "Point",
        "coordinates": [
          106.7082888,
          10.7953967
        ]
      }
    },
    {
      "type": "Feature",
      "id": "node/12435545085",
      "properties": {
        "name": "Nhà thờ Giáo xứ Mông Triệu",
        "category": "bus_stop",
        "osm_id": "node/12435545085",
        "operator": null,
        "osm_url": "https://www.openstreetmap.org/node/12435545085",
        "data_source": "openstreetmap",
        "verified_official": false,
        "position_type": "osm_recorded",
        "last_checked": "2026-10-09"
      },
      "geometry": {
        "type": "Point",
        "coordinates": [
          106.7059388,
          10.7963278
        ]
      }
    },
    {
      "type": "Feature",
      "id": "node/12437015557",
      "properties": {
        "name": "Trường Mẫu giáo Phước Bình",
        "category": "bus_stop",
        "osm_id": "node/12437015557",
        "operator": null,
        "osm_url": "https://www.openstreetmap.org/node/12437015557",
        "data_source": "openstreetmap",
        "verified_official": false,
        "position_type": "osm_recorded",
        "last_checked": "2026-10-09"
      },
      "geometry": {
        "type": "Point",
        "coordinates": [
          106.773375,
          10.8147872
        ]
      }
    },
    {
      "type": "Feature",
      "id": "node/12437015564",
      "properties": {
        "name": "Trường Trung học cơ sở Phước Bình",
        "category": "bus_stop",
        "osm_id": "node/12437015564",
        "operator": null,
        "osm_url": "https://www.openstreetmap.org/node/12437015564",
        "data_source": "openstreetmap",
        "verified_official": false,
        "position_type": "osm_recorded",
        "last_checked": "2026-10-09"
      },
      "geometry": {
        "type": "Point",
        "coordinates": [
          106.7728959,
          10.8145788
        ]
      }
    },
    {
      "type": "Feature",
      "id": "node/12437015569",
      "properties": {
        "name": "Nhà thờ Giáo xứ Minh Đức",
        "category": "bus_stop",
        "osm_id": "node/12437015569",
        "operator": null,
        "osm_url": "https://www.openstreetmap.org/node/12437015569",
        "data_source": "openstreetmap",
        "verified_official": false,
        "position_type": "osm_recorded",
        "last_checked": "2026-10-09"
      },
      "geometry": {
        "type": "Point",
        "coordinates": [
          106.8072934,
          10.8674476
        ]
      }
    },
    {
      "type": "Feature",
      "id": "node/12437015570",
      "properties": {
        "name": "Chung cư Topaz",
        "category": "bus_stop",
        "osm_id": "node/12437015570",
        "operator": null,
        "osm_url": "https://www.openstreetmap.org/node/12437015570",
        "data_source": "openstreetmap",
        "verified_official": false,
        "position_type": "osm_recorded",
        "last_checked": "2026-10-09"
      },
      "geometry": {
        "type": "Point",
        "coordinates": [
          106.8105152,
          10.8652241
        ]
      }
    },
    {
      "type": "Feature",
      "id": "node/12437015573",
      "properties": {
        "name": "Ga Metro Đại học Quốc gia",
        "category": "bus_stop",
        "osm_id": "node/12437015573",
        "operator": null,
        "osm_url": "https://www.openstreetmap.org/node/12437015573",
        "data_source": "openstreetmap",
        "verified_official": false,
        "position_type": "osm_recorded",
        "last_checked": "2026-10-09"
      },
      "geometry": {
        "type": "Point",
        "coordinates": [
          106.8003934,
          10.8660308
        ]
      }
    },
    {
      "type": "Feature",
      "id": "node/12437015578",
      "properties": {
        "name": "Nidec Vietnam Corporation",
        "category": "bus_stop",
        "osm_id": "node/12437015578",
        "operator": null,
        "osm_url": "https://www.openstreetmap.org/node/12437015578",
        "data_source": "openstreetmap",
        "verified_official": false,
        "position_type": "osm_recorded",
        "last_checked": "2026-10-09"
      },
      "geometry": {
        "type": "Point",
        "coordinates": [
          106.7941651,
          10.8539462
        ]
      }
    },
    {
      "type": "Feature",
      "id": "node/12437015579",
      "properties": {
        "name": "FPT Software HCM",
        "category": "bus_stop",
        "osm_id": "node/12437015579",
        "operator": null,
        "osm_url": "https://www.openstreetmap.org/node/12437015579",
        "data_source": "openstreetmap",
        "verified_official": false,
        "position_type": "osm_recorded",
        "last_checked": "2026-10-09"
      },
      "geometry": {
        "type": "Point",
        "coordinates": [
          106.7994708,
          10.8502249
        ]
      }
    },
    {
      "type": "Feature",
      "id": "node/12437015580",
      "properties": {
        "name": "Đại học Công nghệ Thành phố Hồ Chí Minh - HUTECH",
        "category": "bus_stop",
        "osm_id": "node/12437015580",
        "operator": null,
        "osm_url": "https://www.openstreetmap.org/node/12437015580",
        "data_source": "openstreetmap",
        "verified_official": false,
        "position_type": "osm_recorded",
        "last_checked": "2026-10-09"
      },
      "geometry": {
        "type": "Point",
        "coordinates": [
          106.8087045,
          10.841416
        ]
      }
    },
    {
      "type": "Feature",
      "id": "node/12437015581",
      "properties": {
        "name": "Đường D7",
        "category": "bus_stop",
        "osm_id": "node/12437015581",
        "operator": null,
        "osm_url": "https://www.openstreetmap.org/node/12437015581",
        "data_source": "openstreetmap",
        "verified_official": false,
        "position_type": "osm_recorded",
        "last_checked": "2026-10-09"
      },
      "geometry": {
        "type": "Point",
        "coordinates": [
          106.8075217,
          10.8324502
        ]
      }
    },
    {
      "type": "Feature",
      "id": "node/12437015582",
      "properties": {
        "name": "Cổng số 7 Công ty SAMSUNG",
        "category": "bus_stop",
        "osm_id": "node/12437015582",
        "operator": null,
        "osm_url": "https://www.openstreetmap.org/node/12437015582",
        "data_source": "openstreetmap",
        "verified_official": false,
        "position_type": "osm_recorded",
        "last_checked": "2026-10-09"
      },
      "geometry": {
        "type": "Point",
        "coordinates": [
          106.8015241,
          10.8295601
        ]
      }
    },
    {
      "type": "Feature",
      "id": "node/12437015583",
      "properties": {
        "name": "Cổng số 6 Công ty SAMSUNG",
        "category": "bus_stop",
        "osm_id": "node/12437015583",
        "operator": null,
        "osm_url": "https://www.openstreetmap.org/node/12437015583",
        "data_source": "openstreetmap",
        "verified_official": false,
        "position_type": "osm_recorded",
        "last_checked": "2026-10-09"
      },
      "geometry": {
        "type": "Point",
        "coordinates": [
          106.7959331,
          10.8326133
        ]
      }
    },
    {
      "type": "Feature",
      "id": "node/12437015584",
      "properties": {
        "name": "Trạm cấp khí CNG",
        "category": "bus_stop",
        "osm_id": "node/12437015584",
        "operator": null,
        "osm_url": "https://www.openstreetmap.org/node/12437015584",
        "data_source": "openstreetmap",
        "verified_official": false,
        "position_type": "osm_recorded",
        "last_checked": "2026-10-09"
      },
      "geometry": {
        "type": "Point",
        "coordinates": [
          106.7939612,
          10.8327961
        ]
      }
    },
    {
      "type": "Feature",
      "id": "node/12437015585",
      "properties": {
        "name": "Cổng 5 - Công ty Techtronic Tools VIệt Nam",
        "category": "bus_stop",
        "osm_id": "node/12437015585",
        "operator": null,
        "osm_url": "https://www.openstreetmap.org/node/12437015585",
        "data_source": "openstreetmap",
        "verified_official": false,
        "position_type": "osm_recorded",
        "last_checked": "2026-10-09"
      },
      "geometry": {
        "type": "Point",
        "coordinates": [
          106.7899396,
          10.8331666
        ]
      }
    },
    {
      "type": "Feature",
      "id": "node/12437015586",
      "properties": {
        "name": "Công ty TNHH Techtronic Industries Việt Nam Manufacturing",
        "category": "bus_stop",
        "osm_id": "node/12437015586",
        "operator": null,
        "osm_url": "https://www.openstreetmap.org/node/12437015586",
        "data_source": "openstreetmap",
        "verified_official": false,
        "position_type": "osm_recorded",
        "last_checked": "2026-10-09"
      },
      "geometry": {
        "type": "Point",
        "coordinates": [
          106.787726,
          10.8320621
        ]
      }
    },
    {
      "type": "Feature",
      "id": "node/12437015587",
      "properties": {
        "name": "Công ty TNHH Techtronic Tools (Cổng 3)",
        "category": "bus_stop",
        "osm_id": "node/12437015587",
        "operator": null,
        "osm_url": "https://www.openstreetmap.org/node/12437015587",
        "data_source": "openstreetmap",
        "verified_official": false,
        "position_type": "osm_recorded",
        "last_checked": "2026-10-09"
      },
      "geometry": {
        "type": "Point",
        "coordinates": [
          106.7893542,
          10.8299037
        ]
      }
    },
    {
      "type": "Feature",
      "id": "node/12437015588",
      "properties": {
        "name": "Bưng Ông Thoàn",
        "category": "bus_stop",
        "osm_id": "node/12437015588",
        "operator": null,
        "osm_url": "https://www.openstreetmap.org/node/12437015588",
        "data_source": "openstreetmap",
        "verified_official": false,
        "position_type": "osm_recorded",
        "last_checked": "2026-10-09"
      },
      "geometry": {
        "type": "Point",
        "coordinates": [
          106.7900561,
          10.8282764
        ]
      }
    },
    {
      "type": "Feature",
      "id": "node/12437015589",
      "properties": {
        "name": "Besi Vietnam",
        "category": "bus_stop",
        "osm_id": "node/12437015589",
        "operator": null,
        "osm_url": "https://www.openstreetmap.org/node/12437015589",
        "data_source": "openstreetmap",
        "verified_official": false,
        "position_type": "osm_recorded",
        "last_checked": "2026-10-09"
      },
      "geometry": {
        "type": "Point",
        "coordinates": [
          106.7886762,
          10.8267944
        ]
      }
    },
    {
      "type": "Feature",
      "id": "node/12437015590",
      "properties": {
        "name": "Đường D2",
        "category": "bus_stop",
        "osm_id": "node/12437015590",
        "operator": null,
        "osm_url": "https://www.openstreetmap.org/node/12437015590",
        "data_source": "openstreetmap",
        "verified_official": false,
        "position_type": "osm_recorded",
        "last_checked": "2026-10-09"
      },
      "geometry": {
        "type": "Point",
        "coordinates": [
          106.7923289,
          10.8218561
        ]
      }
    },
    {
      "type": "Feature",
      "id": "node/12437015591",
      "properties": {
        "name": "Kho Transimex",
        "category": "bus_stop",
        "osm_id": "node/12437015591",
        "operator": null,
        "osm_url": "https://www.openstreetmap.org/node/12437015591",
        "data_source": "openstreetmap",
        "verified_official": false,
        "position_type": "osm_recorded",
        "last_checked": "2026-10-09"
      },
      "geometry": {
        "type": "Point",
        "coordinates": [
          106.7947019,
          10.8222406
        ]
      }
    },
    {
      "type": "Feature",
      "id": "node/12437015592",
      "properties": {
        "name": "Công ty TNHH Daihan Vina",
        "category": "bus_stop",
        "osm_id": "node/12437015592",
        "operator": null,
        "osm_url": "https://www.openstreetmap.org/node/12437015592",
        "data_source": "openstreetmap",
        "verified_official": false,
        "position_type": "osm_recorded",
        "last_checked": "2026-10-09"
      },
      "geometry": {
        "type": "Point",
        "coordinates": [
          106.7962633,
          10.8214105
        ]
      }
    },
    {
      "type": "Feature",
      "id": "node/12437015593",
      "properties": {
        "name": "Schneider Electric Manufacturing",
        "category": "bus_stop",
        "osm_id": "node/12437015593",
        "operator": null,
        "osm_url": "https://www.openstreetmap.org/node/12437015593",
        "data_source": "openstreetmap",
        "verified_official": false,
        "position_type": "osm_recorded",
        "last_checked": "2026-10-09"
      },
      "geometry": {
        "type": "Point",
        "coordinates": [
          106.8001547,
          10.8242572
        ]
      }
    },
    {
      "type": "Feature",
      "id": "node/12437015594",
      "properties": {
        "name": "Công ty TNHH MTV Daeyoung Electronics Vina",
        "category": "bus_stop",
        "osm_id": "node/12437015594",
        "operator": null,
        "osm_url": "https://www.openstreetmap.org/node/12437015594",
        "data_source": "openstreetmap",
        "verified_official": false,
        "position_type": "osm_recorded",
        "last_checked": "2026-10-09"
      },
      "geometry": {
        "type": "Point",
        "coordinates": [
          106.8022174,
          10.8277464
        ]
      }
    },
    {
      "type": "Feature",
      "id": "node/12437015595",
      "properties": {
        "name": "Nipro Vietnam Co., Ltd.",
        "category": "bus_stop",
        "osm_id": "node/12437015595",
        "operator": null,
        "osm_url": "https://www.openstreetmap.org/node/12437015595",
        "data_source": "openstreetmap",
        "verified_official": false,
        "position_type": "osm_recorded",
        "last_checked": "2026-10-09"
      },
      "geometry": {
        "type": "Point",
        "coordinates": [
          106.810965,
          10.8337982
        ]
      }
    },
    {
      "type": "Feature",
      "id": "node/12437015596",
      "properties": {
        "name": "Jabil Vietnam",
        "category": "bus_stop",
        "osm_id": "node/12437015596",
        "operator": null,
        "osm_url": "https://www.openstreetmap.org/node/12437015596",
        "data_source": "openstreetmap",
        "verified_official": false,
        "position_type": "osm_recorded",
        "last_checked": "2026-10-09"
      },
      "geometry": {
        "type": "Point",
        "coordinates": [
          106.8132781,
          10.8361742
        ]
      }
    },
    {
      "type": "Feature",
      "id": "node/12437015597",
      "properties": {
        "name": "Trường Đại học FPT Thành phố Hồ Chí Minh",
        "category": "bus_stop",
        "osm_id": "node/12437015597",
        "operator": null,
        "osm_url": "https://www.openstreetmap.org/node/12437015597",
        "data_source": "openstreetmap",
        "verified_official": false,
        "position_type": "osm_recorded",
        "last_checked": "2026-10-09"
      },
      "geometry": {
        "type": "Point",
        "coordinates": [
          106.8088684,
          10.8416823
        ]
      }
    },
    {
      "type": "Feature",
      "id": "node/12437015598",
      "properties": {
        "name": "Công ty Geneworld",
        "category": "bus_stop",
        "osm_id": "node/12437015598",
        "operator": null,
        "osm_url": "https://www.openstreetmap.org/node/12437015598",
        "data_source": "openstreetmap",
        "verified_official": false,
        "position_type": "osm_recorded",
        "last_checked": "2026-10-09"
      },
      "geometry": {
        "type": "Point",
        "coordinates": [
          106.8050246,
          10.8453585
        ]
      }
    },
    {
      "type": "Feature",
      "id": "node/12437015599",
      "properties": {
        "name": "FPT Software HCM",
        "category": "bus_stop",
        "osm_id": "node/12437015599",
        "operator": null,
        "osm_url": "https://www.openstreetmap.org/node/12437015599",
        "data_source": "openstreetmap",
        "verified_official": false,
        "position_type": "osm_recorded",
        "last_checked": "2026-10-09"
      },
      "geometry": {
        "type": "Point",
        "coordinates": [
          106.7996597,
          10.850458
        ]
      }
    },
    {
      "type": "Feature",
      "id": "node/12437015600",
      "properties": {
        "name": "Nidec Vietnam Corporation",
        "category": "bus_stop",
        "osm_id": "node/12437015600",
        "operator": null,
        "osm_url": "https://www.openstreetmap.org/node/12437015600",
        "data_source": "openstreetmap",
        "verified_official": false,
        "position_type": "osm_recorded",
        "last_checked": "2026-10-09"
      },
      "geometry": {
        "type": "Point",
        "coordinates": [
          106.7943674,
          10.8542308
        ]
      }
    },
    {
      "type": "Feature",
      "id": "node/12437038503",
      "properties": {
        "name": "Đại học Bách khoa - ĐHQG",
        "category": "bus_stop",
        "osm_id": "node/12437038503",
        "operator": null,
        "osm_url": "https://www.openstreetmap.org/node/12437038503",
        "data_source": "openstreetmap",
        "verified_official": false,
        "position_type": "osm_recorded",
        "last_checked": "2026-10-09"
      },
      "geometry": {
        "type": "Point",
        "coordinates": [
          106.8072998,
          10.8799439
        ]
      }
    },
    {
      "type": "Feature",
      "id": "node/12437183245",
      "properties": {
        "name": "Happy One Linh Xuân",
        "category": "bus_stop",
        "osm_id": "node/12437183245",
        "operator": null,
        "osm_url": "https://www.openstreetmap.org/node/12437183245",
        "data_source": "openstreetmap",
        "verified_official": false,
        "position_type": "osm_recorded",
        "last_checked": "2026-10-09"
      },
      "geometry": {
        "type": "Point",
        "coordinates": [
          106.7710133,
          10.8868939
        ]
      }
    },
    {
      "type": "Feature",
      "id": "node/12437183246",
      "properties": {
        "name": "Sân bóng Linh Xuân",
        "category": "bus_stop",
        "osm_id": "node/12437183246",
        "operator": null,
        "osm_url": "https://www.openstreetmap.org/node/12437183246",
        "data_source": "openstreetmap",
        "verified_official": false,
        "position_type": "osm_recorded",
        "last_checked": "2026-10-09"
      },
      "geometry": {
        "type": "Point",
        "coordinates": [
          106.7725887,
          10.8809557
        ]
      }
    },
    {
      "type": "Feature",
      "id": "node/12437183247",
      "properties": {
        "name": "Nghĩa trang Bộng Dầu 2",
        "category": "bus_stop",
        "osm_id": "node/12437183247",
        "operator": null,
        "osm_url": "https://www.openstreetmap.org/node/12437183247",
        "data_source": "openstreetmap",
        "verified_official": false,
        "position_type": "osm_recorded",
        "last_checked": "2026-10-09"
      },
      "geometry": {
        "type": "Point",
        "coordinates": [
          106.7778305,
          10.8757693
        ]
      }
    },
    {
      "type": "Feature",
      "id": "node/12437183249",
      "properties": {
        "name": "Nghĩa trang Bộng Dầu 2",
        "category": "bus_stop",
        "osm_id": "node/12437183249",
        "operator": null,
        "osm_url": "https://www.openstreetmap.org/node/12437183249",
        "data_source": "openstreetmap",
        "verified_official": false,
        "position_type": "osm_recorded",
        "last_checked": "2026-10-09"
      },
      "geometry": {
        "type": "Point",
        "coordinates": [
          106.7779783,
          10.8756435
        ]
      }
    },
    {
      "type": "Feature",
      "id": "node/12437183250",
      "properties": {
        "name": "Quốc lộ 1K",
        "category": "bus_stop",
        "osm_id": "node/12437183250",
        "operator": null,
        "osm_url": "https://www.openstreetmap.org/node/12437183250",
        "data_source": "openstreetmap",
        "verified_official": false,
        "position_type": "osm_recorded",
        "last_checked": "2026-10-09"
      },
      "geometry": {
        "type": "Point",
        "coordinates": [
          106.7712174,
          10.8817793
        ]
      }
    },
    {
      "type": "Feature",
      "id": "node/12437183251",
      "properties": {
        "name": "Công ty Bao bì Carton Gấp nếp Vina Toyo",
        "category": "bus_stop",
        "osm_id": "node/12437183251",
        "operator": null,
        "osm_url": "https://www.openstreetmap.org/node/12437183251",
        "data_source": "openstreetmap",
        "verified_official": false,
        "position_type": "osm_recorded",
        "last_checked": "2026-10-09"
      },
      "geometry": {
        "type": "Point",
        "coordinates": [
          106.7706608,
          10.8873155
        ]
      }
    },
    {
      "type": "Feature",
      "id": "node/12450644865",
      "properties": {
        "name": "Chung cư Thạnh Mỹ Lợi - Lô A6",
        "category": "bus_stop",
        "osm_id": "node/12450644865",
        "operator": null,
        "osm_url": "https://www.openstreetmap.org/node/12450644865",
        "data_source": "openstreetmap",
        "verified_official": false,
        "position_type": "osm_recorded",
        "last_checked": "2026-10-09"
      },
      "geometry": {
        "type": "Point",
        "coordinates": [
          106.7712066,
          10.7710727
        ]
      }
    },
    {
      "type": "Feature",
      "id": "node/12450644866",
      "properties": {
        "name": "Ga Metro Rạch Chiếc",
        "category": "bus_stop",
        "osm_id": "node/12450644866",
        "operator": null,
        "osm_url": "https://www.openstreetmap.org/node/12450644866",
        "data_source": "openstreetmap",
        "verified_official": false,
        "position_type": "osm_recorded",
        "last_checked": "2026-10-09"
      },
      "geometry": {
        "type": "Point",
        "coordinates": [
          106.7551365,
          10.8078508
        ]
      }
    },
    {
      "type": "Feature",
      "id": "node/12450644872",
      "properties": {
        "name": "Cầu Đen",
        "category": "bus_stop",
        "osm_id": "node/12450644872",
        "operator": null,
        "osm_url": "https://www.openstreetmap.org/node/12450644872",
        "data_source": "openstreetmap",
        "verified_official": false,
        "position_type": "osm_recorded",
        "last_checked": "2026-10-09"
      },
      "geometry": {
        "type": "Point",
        "coordinates": [
          106.7346524,
          10.7995718
        ]
      }
    },
    {
      "type": "Feature",
      "id": "node/12450644875",
      "properties": {
        "name": "Trường Mầm non Tân Phú",
        "category": "bus_stop",
        "osm_id": "node/12450644875",
        "operator": null,
        "osm_url": "https://www.openstreetmap.org/node/12450644875",
        "data_source": "openstreetmap",
        "verified_official": false,
        "position_type": "osm_recorded",
        "last_checked": "2026-10-09"
      },
      "geometry": {
        "type": "Point",
        "coordinates": [
          106.8128073,
          10.864827
        ]
      }
    },
    {
      "type": "Feature",
      "id": "node/12450644876",
      "properties": {
        "name": "Chung cư Topaz",
        "category": "bus_stop",
        "osm_id": "node/12450644876",
        "operator": null,
        "osm_url": "https://www.openstreetmap.org/node/12450644876",
        "data_source": "openstreetmap",
        "verified_official": false,
        "position_type": "osm_recorded",
        "last_checked": "2026-10-09"
      },
      "geometry": {
        "type": "Point",
        "coordinates": [
          106.8100217,
          10.8662213
        ]
      }
    },
    {
      "type": "Feature",
      "id": "node/12450644877",
      "properties": {
        "name": "Trường Mầm non Mai Hoa",
        "category": "bus_stop",
        "osm_id": "node/12450644877",
        "operator": null,
        "osm_url": "https://www.openstreetmap.org/node/12450644877",
        "data_source": "openstreetmap",
        "verified_official": false,
        "position_type": "osm_recorded",
        "last_checked": "2026-10-09"
      },
      "geometry": {
        "type": "Point",
        "coordinates": [
          106.8074385,
          10.8675205
        ]
      }
    },
    {
      "type": "Feature",
      "id": "node/12450644878",
      "properties": {
        "name": "Đại học Bách khoa - ĐHQG",
        "category": "bus_stop",
        "osm_id": "node/12450644878",
        "operator": null,
        "osm_url": "https://www.openstreetmap.org/node/12450644878",
        "data_source": "openstreetmap",
        "verified_official": false,
        "position_type": "osm_recorded",
        "last_checked": "2026-10-09"
      },
      "geometry": {
        "type": "Point",
        "coordinates": [
          106.8071284,
          10.8800484
        ]
      }
    },
    {
      "type": "Feature",
      "id": "node/12451337729",
      "properties": {
        "name": "Nhà Văn hóa Thanh niên",
        "category": "bus_stop",
        "osm_id": "node/12451337729",
        "operator": null,
        "osm_url": "https://www.openstreetmap.org/node/12451337729",
        "data_source": "openstreetmap",
        "verified_official": false,
        "position_type": "osm_recorded",
        "last_checked": "2026-10-09"
      },
      "geometry": {
        "type": "Point",
        "coordinates": [
          106.6972392,
          10.7814708
        ]
      }
    },
    {
      "type": "Feature",
      "id": "node/12451337731",
      "properties": {
        "name": "Nhà Văn hóa Thanh niên",
        "category": "bus_stop",
        "osm_id": "node/12451337731",
        "operator": null,
        "osm_url": "https://www.openstreetmap.org/node/12451337731",
        "data_source": "openstreetmap",
        "verified_official": false,
        "position_type": "osm_recorded",
        "last_checked": "2026-10-09"
      },
      "geometry": {
        "type": "Point",
        "coordinates": [
          106.697177,
          10.7814056
        ]
      }
    },
    {
      "type": "Feature",
      "id": "node/12521886847",
      "properties": {
        "name": "The Global City - City Park (Start)",
        "category": "bus_stop",
        "osm_id": "node/12521886847",
        "operator": null,
        "osm_url": "https://www.openstreetmap.org/node/12521886847",
        "data_source": "openstreetmap",
        "verified_official": false,
        "position_type": "osm_recorded",
        "last_checked": "2026-10-09"
      },
      "geometry": {
        "type": "Point",
        "coordinates": [
          106.7728574,
          10.798295
        ]
      }
    },
    {
      "type": "Feature",
      "id": "node/12521886852",
      "properties": {
        "name": "The Global City - Soho Art Avenue",
        "category": "bus_stop",
        "osm_id": "node/12521886852",
        "operator": null,
        "osm_url": "https://www.openstreetmap.org/node/12521886852",
        "data_source": "openstreetmap",
        "verified_official": false,
        "position_type": "osm_recorded",
        "last_checked": "2026-10-09"
      },
      "geometry": {
        "type": "Point",
        "coordinates": [
          106.7753638,
          10.799767
        ]
      }
    },
    {
      "type": "Feature",
      "id": "node/12521886853",
      "properties": {
        "name": "The Global City - Đỗ Xuân Hợp",
        "category": "bus_stop",
        "osm_id": "node/12521886853",
        "operator": null,
        "osm_url": "https://www.openstreetmap.org/node/12521886853",
        "data_source": "openstreetmap",
        "verified_official": false,
        "position_type": "osm_recorded",
        "last_checked": "2026-10-09"
      },
      "geometry": {
        "type": "Point",
        "coordinates": [
          106.7786082,
          10.8015217
        ]
      }
    },
    {
      "type": "Feature",
      "id": "node/12521886854",
      "properties": {
        "name": "Techcombank Lê Duẩn",
        "category": "bus_stop",
        "osm_id": "node/12521886854",
        "operator": null,
        "osm_url": "https://www.openstreetmap.org/node/12521886854",
        "data_source": "openstreetmap",
        "verified_official": false,
        "position_type": "osm_recorded",
        "last_checked": "2026-10-09"
      },
      "geometry": {
        "type": "Point",
        "coordinates": [
          106.7018991,
          10.7838463
        ]
      }
    },
    {
      "type": "Feature",
      "id": "node/12521886855",
      "properties": {
        "name": "Grand Marina SaiGon",
        "category": "bus_stop",
        "osm_id": "node/12521886855",
        "operator": null,
        "osm_url": "https://www.openstreetmap.org/node/12521886855",
        "data_source": "openstreetmap",
        "verified_official": false,
        "position_type": "osm_recorded",
        "last_checked": "2026-10-09"
      },
      "geometry": {
        "type": "Point",
        "coordinates": [
          106.7085218,
          10.7839399
        ]
      }
    },
    {
      "type": "Feature",
      "id": "node/12521886857",
      "properties": {
        "name": "The Global City - Global Fountain",
        "category": "bus_stop",
        "osm_id": "node/12521886857",
        "operator": null,
        "osm_url": "https://www.openstreetmap.org/node/12521886857",
        "data_source": "openstreetmap",
        "verified_official": false,
        "position_type": "osm_recorded",
        "last_checked": "2026-10-09"
      },
      "geometry": {
        "type": "Point",
        "coordinates": [
          106.7748005,
          10.8032397
        ]
      }
    },
    {
      "type": "Feature",
      "id": "node/12521886858",
      "properties": {
        "name": "The Global City - City Park (End)",
        "category": "bus_stop",
        "osm_id": "node/12521886858",
        "operator": null,
        "osm_url": "https://www.openstreetmap.org/node/12521886858",
        "data_source": "openstreetmap",
        "verified_official": false,
        "position_type": "osm_recorded",
        "last_checked": "2026-10-09"
      },
      "geometry": {
        "type": "Point",
        "coordinates": [
          106.7732076,
          10.7997629
        ]
      }
    },
    {
      "type": "Feature",
      "id": "node/12539356224",
      "properties": {
        "name": "Điểm dừng xe buýt 12539356224",
        "category": "bus_stop",
        "osm_id": "node/12539356224",
        "operator": null,
        "osm_url": "https://www.openstreetmap.org/node/12539356224",
        "data_source": "openstreetmap",
        "verified_official": false,
        "position_type": "osm_recorded",
        "last_checked": "2026-10-09"
      },
      "geometry": {
        "type": "Point",
        "coordinates": [
          106.7115559,
          10.6938555
        ]
      }
    },
    {
      "type": "Feature",
      "id": "node/12539356225",
      "properties": {
        "name": "Điểm dừng xe buýt 12539356225",
        "category": "bus_stop",
        "osm_id": "node/12539356225",
        "operator": null,
        "osm_url": "https://www.openstreetmap.org/node/12539356225",
        "data_source": "openstreetmap",
        "verified_official": false,
        "position_type": "osm_recorded",
        "last_checked": "2026-10-09"
      },
      "geometry": {
        "type": "Point",
        "coordinates": [
          106.7115569,
          10.6946288
        ]
      }
    },
    {
      "type": "Feature",
      "id": "node/12542241193",
      "properties": {
        "name": "Chung cư Flora Anh Đào",
        "category": "bus_stop",
        "osm_id": "node/12542241193",
        "operator": null,
        "osm_url": "https://www.openstreetmap.org/node/12542241193",
        "data_source": "openstreetmap",
        "verified_official": false,
        "position_type": "osm_recorded",
        "last_checked": "2026-10-09"
      },
      "geometry": {
        "type": "Point",
        "coordinates": [
          106.7783157,
          10.806143
        ]
      }
    },
    {
      "type": "Feature",
      "id": "node/12542241194",
      "properties": {
        "name": "Đường 49",
        "category": "bus_stop",
        "osm_id": "node/12542241194",
        "operator": null,
        "osm_url": "https://www.openstreetmap.org/node/12542241194",
        "data_source": "openstreetmap",
        "verified_official": false,
        "position_type": "osm_recorded",
        "last_checked": "2026-10-09"
      },
      "geometry": {
        "type": "Point",
        "coordinates": [
          106.7807932,
          10.8077908
        ]
      }
    },
    {
      "type": "Feature",
      "id": "node/12542241195",
      "properties": {
        "name": "Chung cư Phố Đông",
        "category": "bus_stop",
        "osm_id": "node/12542241195",
        "operator": null,
        "osm_url": "https://www.openstreetmap.org/node/12542241195",
        "data_source": "openstreetmap",
        "verified_official": false,
        "position_type": "osm_recorded",
        "last_checked": "2026-10-09"
      },
      "geometry": {
        "type": "Point",
        "coordinates": [
          106.7843806,
          10.8090176
        ]
      }
    },
    {
      "type": "Feature",
      "id": "node/12542241196",
      "properties": {
        "name": "Chung cư Phố Đông",
        "category": "bus_stop",
        "osm_id": "node/12542241196",
        "operator": null,
        "osm_url": "https://www.openstreetmap.org/node/12542241196",
        "data_source": "openstreetmap",
        "verified_official": false,
        "position_type": "osm_recorded",
        "last_checked": "2026-10-09"
      },
      "geometry": {
        "type": "Point",
        "coordinates": [
          106.7839025,
          10.8094464
        ]
      }
    },
    {
      "type": "Feature",
      "id": "node/12542241197",
      "properties": {
        "name": "Đường 49",
        "category": "bus_stop",
        "osm_id": "node/12542241197",
        "operator": null,
        "osm_url": "https://www.openstreetmap.org/node/12542241197",
        "data_source": "openstreetmap",
        "verified_official": false,
        "position_type": "osm_recorded",
        "last_checked": "2026-10-09"
      },
      "geometry": {
        "type": "Point",
        "coordinates": [
          106.7805421,
          10.8074907
        ]
      }
    },
    {
      "type": "Feature",
      "id": "node/12542241198",
      "properties": {
        "name": "Chung cư Flora Anh Đào",
        "category": "bus_stop",
        "osm_id": "node/12542241198",
        "operator": null,
        "osm_url": "https://www.openstreetmap.org/node/12542241198",
        "data_source": "openstreetmap",
        "verified_official": false,
        "position_type": "osm_recorded",
        "last_checked": "2026-10-09"
      },
      "geometry": {
        "type": "Point",
        "coordinates": [
          106.7783957,
          10.8060667
        ]
      }
    },
    {
      "type": "Feature",
      "id": "node/12679325320",
      "properties": {
        "name": "Chợ Dân sinh",
        "category": "bus_stop",
        "osm_id": "node/12679325320",
        "operator": null,
        "osm_url": "https://www.openstreetmap.org/node/12679325320",
        "data_source": "openstreetmap",
        "verified_official": false,
        "position_type": "osm_recorded",
        "last_checked": "2026-10-09"
      },
      "geometry": {
        "type": "Point",
        "coordinates": [
          106.6986479,
          10.7662302
        ]
      }
    },
    {
      "type": "Feature",
      "id": "node/12679325321",
      "properties": {
        "name": "Ga Bến Thành",
        "category": "bus_stop",
        "osm_id": "node/12679325321",
        "operator": null,
        "osm_url": "https://www.openstreetmap.org/node/12679325321",
        "data_source": "openstreetmap",
        "verified_official": false,
        "position_type": "osm_recorded",
        "last_checked": "2026-10-09"
      },
      "geometry": {
        "type": "Point",
        "coordinates": [
          106.6966362,
          10.7700679
        ]
      }
    },
    {
      "type": "Feature",
      "id": "node/12679325326",
      "properties": {
        "name": "Công viên Tao Đàn",
        "category": "bus_stop",
        "osm_id": "node/12679325326",
        "operator": null,
        "osm_url": "https://www.openstreetmap.org/node/12679325326",
        "data_source": "openstreetmap",
        "verified_official": false,
        "position_type": "osm_recorded",
        "last_checked": "2026-10-09"
      },
      "geometry": {
        "type": "Point",
        "coordinates": [
          106.6937052,
          10.774328
        ]
      }
    },
    {
      "type": "Feature",
      "id": "node/12684839321",
      "properties": {
        "name": "Ga Bến Thành",
        "category": "bus_stop",
        "osm_id": "node/12684839321",
        "operator": null,
        "osm_url": "https://www.openstreetmap.org/node/12684839321",
        "data_source": "openstreetmap",
        "verified_official": false,
        "position_type": "osm_recorded",
        "last_checked": "2026-10-09"
      },
      "geometry": {
        "type": "Point",
        "coordinates": [
          106.696688,
          10.769969
        ]
      }
    },
    {
      "type": "Feature",
      "id": "node/12767882490",
      "properties": {
        "name": "Đại học Kinh tế - Luật (cổng 2)",
        "category": "bus_stop",
        "osm_id": "node/12767882490",
        "operator": null,
        "osm_url": "https://www.openstreetmap.org/node/12767882490",
        "data_source": "openstreetmap",
        "verified_official": false,
        "position_type": "osm_recorded",
        "last_checked": "2026-10-09"
      },
      "geometry": {
        "type": "Point",
        "coordinates": [
          106.7777796,
          10.8738053
        ]
      }
    },
    {
      "type": "Feature",
      "id": "node/12767882491",
      "properties": {
        "name": "Trường Trung học phổ thông Đào Sơn Tây",
        "category": "bus_stop",
        "osm_id": "node/12767882491",
        "operator": null,
        "osm_url": "https://www.openstreetmap.org/node/12767882491",
        "data_source": "openstreetmap",
        "verified_official": false,
        "position_type": "osm_recorded",
        "last_checked": "2026-10-09"
      },
      "geometry": {
        "type": "Point",
        "coordinates": [
          106.7741299,
          10.8798773
        ]
      }
    },
    {
      "type": "Feature",
      "id": "node/12767882492",
      "properties": {
        "name": "Trung tâm Nghiên cứu & Triển khai Công nghệ Bức xạ",
        "category": "bus_stop",
        "osm_id": "node/12767882492",
        "operator": null,
        "osm_url": "https://www.openstreetmap.org/node/12767882492",
        "data_source": "openstreetmap",
        "verified_official": false,
        "position_type": "osm_recorded",
        "last_checked": "2026-10-09"
      },
      "geometry": {
        "type": "Point",
        "coordinates": [
          106.7684073,
          10.8904348
        ]
      }
    },
    {
      "type": "Feature",
      "id": "node/12767882496",
      "properties": {
        "name": "Trung tâm Nghiên cứu & Triển khai Công nghệ Bức xạ",
        "category": "bus_stop",
        "osm_id": "node/12767882496",
        "operator": null,
        "osm_url": "https://www.openstreetmap.org/node/12767882496",
        "data_source": "openstreetmap",
        "verified_official": false,
        "position_type": "osm_recorded",
        "last_checked": "2026-10-09"
      },
      "geometry": {
        "type": "Point",
        "coordinates": [
          106.7680825,
          10.890858
        ]
      }
    },
    {
      "type": "Feature",
      "id": "node/12767882497",
      "properties": {
        "name": "Trường Trung học phổ thông Đào Sơn Tây",
        "category": "bus_stop",
        "osm_id": "node/12767882497",
        "operator": null,
        "osm_url": "https://www.openstreetmap.org/node/12767882497",
        "data_source": "openstreetmap",
        "verified_official": false,
        "position_type": "osm_recorded",
        "last_checked": "2026-10-09"
      },
      "geometry": {
        "type": "Point",
        "coordinates": [
          106.7746106,
          10.8792357
        ]
      }
    },
    {
      "type": "Feature",
      "id": "node/12767882498",
      "properties": {
        "name": "Đại học Kinh tế - Luật (cổng 2)",
        "category": "bus_stop",
        "osm_id": "node/12767882498",
        "operator": null,
        "osm_url": "https://www.openstreetmap.org/node/12767882498",
        "data_source": "openstreetmap",
        "verified_official": false,
        "position_type": "osm_recorded",
        "last_checked": "2026-10-09"
      },
      "geometry": {
        "type": "Point",
        "coordinates": [
          106.7776789,
          10.8740784
        ]
      }
    },
    {
      "type": "Feature",
      "id": "node/12871242808",
      "properties": {
        "name": "Thân Văn Nhiếp",
        "category": "bus_stop",
        "osm_id": "node/12871242808",
        "operator": null,
        "osm_url": "https://www.openstreetmap.org/node/12871242808",
        "data_source": "openstreetmap",
        "verified_official": false,
        "position_type": "osm_recorded",
        "last_checked": "2026-10-09"
      },
      "geometry": {
        "type": "Point",
        "coordinates": [
          106.754286,
          10.7901098
        ]
      }
    },
    {
      "type": "Feature",
      "id": "node/12871242809",
      "properties": {
        "name": "Verosa Park Khang Điền",
        "category": "bus_stop",
        "osm_id": "node/12871242809",
        "operator": null,
        "osm_url": "https://www.openstreetmap.org/node/12871242809",
        "data_source": "openstreetmap",
        "verified_official": false,
        "position_type": "osm_recorded",
        "last_checked": "2026-10-09"
      },
      "geometry": {
        "type": "Point",
        "coordinates": [
          106.7933683,
          10.8043955
        ]
      }
    },
    {
      "type": "Feature",
      "id": "node/12871242813",
      "properties": {
        "name": "Thân Văn Nhiếp",
        "category": "bus_stop",
        "osm_id": "node/12871242813",
        "operator": null,
        "osm_url": "https://www.openstreetmap.org/node/12871242813",
        "data_source": "openstreetmap",
        "verified_official": false,
        "position_type": "osm_recorded",
        "last_checked": "2026-10-09"
      },
      "geometry": {
        "type": "Point",
        "coordinates": [
          106.7540388,
          10.7908651
        ]
      }
    },
    {
      "type": "Feature",
      "id": "node/12871242814",
      "properties": {
        "name": "Chung cư Imperia An Phú-Block B",
        "category": "bus_stop",
        "osm_id": "node/12871242814",
        "operator": null,
        "osm_url": "https://www.openstreetmap.org/node/12871242814",
        "data_source": "openstreetmap",
        "verified_official": false,
        "position_type": "osm_recorded",
        "last_checked": "2026-10-09"
      },
      "geometry": {
        "type": "Point",
        "coordinates": [
          106.7510068,
          10.7995825
        ]
      }
    },
    {
      "type": "Feature",
      "id": "node/12871242815",
      "properties": {
        "name": "Chùa Trường Thạnh",
        "category": "bus_stop",
        "osm_id": "node/12871242815",
        "operator": null,
        "osm_url": "https://www.openstreetmap.org/node/12871242815",
        "data_source": "openstreetmap",
        "verified_official": false,
        "position_type": "osm_recorded",
        "last_checked": "2026-10-09"
      },
      "geometry": {
        "type": "Point",
        "coordinates": [
          106.696703,
          10.7685607
        ]
      }
    },
    {
      "type": "Feature",
      "id": "node/12883866029",
      "properties": {
        "name": "Trường Trung học cơ sở An Phú",
        "category": "bus_stop",
        "osm_id": "node/12883866029",
        "operator": null,
        "osm_url": "https://www.openstreetmap.org/node/12883866029",
        "data_source": "openstreetmap",
        "verified_official": false,
        "position_type": "osm_recorded",
        "last_checked": "2026-10-09"
      },
      "geometry": {
        "type": "Point",
        "coordinates": [
          106.7510959,
          10.8079928
        ]
      }
    },
    {
      "type": "Feature",
      "id": "node/12886584089",
      "properties": {
        "name": "Công viên Phước Bình",
        "category": "bus_stop",
        "osm_id": "node/12886584089",
        "operator": null,
        "osm_url": "https://www.openstreetmap.org/node/12886584089",
        "data_source": "openstreetmap",
        "verified_official": false,
        "position_type": "osm_recorded",
        "last_checked": "2026-10-09"
      },
      "geometry": {
        "type": "Point",
        "coordinates": [
          106.7701388,
          10.8153717
        ]
      }
    },
    {
      "type": "Feature",
      "id": "node/12886584090",
      "properties": {
        "name": "Trường Trung cấp nghề Suleco",
        "category": "bus_stop",
        "osm_id": "node/12886584090",
        "operator": null,
        "osm_url": "https://www.openstreetmap.org/node/12886584090",
        "data_source": "openstreetmap",
        "verified_official": false,
        "position_type": "osm_recorded",
        "last_checked": "2026-10-09"
      },
      "geometry": {
        "type": "Point",
        "coordinates": [
          106.770685,
          10.8128951
        ]
      }
    },
    {
      "type": "Feature",
      "id": "node/12886584091",
      "properties": {
        "name": "Chợ Phước Bình",
        "category": "bus_stop",
        "osm_id": "node/12886584091",
        "operator": null,
        "osm_url": "https://www.openstreetmap.org/node/12886584091",
        "data_source": "openstreetmap",
        "verified_official": false,
        "position_type": "osm_recorded",
        "last_checked": "2026-10-09"
      },
      "geometry": {
        "type": "Point",
        "coordinates": [
          106.771878,
          10.8173859
        ]
      }
    },
    {
      "type": "Feature",
      "id": "node/12886584094",
      "properties": {
        "name": "Công viên Phước Bình",
        "category": "bus_stop",
        "osm_id": "node/12886584094",
        "operator": null,
        "osm_url": "https://www.openstreetmap.org/node/12886584094",
        "data_source": "openstreetmap",
        "verified_official": false,
        "position_type": "osm_recorded",
        "last_checked": "2026-10-09"
      },
      "geometry": {
        "type": "Point",
        "coordinates": [
          106.7701044,
          10.8156999
        ]
      }
    },
    {
      "type": "Feature",
      "id": "node/12886584095",
      "properties": {
        "name": "Trường Trung cấp nghề Suleco",
        "category": "bus_stop",
        "osm_id": "node/12886584095",
        "operator": null,
        "osm_url": "https://www.openstreetmap.org/node/12886584095",
        "data_source": "openstreetmap",
        "verified_official": false,
        "position_type": "osm_recorded",
        "last_checked": "2026-10-09"
      },
      "geometry": {
        "type": "Point",
        "coordinates": [
          106.7707735,
          10.8126923
        ]
      }
    },
    {
      "type": "Feature",
      "id": "node/12965924815",
      "properties": {
        "name": "Bcons Plaza",
        "category": "bus_stop",
        "osm_id": "node/12965924815",
        "operator": null,
        "osm_url": "https://www.openstreetmap.org/node/12965924815",
        "data_source": "openstreetmap",
        "verified_official": false,
        "position_type": "osm_recorded",
        "last_checked": "2026-10-09"
      },
      "geometry": {
        "type": "Point",
        "coordinates": [
          106.7919897,
          10.8938368
        ]
      }
    },
    {
      "type": "Feature",
      "id": "node/12965924816",
      "properties": {
        "name": "Trường Đại học Khoa học Sức khoẻ",
        "category": "bus_stop",
        "osm_id": "node/12965924816",
        "operator": null,
        "osm_url": "https://www.openstreetmap.org/node/12965924816",
        "data_source": "openstreetmap",
        "verified_official": false,
        "position_type": "osm_recorded",
        "last_checked": "2026-10-09"
      },
      "geometry": {
        "type": "Point",
        "coordinates": [
          106.7988476,
          10.8886396
        ]
      }
    },
    {
      "type": "Feature",
      "id": "node/12965924818",
      "properties": {
        "name": "TTGD Quốc phòng và An ninh",
        "category": "bus_stop",
        "osm_id": "node/12965924818",
        "operator": null,
        "osm_url": "https://www.openstreetmap.org/node/12965924818",
        "data_source": "openstreetmap",
        "verified_official": false,
        "position_type": "osm_recorded",
        "last_checked": "2026-10-09"
      },
      "geometry": {
        "type": "Point",
        "coordinates": [
          106.7995296,
          10.887049
        ]
      }
    },
    {
      "type": "Feature",
      "id": "node/12965924819",
      "properties": {
        "name": "Bcons Plaza",
        "category": "bus_stop",
        "osm_id": "node/12965924819",
        "operator": null,
        "osm_url": "https://www.openstreetmap.org/node/12965924819",
        "data_source": "openstreetmap",
        "verified_official": false,
        "position_type": "osm_recorded",
        "last_checked": "2026-10-09"
      },
      "geometry": {
        "type": "Point",
        "coordinates": [
          106.7926126,
          10.8938616
        ]
      }
    },
    {
      "type": "Feature",
      "id": "node/12965924820",
      "properties": {
        "name": "Siêu thị GO! Dĩ An",
        "category": "bus_stop",
        "osm_id": "node/12965924820",
        "operator": null,
        "osm_url": "https://www.openstreetmap.org/node/12965924820",
        "data_source": "openstreetmap",
        "verified_official": false,
        "position_type": "osm_recorded",
        "last_checked": "2026-10-09"
      },
      "geometry": {
        "type": "Point",
        "coordinates": [
          106.7755289,
          10.8889044
        ]
      }
    },
    {
      "type": "Feature",
      "id": "node/13095375530",
      "properties": {
        "name": "Đường số 1",
        "category": "bus_stop",
        "osm_id": "node/13095375530",
        "operator": null,
        "osm_url": "https://www.openstreetmap.org/node/13095375530",
        "data_source": "openstreetmap",
        "verified_official": false,
        "position_type": "osm_recorded",
        "last_checked": "2026-10-09"
      },
      "geometry": {
        "type": "Point",
        "coordinates": [
          106.7532067,
          10.7881651
        ]
      }
    },
    {
      "type": "Feature",
      "id": "node/13095375531",
      "properties": {
        "name": "Cầu Giồng Ông Tố 2",
        "category": "bus_stop",
        "osm_id": "node/13095375531",
        "operator": null,
        "osm_url": "https://www.openstreetmap.org/node/13095375531",
        "data_source": "openstreetmap",
        "verified_official": false,
        "position_type": "osm_recorded",
        "last_checked": "2026-10-09"
      },
      "geometry": {
        "type": "Point",
        "coordinates": [
          106.7528623,
          10.7854579
        ]
      }
    },
    {
      "type": "Feature",
      "id": "node/13095375532",
      "properties": {
        "name": "The Sun Avenue SAV6",
        "category": "bus_stop",
        "osm_id": "node/13095375532",
        "operator": null,
        "osm_url": "https://www.openstreetmap.org/node/13095375532",
        "data_source": "openstreetmap",
        "verified_official": false,
        "position_type": "osm_recorded",
        "last_checked": "2026-10-09"
      },
      "geometry": {
        "type": "Point",
        "coordinates": [
          106.7492075,
          10.7851907
        ]
      }
    },
    {
      "type": "Feature",
      "id": "node/13095375533",
      "properties": {
        "name": "The Sun Avenue SAV3",
        "category": "bus_stop",
        "osm_id": "node/13095375533",
        "operator": null,
        "osm_url": "https://www.openstreetmap.org/node/13095375533",
        "data_source": "openstreetmap",
        "verified_official": false,
        "position_type": "osm_recorded",
        "last_checked": "2026-10-09"
      },
      "geometry": {
        "type": "Point",
        "coordinates": [
          106.7471488,
          10.7845472
        ]
      }
    },
    {
      "type": "Feature",
      "id": "node/13095375534",
      "properties": {
        "name": "Ga An Phú",
        "category": "bus_stop",
        "osm_id": "node/13095375534",
        "operator": null,
        "osm_url": "https://www.openstreetmap.org/node/13095375534",
        "data_source": "openstreetmap",
        "verified_official": false,
        "position_type": "osm_recorded",
        "last_checked": "2026-10-09"
      },
      "geometry": {
        "type": "Point",
        "coordinates": [
          106.74162,
          10.8018341
        ]
      }
    },
    {
      "type": "Feature",
      "id": "node/13095375535",
      "properties": {
        "name": "Bến xe buýt dạ cầu Sài Gòn",
        "category": "bus_stop",
        "osm_id": "node/13095375535",
        "operator": null,
        "osm_url": "https://www.openstreetmap.org/node/13095375535",
        "data_source": "openstreetmap",
        "verified_official": false,
        "position_type": "osm_recorded",
        "last_checked": "2026-10-09"
      },
      "geometry": {
        "type": "Point",
        "coordinates": [
          106.7298134,
          10.798384
        ]
      }
    },
    {
      "type": "Feature",
      "id": "node/13095375537",
      "properties": {
        "name": "Điểm dừng xe buýt 13095375537",
        "category": "bus_stop",
        "osm_id": "node/13095375537",
        "operator": null,
        "osm_url": "https://www.openstreetmap.org/node/13095375537",
        "data_source": "openstreetmap",
        "verified_official": false,
        "position_type": "osm_recorded",
        "last_checked": "2026-10-09"
      },
      "geometry": {
        "type": "Point",
        "coordinates": [
          106.7326541,
          10.7983733
        ]
      }
    },
    {
      "type": "Feature",
      "id": "node/13095375538",
      "properties": {
        "name": "Đường số 56",
        "category": "bus_stop",
        "osm_id": "node/13095375538",
        "operator": null,
        "osm_url": "https://www.openstreetmap.org/node/13095375538",
        "data_source": "openstreetmap",
        "verified_official": false,
        "position_type": "osm_recorded",
        "last_checked": "2026-10-09"
      },
      "geometry": {
        "type": "Point",
        "coordinates": [
          106.7471336,
          10.7844668
        ]
      }
    },
    {
      "type": "Feature",
      "id": "node/13095375539",
      "properties": {
        "name": "Đường số 59",
        "category": "bus_stop",
        "osm_id": "node/13095375539",
        "operator": null,
        "osm_url": "https://www.openstreetmap.org/node/13095375539",
        "data_source": "openstreetmap",
        "verified_official": false,
        "position_type": "osm_recorded",
        "last_checked": "2026-10-09"
      },
      "geometry": {
        "type": "Point",
        "coordinates": [
          106.749349,
          10.7851647
        ]
      }
    },
    {
      "type": "Feature",
      "id": "node/13095375540",
      "properties": {
        "name": "Cầu Giồng Ông Tố 2",
        "category": "bus_stop",
        "osm_id": "node/13095375540",
        "operator": null,
        "osm_url": "https://www.openstreetmap.org/node/13095375540",
        "data_source": "openstreetmap",
        "verified_official": false,
        "position_type": "osm_recorded",
        "last_checked": "2026-10-09"
      },
      "geometry": {
        "type": "Point",
        "coordinates": [
          106.7527534,
          10.7852774
        ]
      }
    },
    {
      "type": "Feature",
      "id": "node/13095375541",
      "properties": {
        "name": "Đường số 1",
        "category": "bus_stop",
        "osm_id": "node/13095375541",
        "operator": null,
        "osm_url": "https://www.openstreetmap.org/node/13095375541",
        "data_source": "openstreetmap",
        "verified_official": false,
        "position_type": "osm_recorded",
        "last_checked": "2026-10-09"
      },
      "geometry": {
        "type": "Point",
        "coordinates": [
          106.7532796,
          10.7887959
        ]
      }
    },
    {
      "type": "Feature",
      "id": "node/13095375548",
      "properties": {
        "name": "KTX Khu A ĐHQG",
        "category": "bus_stop",
        "osm_id": "node/13095375548",
        "operator": null,
        "osm_url": "https://www.openstreetmap.org/node/13095375548",
        "data_source": "openstreetmap",
        "verified_official": false,
        "position_type": "osm_recorded",
        "last_checked": "2026-10-09"
      },
      "geometry": {
        "type": "Point",
        "coordinates": [
          106.8058612,
          10.8777851
        ]
      }
    },
    {
      "type": "Feature",
      "id": "node/13121229362",
      "properties": {
        "name": "Chung cư New Sài Gòn",
        "category": "bus_stop",
        "osm_id": "node/13121229362",
        "operator": null,
        "osm_url": "https://www.openstreetmap.org/node/13121229362",
        "data_source": "openstreetmap",
        "verified_official": false,
        "position_type": "osm_recorded",
        "last_checked": "2026-10-09"
      },
      "geometry": {
        "type": "Point",
        "coordinates": [
          106.7001098,
          10.7206544
        ]
      }
    },
    {
      "type": "Feature",
      "id": "node/13121229363",
      "properties": {
        "name": "Trạm xăng",
        "category": "bus_stop",
        "osm_id": "node/13121229363",
        "operator": null,
        "osm_url": "https://www.openstreetmap.org/node/13121229363",
        "data_source": "openstreetmap",
        "verified_official": false,
        "position_type": "osm_recorded",
        "last_checked": "2026-10-09"
      },
      "geometry": {
        "type": "Point",
        "coordinates": [
          106.6989986,
          10.7195884
        ]
      }
    },
    {
      "type": "Feature",
      "id": "node/13121229364",
      "properties": {
        "name": "Mầm non Anh Quốc",
        "category": "bus_stop",
        "osm_id": "node/13121229364",
        "operator": null,
        "osm_url": "https://www.openstreetmap.org/node/13121229364",
        "data_source": "openstreetmap",
        "verified_official": false,
        "position_type": "osm_recorded",
        "last_checked": "2026-10-09"
      },
      "geometry": {
        "type": "Point",
        "coordinates": [
          106.6999318,
          10.7168744
        ]
      }
    },
    {
      "type": "Feature",
      "id": "node/13121229374",
      "properties": {
        "name": "Phạm Hữu Lầu",
        "category": "bus_stop",
        "osm_id": "node/13121229374",
        "operator": null,
        "osm_url": "https://www.openstreetmap.org/node/13121229374",
        "data_source": "openstreetmap",
        "verified_official": false,
        "position_type": "osm_recorded",
        "last_checked": "2026-10-09"
      },
      "geometry": {
        "type": "Point",
        "coordinates": [
          106.7048616,
          10.695023
        ]
      }
    },
    {
      "type": "Feature",
      "id": "node/13121229375",
      "properties": {
        "name": "Mầm non Anh Quốc",
        "category": "bus_stop",
        "osm_id": "node/13121229375",
        "operator": null,
        "osm_url": "https://www.openstreetmap.org/node/13121229375",
        "data_source": "openstreetmap",
        "verified_official": false,
        "position_type": "osm_recorded",
        "last_checked": "2026-10-09"
      },
      "geometry": {
        "type": "Point",
        "coordinates": [
          106.7001552,
          10.716614
        ]
      }
    },
    {
      "type": "Feature",
      "id": "node/13121229376",
      "properties": {
        "name": "Trạm xăng",
        "category": "bus_stop",
        "osm_id": "node/13121229376",
        "operator": null,
        "osm_url": "https://www.openstreetmap.org/node/13121229376",
        "data_source": "openstreetmap",
        "verified_official": false,
        "position_type": "osm_recorded",
        "last_checked": "2026-10-09"
      },
      "geometry": {
        "type": "Point",
        "coordinates": [
          106.6990079,
          10.7199076
        ]
      }
    },
    {
      "type": "Feature",
      "id": "node/13271612090",
      "properties": {
        "name": "Đối diện khu phố Vĩnh Phú - Cổng chào Bình Dương",
        "category": "bus_stop",
        "osm_id": "node/13271612090",
        "operator": null,
        "osm_url": "https://www.openstreetmap.org/node/13271612090",
        "data_source": "openstreetmap",
        "verified_official": false,
        "position_type": "osm_recorded",
        "last_checked": "2026-10-09"
      },
      "geometry": {
        "type": "Point",
        "coordinates": [
          106.7068262,
          10.8706767
        ]
      }
    },
    {
      "type": "Feature",
      "id": "node/13271612092",
      "properties": {
        "name": "LOTTE Mart Bình Dương",
        "category": "bus_stop",
        "osm_id": "node/13271612092",
        "operator": null,
        "osm_url": "https://www.openstreetmap.org/node/13271612092",
        "data_source": "openstreetmap",
        "verified_official": false,
        "position_type": "osm_recorded",
        "last_checked": "2026-10-09"
      },
      "geometry": {
        "type": "Point",
        "coordinates": [
          106.7127803,
          10.9048358
        ]
      }
    },
    {
      "type": "Feature",
      "id": "node/13423562481",
      "properties": {
        "name": "Điểm dừng xe buýt 13423562481",
        "category": "bus_stop",
        "osm_id": "node/13423562481",
        "operator": null,
        "osm_url": "https://www.openstreetmap.org/node/13423562481",
        "data_source": "openstreetmap",
        "verified_official": false,
        "position_type": "osm_recorded",
        "last_checked": "2026-10-09"
      },
      "geometry": {
        "type": "Point",
        "coordinates": [
          106.6995267,
          10.7636562
        ]
      }
    },
    {
      "type": "Feature",
      "id": "node/13423562482",
      "properties": {
        "name": "Điểm dừng xe buýt 13423562482",
        "category": "bus_stop",
        "osm_id": "node/13423562482",
        "operator": null,
        "osm_url": "https://www.openstreetmap.org/node/13423562482",
        "data_source": "openstreetmap",
        "verified_official": false,
        "position_type": "osm_recorded",
        "last_checked": "2026-10-09"
      },
      "geometry": {
        "type": "Point",
        "coordinates": [
          106.7026384,
          10.766244
        ]
      }
    },
    {
      "type": "Feature",
      "id": "node/13423562483",
      "properties": {
        "name": "Điểm dừng xe buýt 13423562483",
        "category": "bus_stop",
        "osm_id": "node/13423562483",
        "operator": null,
        "osm_url": "https://www.openstreetmap.org/node/13423562483",
        "data_source": "openstreetmap",
        "verified_official": false,
        "position_type": "osm_recorded",
        "last_checked": "2026-10-09"
      },
      "geometry": {
        "type": "Point",
        "coordinates": [
          106.7048232,
          10.7678902
        ]
      }
    },
    {
      "type": "Feature",
      "id": "node/13423562484",
      "properties": {
        "name": "Điểm dừng xe buýt 13423562484",
        "category": "bus_stop",
        "osm_id": "node/13423562484",
        "operator": null,
        "osm_url": "https://www.openstreetmap.org/node/13423562484",
        "data_source": "openstreetmap",
        "verified_official": false,
        "position_type": "osm_recorded",
        "last_checked": "2026-10-09"
      },
      "geometry": {
        "type": "Point",
        "coordinates": [
          106.7053936,
          10.7663418
        ]
      }
    },
    {
      "type": "Feature",
      "id": "node/13423562485",
      "properties": {
        "name": "Điểm dừng xe buýt 13423562485",
        "category": "bus_stop",
        "osm_id": "node/13423562485",
        "operator": null,
        "osm_url": "https://www.openstreetmap.org/node/13423562485",
        "data_source": "openstreetmap",
        "verified_official": false,
        "position_type": "osm_recorded",
        "last_checked": "2026-10-09"
      },
      "geometry": {
        "type": "Point",
        "coordinates": [
          106.7048574,
          10.765257
        ]
      }
    },
    {
      "type": "Feature",
      "id": "node/13423562488",
      "properties": {
        "name": "Đầu đường số 9",
        "category": "bus_stop",
        "osm_id": "node/13423562488",
        "operator": null,
        "osm_url": "https://www.openstreetmap.org/node/13423562488",
        "data_source": "openstreetmap",
        "verified_official": false,
        "position_type": "osm_recorded",
        "last_checked": "2026-10-09"
      },
      "geometry": {
        "type": "Point",
        "coordinates": [
          106.7651851,
          10.8918345
        ]
      }
    },
    {
      "type": "Feature",
      "id": "node/13423568901",
      "properties": {
        "name": "Đầu đường số 9",
        "category": "bus_stop",
        "osm_id": "node/13423568901",
        "operator": null,
        "osm_url": "https://www.openstreetmap.org/node/13423568901",
        "data_source": "openstreetmap",
        "verified_official": false,
        "position_type": "osm_recorded",
        "last_checked": "2026-10-09"
      },
      "geometry": {
        "type": "Point",
        "coordinates": [
          106.7648331,
          10.891831
        ]
      }
    },
    {
      "type": "Feature",
      "id": "node/13433629325",
      "properties": {
        "name": "Căn hộ THỦ THIÊM ZEIT",
        "category": "bus_stop",
        "osm_id": "node/13433629325",
        "operator": null,
        "osm_url": "https://www.openstreetmap.org/node/13433629325",
        "data_source": "openstreetmap",
        "verified_official": false,
        "position_type": "osm_recorded",
        "last_checked": "2026-10-09"
      },
      "geometry": {
        "type": "Point",
        "coordinates": [
          106.7205968,
          10.781533
        ]
      }
    },
    {
      "type": "Feature",
      "id": "node/13433629326",
      "properties": {
        "name": "Thủ Thiêm Lakeview 1",
        "category": "bus_stop",
        "osm_id": "node/13433629326",
        "operator": null,
        "osm_url": "https://www.openstreetmap.org/node/13433629326",
        "data_source": "openstreetmap",
        "verified_official": false,
        "position_type": "osm_recorded",
        "last_checked": "2026-10-09"
      },
      "geometry": {
        "type": "Point",
        "coordinates": [
          106.7241784,
          10.7788547
        ]
      }
    },
    {
      "type": "Feature",
      "id": "node/13433629327",
      "properties": {
        "name": "Chung cư La Astoria",
        "category": "bus_stop",
        "osm_id": "node/13433629327",
        "operator": null,
        "osm_url": "https://www.openstreetmap.org/node/13433629327",
        "data_source": "openstreetmap",
        "verified_official": false,
        "position_type": "osm_recorded",
        "last_checked": "2026-10-09"
      },
      "geometry": {
        "type": "Point",
        "coordinates": [
          106.768417,
          10.7883279
        ]
      }
    },
    {
      "type": "Feature",
      "id": "node/13433629331",
      "properties": {
        "name": "Chung cư La Astoria",
        "category": "bus_stop",
        "osm_id": "node/13433629331",
        "operator": null,
        "osm_url": "https://www.openstreetmap.org/node/13433629331",
        "data_source": "openstreetmap",
        "verified_official": false,
        "position_type": "osm_recorded",
        "last_checked": "2026-10-09"
      },
      "geometry": {
        "type": "Point",
        "coordinates": [
          106.7684875,
          10.788434
        ]
      }
    },
    {
      "type": "Feature",
      "id": "node/13433629332",
      "properties": {
        "name": "Thủ Thiêm Lakeview 1",
        "category": "bus_stop",
        "osm_id": "node/13433629332",
        "operator": null,
        "osm_url": "https://www.openstreetmap.org/node/13433629332",
        "data_source": "openstreetmap",
        "verified_official": false,
        "position_type": "osm_recorded",
        "last_checked": "2026-10-09"
      },
      "geometry": {
        "type": "Point",
        "coordinates": [
          106.7250996,
          10.7792424
        ]
      }
    },
    {
      "type": "Feature",
      "id": "node/13433629333",
      "properties": {
        "name": "Căn hộ THỦ THIÊM ZEIT",
        "category": "bus_stop",
        "osm_id": "node/13433629333",
        "operator": null,
        "osm_url": "https://www.openstreetmap.org/node/13433629333",
        "data_source": "openstreetmap",
        "verified_official": false,
        "position_type": "osm_recorded",
        "last_checked": "2026-10-09"
      },
      "geometry": {
        "type": "Point",
        "coordinates": [
          106.720956,
          10.7814667
        ]
      }
    },
    {
      "type": "Feature",
      "id": "node/13433629336",
      "properties": {
        "name": "Đường Xuân Thuỷ",
        "category": "bus_stop",
        "osm_id": "node/13433629336",
        "operator": null,
        "osm_url": "https://www.openstreetmap.org/node/13433629336",
        "data_source": "openstreetmap",
        "verified_official": false,
        "position_type": "osm_recorded",
        "last_checked": "2026-10-09"
      },
      "geometry": {
        "type": "Point",
        "coordinates": [
          106.7375412,
          10.8034834
        ]
      }
    },
    {
      "type": "Feature",
      "id": "node/13433629337",
      "properties": {
        "name": "Đường Xuân Thuỷ",
        "category": "bus_stop",
        "osm_id": "node/13433629337",
        "operator": null,
        "osm_url": "https://www.openstreetmap.org/node/13433629337",
        "data_source": "openstreetmap",
        "verified_official": false,
        "position_type": "osm_recorded",
        "last_checked": "2026-10-09"
      },
      "geometry": {
        "type": "Point",
        "coordinates": [
          106.7379999,
          10.802835
        ]
      }
    },
    {
      "type": "Feature",
      "id": "node/13437835106",
      "properties": {
        "name": "Trước UBND Xã Phước Lộc",
        "category": "bus_stop",
        "osm_id": "node/13437835106",
        "operator": null,
        "osm_url": "https://www.openstreetmap.org/node/13437835106",
        "data_source": "openstreetmap",
        "verified_official": false,
        "position_type": "osm_recorded",
        "last_checked": "2026-10-09"
      },
      "geometry": {
        "type": "Point",
        "coordinates": [
          106.6860542,
          10.6996025
        ]
      }
    },
    {
      "type": "Feature",
      "id": "node/13587058801",
      "properties": {
        "name": "Mexbus Ho Chi Minh City Disctrict 1",
        "category": "bus_stop",
        "osm_id": "node/13587058801",
        "operator": null,
        "osm_url": "https://www.openstreetmap.org/node/13587058801",
        "data_source": "openstreetmap",
        "verified_official": false,
        "position_type": "osm_recorded",
        "last_checked": "2026-10-09"
      },
      "geometry": {
        "type": "Point",
        "coordinates": [
          106.6950209,
          10.7630713
        ]
      }
    },
    {
      "type": "Feature",
      "id": "node/13619847101",
      "properties": {
        "name": "Điểm đầu cuối Nguyễn Siêu",
        "category": "bus_stop",
        "osm_id": "node/13619847101",
        "operator": null,
        "osm_url": "https://www.openstreetmap.org/node/13619847101",
        "data_source": "openstreetmap",
        "verified_official": false,
        "position_type": "osm_recorded",
        "last_checked": "2026-10-09"
      },
      "geometry": {
        "type": "Point",
        "coordinates": [
          106.706441,
          10.7799853
        ]
      }
    },
    {
      "type": "Feature",
      "id": "node/13619847102",
      "properties": {
        "name": "Ngô Văn Năm",
        "category": "bus_stop",
        "osm_id": "node/13619847102",
        "operator": null,
        "osm_url": "https://www.openstreetmap.org/node/13619847102",
        "data_source": "openstreetmap",
        "verified_official": false,
        "position_type": "osm_recorded",
        "last_checked": "2026-10-09"
      },
      "geometry": {
        "type": "Point",
        "coordinates": [
          106.707644,
          10.7798383
        ]
      }
    },
    {
      "type": "Feature",
      "id": "node/13622927391",
      "properties": {
        "name": "Cầu Kỳ Hà",
        "category": "bus_stop",
        "osm_id": "node/13622927391",
        "operator": null,
        "osm_url": "https://www.openstreetmap.org/node/13622927391",
        "data_source": "openstreetmap",
        "verified_official": false,
        "position_type": "osm_recorded",
        "last_checked": "2026-10-09"
      },
      "geometry": {
        "type": "Point",
        "coordinates": [
          106.7758192,
          10.7696771
        ]
      }
    },
    {
      "type": "Feature",
      "id": "node/13625136112",
      "properties": {
        "name": "Bến xe buýt Khu A",
        "category": "bus_stop",
        "osm_id": "node/13625136112",
        "operator": null,
        "osm_url": "https://www.openstreetmap.org/node/13625136112",
        "data_source": "openstreetmap",
        "verified_official": false,
        "position_type": "osm_recorded",
        "last_checked": "2026-10-09"
      },
      "geometry": {
        "type": "Point",
        "coordinates": [
          106.8076377,
          10.8760037
        ]
      }
    },
    {
      "type": "Feature",
      "id": "node/13625136113",
      "properties": {
        "name": "Tòa AH4- KTX Khu A",
        "category": "bus_stop",
        "osm_id": "node/13625136113",
        "operator": null,
        "osm_url": "https://www.openstreetmap.org/node/13625136113",
        "data_source": "openstreetmap",
        "verified_official": false,
        "position_type": "osm_recorded",
        "last_checked": "2026-10-09"
      },
      "geometry": {
        "type": "Point",
        "coordinates": [
          106.810797,
          10.8807194
        ]
      }
    },
    {
      "type": "Feature",
      "id": "node/13625136114",
      "properties": {
        "name": "Tòa AH4- KTX Khu A",
        "category": "bus_stop",
        "osm_id": "node/13625136114",
        "operator": null,
        "osm_url": "https://www.openstreetmap.org/node/13625136114",
        "data_source": "openstreetmap",
        "verified_official": false,
        "position_type": "osm_recorded",
        "last_checked": "2026-10-09"
      },
      "geometry": {
        "type": "Point",
        "coordinates": [
          106.8106757,
          10.8808181
        ]
      }
    },
    {
      "type": "Feature",
      "id": "node/13625136115",
      "properties": {
        "name": "Bến xe buýt Khu A",
        "category": "bus_stop",
        "osm_id": "node/13625136115",
        "operator": null,
        "osm_url": "https://www.openstreetmap.org/node/13625136115",
        "data_source": "openstreetmap",
        "verified_official": false,
        "position_type": "osm_recorded",
        "last_checked": "2026-10-09"
      },
      "geometry": {
        "type": "Point",
        "coordinates": [
          106.8075095,
          10.8761658
        ]
      }
    },
    {
      "type": "Feature",
      "id": "node/13626706000",
      "properties": {
        "name": "Kamza - Gò Đậu -> Cổng chào Bình Dương",
        "category": "bus_stop",
        "osm_id": "node/13626706000",
        "operator": null,
        "osm_url": "https://www.openstreetmap.org/node/13626706000",
        "data_source": "openstreetmap",
        "verified_official": false,
        "position_type": "osm_recorded",
        "last_checked": "2026-10-09"
      },
      "geometry": {
        "type": "Point",
        "coordinates": [
          106.6986361,
          10.8804289
        ]
      }
    },
    {
      "type": "Feature",
      "id": "node/13652515071",
      "properties": {
        "name": "Cây xăng Hoàng Minh",
        "category": "bus_stop",
        "osm_id": "node/13652515071",
        "operator": null,
        "osm_url": "https://www.openstreetmap.org/node/13652515071",
        "data_source": "openstreetmap",
        "verified_official": false,
        "position_type": "osm_recorded",
        "last_checked": "2026-10-09"
      },
      "geometry": {
        "type": "Point",
        "coordinates": [
          106.6917175,
          10.9262867
        ]
      }
    },
    {
      "type": "Feature",
      "id": "node/13652515072",
      "properties": {
        "name": "Đường Cây me",
        "category": "bus_stop",
        "osm_id": "node/13652515072",
        "operator": null,
        "osm_url": "https://www.openstreetmap.org/node/13652515072",
        "data_source": "openstreetmap",
        "verified_official": false,
        "position_type": "osm_recorded",
        "last_checked": "2026-10-09"
      },
      "geometry": {
        "type": "Point",
        "coordinates": [
          106.6924758,
          10.9242421
        ]
      }
    },
    {
      "type": "Feature",
      "id": "node/13652515073",
      "properties": {
        "name": "Đền thờ Bình Nhâm",
        "category": "bus_stop",
        "osm_id": "node/13652515073",
        "operator": null,
        "osm_url": "https://www.openstreetmap.org/node/13652515073",
        "data_source": "openstreetmap",
        "verified_official": false,
        "position_type": "osm_recorded",
        "last_checked": "2026-10-09"
      },
      "geometry": {
        "type": "Point",
        "coordinates": [
          106.6939635,
          10.9198356
        ]
      }
    },
    {
      "type": "Feature",
      "id": "node/13652515074",
      "properties": {
        "name": "Trang trí Nội Thất Tiến Thành",
        "category": "bus_stop",
        "osm_id": "node/13652515074",
        "operator": null,
        "osm_url": "https://www.openstreetmap.org/node/13652515074",
        "data_source": "openstreetmap",
        "verified_official": false,
        "position_type": "osm_recorded",
        "last_checked": "2026-10-09"
      },
      "geometry": {
        "type": "Point",
        "coordinates": [
          106.6946287,
          10.9173408
        ]
      }
    },
    {
      "type": "Feature",
      "id": "node/13652515075",
      "properties": {
        "name": "Trường Chính Trị",
        "category": "bus_stop",
        "osm_id": "node/13652515075",
        "operator": null,
        "osm_url": "https://www.openstreetmap.org/node/13652515075",
        "data_source": "openstreetmap",
        "verified_official": false,
        "position_type": "osm_recorded",
        "last_checked": "2026-10-09"
      },
      "geometry": {
        "type": "Point",
        "coordinates": [
          106.6960064,
          10.9152697
        ]
      }
    },
    {
      "type": "Feature",
      "id": "node/13652515076",
      "properties": {
        "name": "Cửa hàng VLXD phú Châu",
        "category": "bus_stop",
        "osm_id": "node/13652515076",
        "operator": null,
        "osm_url": "https://www.openstreetmap.org/node/13652515076",
        "data_source": "openstreetmap",
        "verified_official": false,
        "position_type": "osm_recorded",
        "last_checked": "2026-10-09"
      },
      "geometry": {
        "type": "Point",
        "coordinates": [
          106.6968,
          10.9144415
        ]
      }
    },
    {
      "type": "Feature",
      "id": "node/13652515077",
      "properties": {
        "name": "Phòng Quản lý đô thị thị xã Thuận An",
        "category": "bus_stop",
        "osm_id": "node/13652515077",
        "operator": null,
        "osm_url": "https://www.openstreetmap.org/node/13652515077",
        "data_source": "openstreetmap",
        "verified_official": false,
        "position_type": "osm_recorded",
        "last_checked": "2026-10-09"
      },
      "geometry": {
        "type": "Point",
        "coordinates": [
          106.7002834,
          10.9114979
        ]
      }
    },
    {
      "type": "Feature",
      "id": "node/13652515078",
      "properties": {
        "name": "Ngân hàng ACB",
        "category": "bus_stop",
        "osm_id": "node/13652515078",
        "operator": null,
        "osm_url": "https://www.openstreetmap.org/node/13652515078",
        "data_source": "openstreetmap",
        "verified_official": false,
        "position_type": "osm_recorded",
        "last_checked": "2026-10-09"
      },
      "geometry": {
        "type": "Point",
        "coordinates": [
          106.7008323,
          10.907281
        ]
      }
    },
    {
      "type": "Feature",
      "id": "node/13652515079",
      "properties": {
        "name": "UBND phường Lái Thiêu",
        "category": "bus_stop",
        "osm_id": "node/13652515079",
        "operator": null,
        "osm_url": "https://www.openstreetmap.org/node/13652515079",
        "data_source": "openstreetmap",
        "verified_official": false,
        "position_type": "osm_recorded",
        "last_checked": "2026-10-09"
      },
      "geometry": {
        "type": "Point",
        "coordinates": [
          106.7000179,
          10.9051702
        ]
      }
    },
    {
      "type": "Feature",
      "id": "node/13652515080",
      "properties": {
        "name": "Chợ Lái Thiêu",
        "category": "bus_stop",
        "osm_id": "node/13652515080",
        "operator": null,
        "osm_url": "https://www.openstreetmap.org/node/13652515080",
        "data_source": "openstreetmap",
        "verified_official": false,
        "position_type": "osm_recorded",
        "last_checked": "2026-10-09"
      },
      "geometry": {
        "type": "Point",
        "coordinates": [
          106.7009897,
          10.9031718
        ]
      }
    },
    {
      "type": "Feature",
      "id": "node/13652515081",
      "properties": {
        "name": "Quầy thuốc tây Lam Kiều",
        "category": "bus_stop",
        "osm_id": "node/13652515081",
        "operator": null,
        "osm_url": "https://www.openstreetmap.org/node/13652515081",
        "data_source": "openstreetmap",
        "verified_official": false,
        "position_type": "osm_recorded",
        "last_checked": "2026-10-09"
      },
      "geometry": {
        "type": "Point",
        "coordinates": [
          106.7041801,
          10.9023532
        ]
      }
    },
    {
      "type": "Feature",
      "id": "node/13652515082",
      "properties": {
        "name": "Nhà thuốc Phát Đạt - Đường Nguyễn Trãi đi cầu Ông Bố",
        "category": "bus_stop",
        "osm_id": "node/13652515082",
        "operator": null,
        "osm_url": "https://www.openstreetmap.org/node/13652515082",
        "data_source": "openstreetmap",
        "verified_official": false,
        "position_type": "osm_recorded",
        "last_checked": "2026-10-09"
      },
      "geometry": {
        "type": "Point",
        "coordinates": [
          106.7099482,
          10.9013427
        ]
      }
    },
    {
      "type": "Feature",
      "id": "node/13652515083",
      "properties": {
        "name": "Cửa hàng Hoàng Gia Lâm",
        "category": "bus_stop",
        "osm_id": "node/13652515083",
        "operator": null,
        "osm_url": "https://www.openstreetmap.org/node/13652515083",
        "data_source": "openstreetmap",
        "verified_official": false,
        "position_type": "osm_recorded",
        "last_checked": "2026-10-09"
      },
      "geometry": {
        "type": "Point",
        "coordinates": [
          106.7107085,
          10.899952
        ]
      }
    },
    {
      "type": "Feature",
      "id": "node/13652515084",
      "properties": {
        "name": "Đối diện Gỗ Vạn Tiến Phúc",
        "category": "bus_stop",
        "osm_id": "node/13652515084",
        "operator": null,
        "osm_url": "https://www.openstreetmap.org/node/13652515084",
        "data_source": "openstreetmap",
        "verified_official": false,
        "position_type": "osm_recorded",
        "last_checked": "2026-10-09"
      },
      "geometry": {
        "type": "Point",
        "coordinates": [
          106.7074721,
          10.8958688
        ]
      }
    },
    {
      "type": "Feature",
      "id": "node/13652515085",
      "properties": {
        "name": "Kế tạp hóa Hải Dương",
        "category": "bus_stop",
        "osm_id": "node/13652515085",
        "operator": null,
        "osm_url": "https://www.openstreetmap.org/node/13652515085",
        "data_source": "openstreetmap",
        "verified_official": false,
        "position_type": "osm_recorded",
        "last_checked": "2026-10-09"
      },
      "geometry": {
        "type": "Point",
        "coordinates": [
          106.7024202,
          10.8900959
        ]
      }
    },
    {
      "type": "Feature",
      "id": "node/13652515086",
      "properties": {
        "name": "Kế sắt thép Phú Cường",
        "category": "bus_stop",
        "osm_id": "node/13652515086",
        "operator": null,
        "osm_url": "https://www.openstreetmap.org/node/13652515086",
        "data_source": "openstreetmap",
        "verified_official": false,
        "position_type": "osm_recorded",
        "last_checked": "2026-10-09"
      },
      "geometry": {
        "type": "Point",
        "coordinates": [
          106.6989626,
          10.8853018
        ]
      }
    },
    {
      "type": "Feature",
      "id": "node/13652515087",
      "properties": {
        "name": "Đối diện Vạn Lộc Phát Palace",
        "category": "bus_stop",
        "osm_id": "node/13652515087",
        "operator": null,
        "osm_url": "https://www.openstreetmap.org/node/13652515087",
        "data_source": "openstreetmap",
        "verified_official": false,
        "position_type": "osm_recorded",
        "last_checked": "2026-10-09"
      },
      "geometry": {
        "type": "Point",
        "coordinates": [
          106.7019461,
          10.8743795
        ]
      }
    },
    {
      "type": "Feature",
      "id": "node/13652515088",
      "properties": {
        "name": "INOX Sao Phương Nam",
        "category": "bus_stop",
        "osm_id": "node/13652515088",
        "operator": null,
        "osm_url": "https://www.openstreetmap.org/node/13652515088",
        "data_source": "openstreetmap",
        "verified_official": false,
        "position_type": "osm_recorded",
        "last_checked": "2026-10-09"
      },
      "geometry": {
        "type": "Point",
        "coordinates": [
          106.6992045,
          10.8795331
        ]
      }
    },
    {
      "type": "Feature",
      "id": "node/13652515089",
      "properties": {
        "name": "Gốm sứ Minh Sang",
        "category": "bus_stop",
        "osm_id": "node/13652515089",
        "operator": null,
        "osm_url": "https://www.openstreetmap.org/node/13652515089",
        "data_source": "openstreetmap",
        "verified_official": false,
        "position_type": "osm_recorded",
        "last_checked": "2026-10-09"
      },
      "geometry": {
        "type": "Point",
        "coordinates": [
          106.6988048,
          10.8845055
        ]
      }
    },
    {
      "type": "Feature",
      "id": "node/13652515090",
      "properties": {
        "name": "Đối diện Công ty Việt Nhật",
        "category": "bus_stop",
        "osm_id": "node/13652515090",
        "operator": null,
        "osm_url": "https://www.openstreetmap.org/node/13652515090",
        "data_source": "openstreetmap",
        "verified_official": false,
        "position_type": "osm_recorded",
        "last_checked": "2026-10-09"
      },
      "geometry": {
        "type": "Point",
        "coordinates": [
          106.702207,
          10.8895464
        ]
      }
    },
    {
      "type": "Feature",
      "id": "node/13652515091",
      "properties": {
        "name": "VLXD Quốc tế HUIZHAN",
        "category": "bus_stop",
        "osm_id": "node/13652515091",
        "operator": null,
        "osm_url": "https://www.openstreetmap.org/node/13652515091",
        "data_source": "openstreetmap",
        "verified_official": false,
        "position_type": "osm_recorded",
        "last_checked": "2026-10-09"
      },
      "geometry": {
        "type": "Point",
        "coordinates": [
          106.7069391,
          10.8948561
        ]
      }
    },
    {
      "type": "Feature",
      "id": "node/13652515092",
      "properties": {
        "name": "VLXD Hùng Cường",
        "category": "bus_stop",
        "osm_id": "node/13652515092",
        "operator": null,
        "osm_url": "https://www.openstreetmap.org/node/13652515092",
        "data_source": "openstreetmap",
        "verified_official": false,
        "position_type": "osm_recorded",
        "last_checked": "2026-10-09"
      },
      "geometry": {
        "type": "Point",
        "coordinates": [
          106.7108487,
          10.8996841
        ]
      }
    },
    {
      "type": "Feature",
      "id": "node/13652515093",
      "properties": {
        "name": "Vị trí cách trạm thu phí 50m - Hướng Nguyễn Trãi đi chợ lái Thiêu",
        "category": "bus_stop",
        "osm_id": "node/13652515093",
        "operator": null,
        "osm_url": "https://www.openstreetmap.org/node/13652515093",
        "data_source": "openstreetmap",
        "verified_official": false,
        "position_type": "osm_recorded",
        "last_checked": "2026-10-09"
      },
      "geometry": {
        "type": "Point",
        "coordinates": [
          106.7107631,
          10.9013671
        ]
      }
    },
    {
      "type": "Feature",
      "id": "node/13652515094",
      "properties": {
        "name": "Phòng Quản lý đô thị Thuận An - Nguyễn Trãi về lái Thiêu HTT260 Cái Hộp thông tin mê ca úa màu Phò",
        "category": "bus_stop",
        "osm_id": "node/13652515094",
        "operator": null,
        "osm_url": "https://www.openstreetmap.org/node/13652515094",
        "data_source": "openstreetmap",
        "verified_official": false,
        "position_type": "osm_recorded",
        "last_checked": "2026-10-09"
      },
      "geometry": {
        "type": "Point",
        "coordinates": [
          106.7050277,
          10.9023471
        ]
      }
    },
    {
      "type": "Feature",
      "id": "node/13652515095",
      "properties": {
        "name": "UBND phường Lái Thiêu",
        "category": "bus_stop",
        "osm_id": "node/13652515095",
        "operator": null,
        "osm_url": "https://www.openstreetmap.org/node/13652515095",
        "data_source": "openstreetmap",
        "verified_official": false,
        "position_type": "osm_recorded",
        "last_checked": "2026-10-09"
      },
      "geometry": {
        "type": "Point",
        "coordinates": [
          106.7002782,
          10.9043509
        ]
      }
    },
    {
      "type": "Feature",
      "id": "node/13652515096",
      "properties": {
        "name": "Ngân hàng ACB - Bến xe BD đi Lái Thiêu",
        "category": "bus_stop",
        "osm_id": "node/13652515096",
        "operator": null,
        "osm_url": "https://www.openstreetmap.org/node/13652515096",
        "data_source": "openstreetmap",
        "verified_official": false,
        "position_type": "osm_recorded",
        "last_checked": "2026-10-09"
      },
      "geometry": {
        "type": "Point",
        "coordinates": [
          106.7009853,
          10.9074148
        ]
      }
    },
    {
      "type": "Feature",
      "id": "node/13652515097",
      "properties": {
        "name": "Nhà sách Nguyễn Văn Cừ - Hường bến xe BD đi lái Thiêu",
        "category": "bus_stop",
        "osm_id": "node/13652515097",
        "operator": null,
        "osm_url": "https://www.openstreetmap.org/node/13652515097",
        "data_source": "openstreetmap",
        "verified_official": false,
        "position_type": "osm_recorded",
        "last_checked": "2026-10-09"
      },
      "geometry": {
        "type": "Point",
        "coordinates": [
          106.7011237,
          10.9089872
        ]
      }
    },
    {
      "type": "Feature",
      "id": "node/13652515098",
      "properties": {
        "name": "Nhà thờ Lái Thiêu",
        "category": "bus_stop",
        "osm_id": "node/13652515098",
        "operator": null,
        "osm_url": "https://www.openstreetmap.org/node/13652515098",
        "data_source": "openstreetmap",
        "verified_official": false,
        "position_type": "osm_recorded",
        "last_checked": "2026-10-09"
      },
      "geometry": {
        "type": "Point",
        "coordinates": [
          106.7004246,
          10.9114788
        ]
      }
    },
    {
      "type": "Feature",
      "id": "node/13652515099",
      "properties": {
        "name": "Cửa hàng ĐTDĐ Thành Hải",
        "category": "bus_stop",
        "osm_id": "node/13652515099",
        "operator": null,
        "osm_url": "https://www.openstreetmap.org/node/13652515099",
        "data_source": "openstreetmap",
        "verified_official": false,
        "position_type": "osm_recorded",
        "last_checked": "2026-10-09"
      },
      "geometry": {
        "type": "Point",
        "coordinates": [
          106.6969153,
          10.9144609
        ]
      }
    },
    {
      "type": "Feature",
      "id": "node/13652515100",
      "properties": {
        "name": "Phòng chuẩn trị YHCT Hồng Ân Đường",
        "category": "bus_stop",
        "osm_id": "node/13652515100",
        "operator": null,
        "osm_url": "https://www.openstreetmap.org/node/13652515100",
        "data_source": "openstreetmap",
        "verified_official": false,
        "position_type": "osm_recorded",
        "last_checked": "2026-10-09"
      },
      "geometry": {
        "type": "Point",
        "coordinates": [
          106.6941188,
          10.919716
        ]
      }
    },
    {
      "type": "Feature",
      "id": "node/13652544901",
      "properties": {
        "name": "Công ty TNHH sản xuất Hùng Thái",
        "category": "bus_stop",
        "osm_id": "node/13652544901",
        "operator": null,
        "osm_url": "https://www.openstreetmap.org/node/13652544901",
        "data_source": "openstreetmap",
        "verified_official": false,
        "position_type": "osm_recorded",
        "last_checked": "2026-10-09"
      },
      "geometry": {
        "type": "Point",
        "coordinates": [
          106.6923273,
          10.9249065
        ]
      }
    },
    {
      "type": "Feature",
      "id": "node/13652544902",
      "properties": {
        "name": "2/16H - Chiều bến xe BD đi lái Thiêu",
        "category": "bus_stop",
        "osm_id": "node/13652544902",
        "operator": null,
        "osm_url": "https://www.openstreetmap.org/node/13652544902",
        "data_source": "openstreetmap",
        "verified_official": false,
        "position_type": "osm_recorded",
        "last_checked": "2026-10-09"
      },
      "geometry": {
        "type": "Point",
        "coordinates": [
          106.6915798,
          10.9270231
        ]
      }
    },
    {
      "type": "Feature",
      "id": "node/13653915921",
      "properties": {
        "name": "Chung cư Nguyễn Thái Bình",
        "category": "bus_stop",
        "osm_id": "node/13653915921",
        "operator": null,
        "osm_url": "https://www.openstreetmap.org/node/13653915921",
        "data_source": "openstreetmap",
        "verified_official": false,
        "position_type": "osm_recorded",
        "last_checked": "2026-10-09"
      },
      "geometry": {
        "type": "Point",
        "coordinates": [
          106.7004139,
          10.7698311
        ]
      }
    },
    {
      "type": "Feature",
      "id": "node/13654284936",
      "properties": {
        "name": "Đường Ngô Y Linh",
        "category": "bus_stop",
        "osm_id": "node/13654284936",
        "operator": null,
        "osm_url": "https://www.openstreetmap.org/node/13654284936",
        "data_source": "openstreetmap",
        "verified_official": false,
        "position_type": "osm_recorded",
        "last_checked": "2026-10-09"
      },
      "geometry": {
        "type": "Point",
        "coordinates": [
          106.6208613,
          10.7323168
        ]
      }
    },
    {
      "type": "Feature",
      "id": "node/13654284969",
      "properties": {
        "name": "Công viên Bình Khánh",
        "category": "bus_stop",
        "osm_id": "node/13654284969",
        "operator": null,
        "osm_url": "https://www.openstreetmap.org/node/13654284969",
        "data_source": "openstreetmap",
        "verified_official": false,
        "position_type": "osm_recorded",
        "last_checked": "2026-10-09"
      },
      "geometry": {
        "type": "Point",
        "coordinates": [
          106.7358482,
          10.7830892
        ]
      }
    },
    {
      "type": "Feature",
      "id": "node/13654284981",
      "properties": {
        "name": "Trường Đại học Công nghệ thông tin – ĐHQG TPHCM",
        "category": "bus_stop",
        "osm_id": "node/13654284981",
        "operator": null,
        "osm_url": "https://www.openstreetmap.org/node/13654284981",
        "data_source": "openstreetmap",
        "verified_official": false,
        "position_type": "osm_recorded",
        "last_checked": "2026-10-09"
      },
      "geometry": {
        "type": "Point",
        "coordinates": [
          106.8017928,
          10.8702426
        ]
      }
    },
    {
      "type": "Feature",
      "id": "node/13654284982",
      "properties": {
        "name": "Trung tâm Giáo dục Quốc phòng và An ninh (cổng Nguyễn Du)",
        "category": "bus_stop",
        "osm_id": "node/13654284982",
        "operator": null,
        "osm_url": "https://www.openstreetmap.org/node/13654284982",
        "data_source": "openstreetmap",
        "verified_official": false,
        "position_type": "osm_recorded",
        "last_checked": "2026-10-09"
      },
      "geometry": {
        "type": "Point",
        "coordinates": [
          106.8047648,
          10.8874761
        ]
      }
    },
    {
      "type": "Feature",
      "id": "node/13654284983",
      "properties": {
        "name": "Trung Tâm Đào tạo lái xe Đồng An",
        "category": "bus_stop",
        "osm_id": "node/13654284983",
        "operator": null,
        "osm_url": "https://www.openstreetmap.org/node/13654284983",
        "data_source": "openstreetmap",
        "verified_official": false,
        "position_type": "osm_recorded",
        "last_checked": "2026-10-09"
      },
      "geometry": {
        "type": "Point",
        "coordinates": [
          106.8055307,
          10.8893454
        ]
      }
    },
    {
      "type": "Feature",
      "id": "node/13654284984",
      "properties": {
        "name": "Khu dân cư Bình Nguyên",
        "category": "bus_stop",
        "osm_id": "node/13654284984",
        "operator": null,
        "osm_url": "https://www.openstreetmap.org/node/13654284984",
        "data_source": "openstreetmap",
        "verified_official": false,
        "position_type": "osm_recorded",
        "last_checked": "2026-10-09"
      },
      "geometry": {
        "type": "Point",
        "coordinates": [
          106.8006062,
          10.8915932
        ]
      }
    },
    {
      "type": "Feature",
      "id": "node/13654284985",
      "properties": {
        "name": "Trường Đại học Kinh tế - Luật",
        "category": "bus_stop",
        "osm_id": "node/13654284985",
        "operator": null,
        "osm_url": "https://www.openstreetmap.org/node/13654284985",
        "data_source": "openstreetmap",
        "verified_official": false,
        "position_type": "osm_recorded",
        "last_checked": "2026-10-09"
      },
      "geometry": {
        "type": "Point",
        "coordinates": [
          106.7794295,
          10.8726066
        ]
      }
    },
    {
      "type": "Feature",
      "id": "node/13654284987",
      "properties": {
        "name": "Trường Đại học Kinh tế - Luật",
        "category": "bus_stop",
        "osm_id": "node/13654284987",
        "operator": null,
        "osm_url": "https://www.openstreetmap.org/node/13654284987",
        "data_source": "openstreetmap",
        "verified_official": false,
        "position_type": "osm_recorded",
        "last_checked": "2026-10-09"
      },
      "geometry": {
        "type": "Point",
        "coordinates": [
          106.7797718,
          10.8723788
        ]
      }
    },
    {
      "type": "Feature",
      "id": "node/13654284988",
      "properties": {
        "name": "Khu dân cư Bình Nguyên",
        "category": "bus_stop",
        "osm_id": "node/13654284988",
        "operator": null,
        "osm_url": "https://www.openstreetmap.org/node/13654284988",
        "data_source": "openstreetmap",
        "verified_official": false,
        "position_type": "osm_recorded",
        "last_checked": "2026-10-09"
      },
      "geometry": {
        "type": "Point",
        "coordinates": [
          106.8016839,
          10.8911691
        ]
      }
    },
    {
      "type": "Feature",
      "id": "node/13654284989",
      "properties": {
        "name": "Trung Tâm Đào tạo lái xe Đồng An",
        "category": "bus_stop",
        "osm_id": "node/13654284989",
        "operator": null,
        "osm_url": "https://www.openstreetmap.org/node/13654284989",
        "data_source": "openstreetmap",
        "verified_official": false,
        "position_type": "osm_recorded",
        "last_checked": "2026-10-09"
      },
      "geometry": {
        "type": "Point",
        "coordinates": [
          106.8051791,
          10.8895928
        ]
      }
    },
    {
      "type": "Feature",
      "id": "node/13654284990",
      "properties": {
        "name": "Trung tâm Giáo dục Quốc phòng và An ninh (cổng Nguyễn Du)",
        "category": "bus_stop",
        "osm_id": "node/13654284990",
        "operator": null,
        "osm_url": "https://www.openstreetmap.org/node/13654284990",
        "data_source": "openstreetmap",
        "verified_official": false,
        "position_type": "osm_recorded",
        "last_checked": "2026-10-09"
      },
      "geometry": {
        "type": "Point",
        "coordinates": [
          106.8046887,
          10.887642
        ]
      }
    },
    {
      "type": "Feature",
      "id": "node/13654284995",
      "properties": {
        "name": "Đối diện khu phố Vĩnh Phú - Cổng chào Bình Dương",
        "category": "bus_stop",
        "osm_id": "node/13654284995",
        "operator": null,
        "osm_url": "https://www.openstreetmap.org/node/13654284995",
        "data_source": "openstreetmap",
        "verified_official": false,
        "position_type": "osm_recorded",
        "last_checked": "2026-10-09"
      },
      "geometry": {
        "type": "Point",
        "coordinates": [
          106.7068616,
          10.8708669
        ]
      }
    }
  ]
}